cat_periodo,id,codigo_unico,mrun,gen_alu,fec_nac_alu,rango_edad,anio_ing_carr_ori,sem_ing_carr_ori,anio_ing_carr_act,sem_ing_carr_act,tipo_inst_1,tipo_inst_2,tipo_inst_3,cod_inst,nomb_inst,cod_sede,nomb_sede,cod_carrera,nomb_carrera,modalidad,jornada,version,tipo_plan_carr,dur_estudio_carr,dur_proceso_tit,dur_total_carr,region_sede,provincia_sede,comuna_sede,nivel_global,nivel_carrera_1,nivel_carrera_2,requisito_ingreso,vigencia_carrera,formato_valores,valor_matricula,valor_arancel,codigo_demre,area_conocimiento,cine_f_97_area_area,cine_f_97_subarea,area_carrera_generica,cine_f_13_area,cine_f_13_subarea,acreditada_carr,acreditada_inst,acre_inst_desde_hasta,acre_inst_anio,costo_proceso_titulacion,costo_obtencion_titulo_diploma,forma_ingreso
2021,1066238,I218S1C10J1V2,11892004.0,2,200201,15 a 19 años,2021,2,2021,2,Centros de Formación Técnica,Centros de Formación Técnica,Centros de Formación Técnica,218,CFT DE ENAC,1,CASA CENTRAL (SANTIAGO),10,TECNICO EN ENFERMERIA,Presencial,Diurna,2,Plan Regular,5,0,5,Metropolitana,SANTIAGO,SANTIAGO,Pregrado,Técnico de Nivel Superior,Carreras Técnicas,Educación Media,VIGENTE CON ALUMNOS NUEVOS,,0,1845000,0.0,Salud,Salud y Servicios Sociales,Medicina,Técnico en Enfermería,Salud y Bienestar,Salud,NO ACREDITADA,ACREDITADA,25/10/2016 - 25/10/2022,6.0,120000,0,1
2021,1071376,I218S1C23J1V2,5115880.0,2,200002,20 a 24 años,2020,1,2020,1,Centros de Formación Técnica,Centros de Formación Técnica,Centros de Formación Técnica,218,CFT DE ENAC,1,CASA CENTRAL (SANTIAGO),23,TECNICO EN EDUCACION PARVULOS 1 Y 2 BASICO,Presencial,Diurna,2,Plan Regular,5,0,5,Metropolitana,SANTIAGO,SANTIAGO,Pregrado,Técnico de Nivel Superior,Carreras Técnicas,Educación Media,VIGENTE CON ALUMNOS NUEVOS,,0,1430000,0.0,Educación,Educación,Formación de Personal Docente y Ciencias de la Educación,Técnico Asistente del Educador de Párvulos,Educación,Educación,ACREDITADA,ACREDITADA,25/10/2016 - 25/10/2022,6.0,120000,0,1
2021,1024915,I144S1C46J1V1,10462958.0,1,199812,20 a 24 años,2019,1,2019,1,Institutos Profesionales,Institutos Profesionales,Institutos Profesionales,144,IP ARCOS,1,CASA CENTRAL (SANTIAGO),46,COMPOSICION MUSICAL,Presencial,Diurna,1,Plan Regular,8,0,8,Metropolitana,SANTIAGO,SANTIAGO,Pregrado,Profesional Sin Licenciatura,Carreras Profesionales,Educación Media,VIGENTE CON ALUMNOS NUEVOS,,180000,2862400,0.0,Arte y Arquitectura,Humanidades y Artes,Artes,"Música, Canto o Danza",Artes y Humanidades,Artes,SIN INFORMACIÓN,ACREDITADA,02/12/2016 - 02/12/2020,4.0,0,0,1
2021,746757,I108S1C3J2V1,18167571.0,2,197002,40 y más años,2020,1,2020,1,Institutos Profesionales,Institutos Profesionales,Institutos Profesionales,108,IP CHILENO BRITANICO DE CULTURA,1,CASA CENTRAL (SANTIAGO),3,TRADUCCION INGLES-ESPAÑOL,Presencial,Vespertina,1,Plan Regular,6,1,7,Metropolitana,SANTIAGO,SANTIAGO,Pregrado,Técnico de Nivel Superior,Carreras Técnicas,Educación Media,VIGENTE CON ALUMNOS NUEVOS,,160000,1770000,0.0,Humanidades,Humanidades y Artes,Humanidades,Técnico en Traducción e Interpretariado,Artes y Humanidades,Idiomas,SIN INFORMACIÓN,NO ACREDITADA,,,615000,0,1
2021,1118845,I312S1C89J4V1,5274527.0,1,198007,40 y más años,2020,2,2020,2,Centros de Formación Técnica,Centros de Formación Técnica,Centros de Formación Técnica,312,CFT CENCO,1,CASA CENTRAL (SANTIAGO),89,TECNICO DE NIVEL SUPERIOR EN TRABAJO SOCIAL,No Presencial,A Distancia,1,Plan Regular,4,1,5,Metropolitana,SANTIAGO,SANTIAGO,Pregrado,Técnico de Nivel Superior,Carreras Técnicas,Educación Media,VIGENTE CON ALUMNOS NUEVOS,,40000,750000,0.0,Ciencias Sociales,Salud y Servicios Sociales,Servicios Sociales,Técnico en Servicio Social,Salud y Bienestar,Bienestar,NO ACREDITADA,NO ACREDITADA,,,300000,0,1
2021,1117774,I312S1C82J4V2,13009293.0,2,196705,40 y más años,2021,1,2021,1,Centros de Formación Técnica,Centros de Formación Técnica,Centros de Formación Técnica,312,CFT CENCO,1,CASA CENTRAL (SANTIAGO),82,TECNICO DE NIVEL SUPERIOR EN ADMINISTRACION PUBLICA,No Presencial,A Distancia,2,Plan Especial,4,1,4,Metropolitana,SANTIAGO,SANTIAGO,Pregrado,Técnico de Nivel Superior,Carreras Técnicas,Educación Media,VIGENTE CON ALUMNOS NUEVOS,,40000,500000,0.0,Ciencias Sociales,"Ciencias Sociales, Enseñanza Comercial y Derecho",Enseñanza Comercial y Administración,Técnico en Administración Pública o Municipal,Administración de Empresas y Derecho,Educación Comercial y Administración,NO ACREDITADA,NO ACREDITADA,,,150000,0,1
2021,1064969,I214S1C33J1V2,5799773.0,2,196607,40 y más años,2018,1,2018,1,Centros de Formación Técnica,Centros de Formación Técnica,Centros de Formación Técnica,214,CFT INSTITUTO CENTRAL DE CAPACITACION EDUCACIONAL ICCE,1,CASA CENTRAL (SANTIAGO),33,TECNICO EN ENFERMERIA,Presencial,Diurna,2,Plan Especial,3,1,3,Metropolitana,SANTIAGO,SANTIAGO,Pregrado,Técnico de Nivel Superior,Carreras Técnicas,Educación Media,VIGENTE CON ALUMNOS NUEVOS,,50000,828000,0.0,Salud,Salud y Servicios Sociales,Medicina,Técnico en Enfermería,Salud y Bienestar,Salud,NO ACREDITADA,NO ACREDITADA,,,400000,0,1
2021,1064044,I214S1C19J4V1,10189688.0,2,200005,20 a 24 años,2021,1,2021,1,Centros de Formación Técnica,Centros de Formación Técnica,Centros de Formación Técnica,214,CFT INSTITUTO CENTRAL DE CAPACITACION EDUCACIONAL ICCE,1,CASA CENTRAL (SANTIAGO),19,TECNICO EN EDUCACION DE PARVULOS,No Presencial,A Distancia,1,Plan Regular,5,1,5,Metropolitana,SANTIAGO,SANTIAGO,Pregrado,Técnico de Nivel Superior,Carreras Técnicas,Educación Media,VIGENTE CON ALUMNOS NUEVOS,,50000,1116000,0.0,Educación,Educación,Formación de Personal Docente y Ciencias de la Educación,Técnico Asistente del Educador de Párvulos,Educación,Educación,NO ACREDITADA,NO ACREDITADA,,,400000,0,1
2021,1193590,I701S0C2J3V1,15007207.0,2,199906,20 a 24 años,2021,1,2021,1,Centros de Formación Técnica,Centros de Formación Técnica,Centros de Formación Técnica,701,CFT MANPOWER,0,CASA CENTRAL (SANTIAGO),2,ASISTENTE EJECUTIVO BILINGÜE,Semipresencial,Semipresencial,1,Plan Regular,5,1,6,Metropolitana,SANTIAGO,SANTIAGO,Pregrado,Técnico de Nivel Superior,Carreras Técnicas,Educación Media,VIGENTE CON ALUMNOS NUEVOS,,112000,1790000,0.0,Administración y Comercio,"Ciencias Sociales, Enseñanza Comercial y Derecho",Enseñanza Comercial y Administración,Secretariado Bilingüe,Administración de Empresas y Derecho,Educación Comercial y Administración,NO ACREDITADA,ACREDITADA,16/05/2018 - 16/05/2021,3.0,165000,0,1
2021,864127,I116S31C196J1V1,9546593.0,2,198202,35 a 39 años,2021,1,2021,1,Institutos Profesionales,Institutos Profesionales,Institutos Profesionales,116,IP SANTO TOMAS,31,SEDE SANTIAGO,196,PSICOPEDAGOGIA,Presencial,Diurna,1,Plan Regular,8,0,8,Metropolitana,SANTIAGO,SANTIAGO,Pregrado,Profesional Sin Licenciatura,Carreras Profesionales,Educación Media,VIGENTE CON ALUMNOS NUEVOS,,89000,1697000,0.0,Educación,Educación,Formación de Personal Docente y Ciencias de la Educación,Psicopedagogía,Educación,Educación,NO ACREDITADA,ACREDITADA,20/01/2021 - 20/01/2026,5.0,0,0,1
2021,1086271,I260S21C79J1V1,3514984.0,2,199309,25 a 29 años,2019,1,2019,1,Centros de Formación Técnica,Centros de Formación Técnica,Centros de Formación Técnica,260,CFT SANTO TOMAS,21,SEDE SANTIAGO,79,TECNICO EN EDUCACION ESPECIAL,Presencial,Diurna,1,Plan Regular,5,0,5,Metropolitana,SANTIAGO,SANTIAGO,Pregrado,Técnico de Nivel Superior,Carreras Técnicas,Educación Media,VIGENTE CON ALUMNOS NUEVOS,,64000,1472000,0.0,Educación,Educación,Formación de Personal Docente y Ciencias de la Educación,Técnico Asistente del Educador Diferencial,Educación,Educación,ACREDITADA,ACREDITADA,20/12/2019 - 20/12/2024,5.0,0,0,1
2021,1086281,I260S21C79J1V1,6286906.0,2,200006,20 a 24 años,2019,1,2019,1,Centros de Formación Técnica,Centros de Formación Técnica,Centros de Formación Técnica,260,CFT SANTO TOMAS,21,SEDE SANTIAGO,79,TECNICO EN EDUCACION ESPECIAL,Presencial,Diurna,1,Plan Regular,5,0,5,Metropolitana,SANTIAGO,SANTIAGO,Pregrado,Técnico de Nivel Superior,Carreras Técnicas,Educación Media,VIGENTE CON ALUMNOS NUEVOS,,64000,1472000,0.0,Educación,Educación,Formación de Personal Docente y Ciencias de la Educación,Técnico Asistente del Educador Diferencial,Educación,Educación,ACREDITADA,ACREDITADA,20/12/2019 - 20/12/2024,5.0,0,0,1
2021,1085538,I260S21C47J1V1,12265238.0,2,199709,20 a 24 años,2019,1,2019,1,Centros de Formación Técnica,Centros de Formación Técnica,Centros de Formación Técnica,260,CFT SANTO TOMAS,21,SEDE SANTIAGO,47,TECNICO EN ENFERMERIA,Presencial,Diurna,1,Plan Regular,5,0,5,Metropolitana,SANTIAGO,SANTIAGO,Pregrado,Técnico de Nivel Superior,Carreras Técnicas,Educación Media,VIGENTE CON ALUMNOS NUEVOS,,64000,1897000,0.0,Salud,Salud y Servicios Sociales,Medicina,Técnico en Enfermería,Salud y Bienestar,Salud,ACREDITADA,ACREDITADA,20/12/2019 - 20/12/2024,5.0,0,0,1
2021,1085183,I260S21C43J1V1,11443408.0,2,200002,20 a 24 años,2020,1,2020,1,Centros de Formación Técnica,Centros de Formación Técnica,Centros de Formación Técnica,260,CFT SANTO TOMAS,21,SEDE SANTIAGO,43,TECNICO AGRICOLA,Presencial,Diurna,1,Plan Regular,5,0,5,Metropolitana,SANTIAGO,SANTIAGO,Pregrado,Técnico de Nivel Superior,Carreras Técnicas,Educación Media,VIGENTE CON ALUMNOS NUEVOS,,64000,1806000,0.0,Agropecuaria,Agricultura,"Agricultura, Silvicultura y Pesca",Técnico Agropecuario,"Agricultura, Silvicultura, Pesca y Veterinaria",Agricultura,NO ACREDITADA,ACREDITADA,20/12/2019 - 20/12/2024,5.0,0,0,1
2021,1081481,I260S21C100J1V1,801114.0,2,199503,25 a 29 años,2021,1,2021,1,Centros de Formación Técnica,Centros de Formación Técnica,Centros de Formación Técnica,260,CFT SANTO TOMAS,21,SEDE SANTIAGO,100,TECNICO JURIDICO,Presencial,Diurna,1,Plan Regular,5,0,5,Metropolitana,SANTIAGO,SANTIAGO,Pregrado,Técnico de Nivel Superior,Carreras Técnicas,Educación Media,VIGENTE CON ALUMNOS NUEVOS,,64000,1315000,0.0,Derecho,"Ciencias Sociales, Enseñanza Comercial y Derecho",Derecho,Técnico Jurídico,Administración de Empresas y Derecho,Derecho,NO ACREDITADA,ACREDITADA,20/12/2019 - 20/12/2024,5.0,0,0,1
2021,1042097,I152S10C394J2V1,11580247.0,1,199401,25 a 29 años,2021,1,2021,1,Institutos Profesionales,Institutos Profesionales,Institutos Profesionales,152,IP LATINOAMERICANO DE COMERCIO EXTERIOR - IPLACEX,10,SEDE SANTIAGO,394,GASTRONOMIA INTERNACIONAL Y CULTURAL,Presencial,Vespertina,1,Plan Regular,4,0,4,Metropolitana,SANTIAGO,SANTIAGO,Pregrado,Técnico de Nivel Superior,Carreras Técnicas,Educación Media,VIGENTE CON ALUMNOS NUEVOS,,100870,1253000,0.0,Administración y Comercio,Servicios,Servicios Personales,Técnico en Gastronomía y Cocina,Servicios,Servicios personales,NO ACREDITADA,ACREDITADA,13/12/2017 - 13/13/2020,3.0,174000,0,1
2021,1040981,I152S10C372J4V1,1711502.0,1,198307,35 a 39 años,2021,1,2021,1,Institutos Profesionales,Institutos Profesionales,Institutos Profesionales,152,IP LATINOAMERICANO DE COMERCIO EXTERIOR - IPLACEX,10,SEDE SANTIAGO,372,TECNICO EN INSTRUMENTACION Y CONTROL INDUSTRIAL,No Presencial,A Distancia,1,Plan Regular,4,0,4,Metropolitana,SANTIAGO,SANTIAGO,Pregrado,Técnico de Nivel Superior,Carreras Técnicas,Educación Media,VIGENTE CON ALUMNOS NUEVOS,,94100,1552000,0.0,Tecnología,"Ingeniería, Industria y Construcción",Ingeniería y Profesiones Afines,"Técnico en Instrumentación, Automatización y Control Industrial","Ingeniería, Industria y Construcción",Ingeniería y Profesiones Afines,NO ACREDITADA,ACREDITADA,13/12/2017 - 13/13/2020,3.0,174000,0,1
2021,1041625,I152S10C389J4V1,16752852.0,2,199504,25 a 29 años,2021,1,2021,1,Institutos Profesionales,Institutos Profesionales,Institutos Profesionales,152,IP LATINOAMERICANO DE COMERCIO EXTERIOR - IPLACEX,10,SEDE SANTIAGO,389,"TECNICO EN PREVENCION, TRATAMIENTO Y REHABILITACION DE SUSTANCIAS",No Presencial,A Distancia,1,Plan Regular,4,0,4,Metropolitana,SANTIAGO,SANTIAGO,Pregrado,Técnico de Nivel Superior,Carreras Técnicas,Educación Media,VIGENTE CON ALUMNOS NUEVOS,,94100,1366000,0.0,Ciencias Sociales,Salud y Servicios Sociales,Servicios Sociales,Técnico en Prevención y Rehabilitación,Salud y Bienestar,Bienestar,NO ACREDITADA,ACREDITADA,13/12/2017 - 13/13/2020,3.0,174000,0,1
2021,1035446,I152S10C319J4V3,15578483.0,1,198008,40 y más años,2021,1,2021,1,Institutos Profesionales,Institutos Profesionales,Institutos Profesionales,152,IP LATINOAMERICANO DE COMERCIO EXTERIOR - IPLACEX,10,SEDE SANTIAGO,319,"INGENIERIA EN PREVENCION DE RIESGOS, CALIDAD Y MEDIO AMBIENTE",No Presencial,A Distancia,3,Plan Regular,8,0,8,Metropolitana,SANTIAGO,SANTIAGO,Pregrado,Profesional Sin Licenciatura,Carreras Profesionales,Educación Media,VIGENTE CON ALUMNOS NUEVOS,,106800,1515209,0.0,Tecnología,Servicios,Servicios de Seguridad,Ingeniería en Prevención de Riesgos,Servicios,Servicios de Higiene y Salud Ocupacional,ACREDITADA,ACREDITADA,13/12/2017 - 13/13/2020,3.0,174000,0,1
2021,1030982,I152S10C274J4V5,12791112.0,2,197503,40 y más años,2019,2,2019,2,Institutos Profesionales,Institutos Profesionales,Institutos Profesionales,152,IP LATINOAMERICANO DE COMERCIO EXTERIOR - IPLACEX,10,SEDE SANTIAGO,274,ADMINISTRACION PUBLICA,No Presencial,A Distancia,5,Plan Regular,8,0,8,Metropolitana,SANTIAGO,SANTIAGO,Pregrado,Profesional Sin Licenciatura,Carreras Profesionales,Educación Media,VIGENTE CON ALUMNOS NUEVOS,,106800,1559000,0.0,Ciencias Sociales,"Ciencias Sociales, Enseñanza Comercial y Derecho",Enseñanza Comercial y Administración,Administración Pública,Administración de Empresas y Derecho,Educación Comercial y Administración,ACREDITADA,ACREDITADA,13/12/2017 - 13/13/2020,3.0,174000,0,1
2021,1038310,I152S10C325J4V2,2550230.0,1,198708,30 a 34 años,2020,1,2020,1,Institutos Profesionales,Institutos Profesionales,Institutos Profesionales,152,IP LATINOAMERICANO DE COMERCIO EXTERIOR - IPLACEX,10,SEDE SANTIAGO,325,INGENIERIA EN ADMINISTRACION MENCION SEGURIDAD PRIVADA,No Presencial,A Distancia,2,Plan Regular,8,0,8,Metropolitana,SANTIAGO,SANTIAGO,Pregrado,Profesional Sin Licenciatura,Carreras Profesionales,Educación Media,VIGENTE CON ALUMNOS NUEVOS,,106800,1515000,0.0,Administración y Comercio,Servicios,Servicios de Seguridad,Ingeniería en Seguridad Privada,Servicios,Servicios de Seguridad,NO ACREDITADA,ACREDITADA,13/12/2017 - 13/13/2020,3.0,174000,0,1
2021,1037207,I152S10C325J4V2,3664387.0,1,199107,25 a 29 años,2019,1,2019,1,Institutos Profesionales,Institutos Profesionales,Institutos Profesionales,152,IP LATINOAMERICANO DE COMERCIO EXTERIOR - IPLACEX,10,SEDE SANTIAGO,325,INGENIERIA EN ADMINISTRACION MENCION SEGURIDAD PRIVADA,No Presencial,A Distancia,2,Plan Regular,8,0,8,Metropolitana,SANTIAGO,SANTIAGO,Pregrado,Profesional Sin Licenciatura,Carreras Profesionales,Educación Media,VIGENTE CON ALUMNOS NUEVOS,,106800,1515000,0.0,Administración y Comercio,Servicios,Servicios de Seguridad,Ingeniería en Seguridad Privada,Servicios,Servicios de Seguridad,NO ACREDITADA,ACREDITADA,13/12/2017 - 13/13/2020,3.0,174000,0,1
2021,114245,I19S4C144J5V1,11266465.0,2,198405,35 a 39 años,2016,2,2016,2,Universidades,Universidades Privadas,Universidades Privadas,19,UNIVERSIDAD DE LAS AMERICAS,4,CAMPUS SANTIAGO CENTRO,144,PEDAGOGIA EN EDUCACION BASICA,Presencial,Otra,1,Plan Regular,9,0,9,Metropolitana,SANTIAGO,SANTIAGO,Pregrado,Profesional Con Licenciatura,Carreras Profesionales,Educación Media,VIGENTE SIN ALUMNOS NUEVOS,,160000,2668000,0.0,Educación,Educación,Formación de Personal Docente y Ciencias de la Educación,Pedagogía en Educación Básica,Educación,Educación,ACREDITADA,ACREDITADA,17/03/2019 - 17/03/2023,4.0,142345,0,1
2021,100496,I17S1C250J1V1,19101769.0,2,199707,20 a 24 años,2017,1,2017,1,Universidades,Universidades Privadas,Universidades Privadas,17,UNIVERSIDAD SEK,1,SEDE SANTIAGO CENTRO,250,OBSTETRICIA Y NEONATOLOGIA,Presencial,Diurna,1,Plan Regular,10,0,10,Metropolitana,SANTIAGO,SANTIAGO,Pregrado,Profesional Con Licenciatura,Carreras Profesionales,Educación Media,VIGENTE CON ALUMNOS NUEVOS,,240000,3625000,0.0,Salud,Salud y Servicios Sociales,Medicina,Obstetricia y Puericultura,Salud y Bienestar,Salud,NO ACREDITADA,NO ACREDITADA,,,0,0,1
2021,1136008,I430S15C144J1V1,15180877.0,2,199104,30 a 34 años,2020,1,2020,1,Centros de Formación Técnica,Centros de Formación Técnica,Centros de Formación Técnica,430,CFT INACAP,15,SEDE SANTIAGO CENTRO,144,TECNICO EN FARMACIA,Presencial,Diurna,1,Plan Regular,5,0,5,Metropolitana,SANTIAGO,SANTIAGO,Pregrado,Técnico de Nivel Superior,Carreras Técnicas,Educación Media,VIGENTE CON ALUMNOS NUEVOS,,260000,1828000,0.0,Salud,Salud y Servicios Sociales,Medicina,Técnico en Farmacia,Salud y Bienestar,Salud,SIN INFORMACIÓN,ACREDITADA,05/01/2018 - 05/01/2025,7.0,0,0,1
2021,1136065,I430S15C144J2V1,18755310.0,2,199508,25 a 29 años,2020,1,2020,1,Centros de Formación Técnica,Centros de Formación Técnica,Centros de Formación Técnica,430,CFT INACAP,15,SEDE SANTIAGO CENTRO,144,TECNICO EN FARMACIA,Presencial,Vespertina,1,Plan Regular,5,0,5,Metropolitana,SANTIAGO,SANTIAGO,Pregrado,Técnico de Nivel Superior,Carreras Técnicas,Educación Media,VIGENTE CON ALUMNOS NUEVOS,,260000,1828000,0.0,Salud,Salud y Servicios Sociales,Medicina,Técnico en Farmacia,Salud y Bienestar,Salud,SIN INFORMACIÓN,ACREDITADA,05/01/2018 - 05/01/2025,7.0,0,0,1
2021,1138109,I430S15C42J1V3,3400419.0,1,200007,20 a 24 años,2021,1,2021,1,Centros de Formación Técnica,Centros de Formación Técnica,Centros de Formación Técnica,430,CFT INACAP,15,SEDE SANTIAGO CENTRO,42,ANALISTA PROGRAMADOR,Presencial,Diurna,3,Plan Regular,4,0,4,Metropolitana,SANTIAGO,SANTIAGO,Pregrado,Técnico de Nivel Superior,Carreras Técnicas,Educación Media,VIGENTE CON ALUMNOS NUEVOS,,260000,2244000,0.0,Tecnología,Ciencias,Informática,Técnico en Computación e Informática,Tecnología de la Información y la Comunicación (TIC),Tecnología de la Información y la Comunicación (TIC),SIN INFORMACIÓN,ACREDITADA,05/01/2018 - 05/01/2025,7.0,36000,0,1
2021,790816,I111S22C443J1V1,3036497.0,2,200108,15 a 19 años,2020,1,2020,1,Institutos Profesionales,Institutos Profesionales,Institutos Profesionales,111,IP DUOC UC,22,SEDE PADRE ALONSO DE OVALLE,443,TURISMO Y HOTELERIA,Presencial,Diurna,1,Plan Regular,8,1,8,Metropolitana,SANTIAGO,SANTIAGO,Pregrado,Profesional Sin Licenciatura,Carreras Profesionales,Educación Media,VIGENTE CON ALUMNOS NUEVOS,,254000,2860000,0.0,Administración y Comercio,Servicios,Servicios Personales,Administración Turística y Hotelera,Servicios,Servicios personales,NO ACREDITADA,ACREDITADA,26/08/2017 - 26/08/2024,7.0,30000,0,1
2021,946918,I143S15C251J1V1,10943062.0,2,200112,15 a 19 años,2020,1,2020,1,Institutos Profesionales,Institutos Profesionales,Institutos Profesionales,143,IP AIEP,15,SEDE BARRIO UNIVERSITARIO,251,ESTETICA PROFESIONAL,Presencial,Diurna,1,Plan Regular,8,1,8,Metropolitana,SANTIAGO,SANTIAGO,Pregrado,Profesional Sin Licenciatura,Carreras Profesionales,Educación Media,VIGENTE CON ALUMNOS NUEVOS,,190000,2580000,0.0,Arte y Arquitectura,Servicios,Servicios Personales,Otros Profesionales de Arte y Arquitectura,Servicios,Servicios personales,NO ACREDITADA,ACREDITADA,22/10/2017 - 22/10/2022,5.0,190000,0,1
2021,948963,I143S15C36J1V1,851581.0,2,199912,20 a 24 años,2018,1,2018,1,Institutos Profesionales,Institutos Profesionales,Institutos Profesionales,143,IP AIEP,15,SEDE BARRIO UNIVERSITARIO,36,TECNICO EN ENFERMERIA MENCION EN GINECOBSTETRICIA,Presencial,Diurna,1,Plan Regular,5,1,5,Metropolitana,SANTIAGO,SANTIAGO,Pregrado,Técnico de Nivel Superior,Carreras Técnicas,Educación Media,VIGENTE CON ALUMNOS NUEVOS,,190000,2260000,0.0,Salud,Salud y Servicios Sociales,Medicina,Técnico en Enfermería,Salud y Bienestar,Salud,NO ACREDITADA,ACREDITADA,22/10/2017 - 22/10/2022,5.0,791172,0,1
2021,976796,I143S26C251J1V1,1377791.0,2,200008,20 a 24 años,2021,1,2021,1,Institutos Profesionales,Institutos Profesionales,Institutos Profesionales,143,IP AIEP,26,SEDE BELLAVISTA,251,ESTETICA PROFESIONAL,Presencial,Diurna,1,Plan Regular,8,1,8,Metropolitana,SANTIAGO,SANTIAGO,Pregrado,Profesional Sin Licenciatura,Carreras Profesionales,Educación Media,VIGENTE CON ALUMNOS NUEVOS,,190000,2580000,0.0,Arte y Arquitectura,Servicios,Servicios Personales,Otros Profesionales de Arte y Arquitectura,Servicios,Servicios personales,NO ACREDITADA,ACREDITADA,22/10/2017 - 22/10/2022,5.0,190000,0,1
2021,1012999,I143S7C23J2V2,15728442.0,1,199409,25 a 29 años,2019,1,2019,1,Institutos Profesionales,Institutos Profesionales,Institutos Profesionales,143,IP AIEP,7,SEDE PROVIDENCIA,23,CONSTRUCCION CIVIL,Presencial,Vespertina,2,Plan Regular,8,1,8,Metropolitana,SANTIAGO,PROVIDENCIA,Pregrado,Profesional Sin Licenciatura,Carreras Profesionales,Educación Media,VIGENTE CON ALUMNOS NUEVOS,,190000,2050000,0.0,Tecnología,"Ingeniería, Industria y Construcción",Arquitectura y Construcción,Construcción Civil,"Ingeniería, Industria y Construcción",Arquitectura y Construcción,NO ACREDITADA,ACREDITADA,22/10/2017 - 22/10/2022,5.0,190000,0,1
2021,996650,I143S29C34J2V2,5161095.0,2,199212,25 a 29 años,2021,1,2021,1,Institutos Profesionales,Institutos Profesionales,Institutos Profesionales,143,IP AIEP,29,SEDE MAIPU,34,TECNICO EN ENFERMERIA,Presencial,Vespertina,2,Plan Regular,5,1,5,Metropolitana,SANTIAGO,MAIPU,Pregrado,Técnico de Nivel Superior,Carreras Técnicas,Educación Media,VIGENTE CON ALUMNOS NUEVOS,,190000,2260000,0.0,Salud,Salud y Servicios Sociales,Medicina,Técnico en Enfermería,Salud y Bienestar,Salud,NO ACREDITADA,ACREDITADA,22/10/2017 - 22/10/2022,5.0,791172,0,1
2021,742624,I106S6C287J4V2,16030223.0,1,197009,40 y más años,2021,1,2021,1,Institutos Profesionales,Institutos Profesionales,Institutos Profesionales,106,IP PROVIDENCIA,6,SEDE VICUÑA MACKENNA (SANTIAGO VICUÑA MACKENNA 380),287,INGENIERIA EN ADMINISTRACION PUBLICA Y MUNICIPAL,No Presencial,A Distancia,2,Plan Regular,8,1,8,Metropolitana,SANTIAGO,PROVIDENCIA,Pregrado,Profesional Sin Licenciatura,Carreras Profesionales,Educación Media,VIGENTE CON ALUMNOS NUEVOS,,130000,1320078,0.0,Ciencias Sociales,"Ciencias Sociales, Enseñanza Comercial y Derecho",Enseñanza Comercial y Administración,Ingeniería en Gestión Pública,Administración de Empresas y Derecho,Educación Comercial y Administración,NO ACREDITADA,NO ACREDITADA,,,340000,0,1
2021,1194458,I730S1C1J1V1,5134273.0,1,199705,20 a 24 años,2021,1,2021,1,Centros de Formación Técnica,Centros de Formación Técnica,Centros de Formación Técnica,730,CFT ESCUELA CULINARIA FRANCESA,1,CASA CENTRAL (LAS CONDES),1,DIPLOME SUPERIEUR ECOLE CULINAIRE FRANCAISE,Presencial,Diurna,1,Plan Regular,4,0,4,Metropolitana,SANTIAGO,LAS CONDES,Pregrado,Técnico de Nivel Superior,Carreras Técnicas,Educación Media,VIGENTE CON ALUMNOS NUEVOS,,540000,5020000,0.0,Administración y Comercio,Servicios,Servicios Personales,Técnico en Gastronomía y Cocina,Servicios,Servicios personales,NO ACREDITADA,NO ACREDITADA,,,250000,0,1
2021,108821,I19S2C132J5V1,5068605.0,2,198102,40 y más años,2018,1,2018,1,Universidades,Universidades Privadas,Universidades Privadas,19,UNIVERSIDAD DE LAS AMERICAS,2,CAMPUS LA FLORIDA,132,INGENIERIA COMERCIAL,Presencial,Otra,1,Plan Regular,10,0,10,Metropolitana,SANTIAGO,LA FLORIDA,Pregrado,Profesional Con Licenciatura,Carreras Profesionales,Educación Media,VIGENTE CON ALUMNOS NUEVOS,,170000,3900000,0.0,Administración y Comercio,"Ciencias Sociales, Enseñanza Comercial y Derecho",Enseñanza Comercial y Administración,Ingeniería Comercial,Administración de Empresas y Derecho,Educación Comercial y Administración,NO ACREDITADA,ACREDITADA,17/03/2019 - 17/03/2023,4.0,142345,0,1
2021,1110312,I260S50C108J1V1,7638202.0,1,200107,15 a 19 años,2021,1,2021,1,Centros de Formación Técnica,Centros de Formación Técnica,Centros de Formación Técnica,260,CFT SANTO TOMAS,50,SEDE SAN JOAQUIN,108,PREPARADOR FISICO,Presencial,Diurna,1,Plan Regular,5,0,5,Metropolitana,SANTIAGO,SAN JOAQUIN,Pregrado,Técnico de Nivel Superior,Carreras Técnicas,Educación Media,VIGENTE CON ALUMNOS NUEVOS,,64000,1752000,0.0,Educación,Servicios,Servicios Personales,"Técnico en Deporte, Recreación y Preparación Física",Servicios,Servicios personales,NO ACREDITADA,ACREDITADA,20/12/2019 - 20/12/2024,5.0,0,0,1
2021,697217,I100S20C126J2V1,12531629.0,1,198810,30 a 34 años,2017,1,2017,1,Institutos Profesionales,Institutos Profesionales,Institutos Profesionales,100,IP INACAP,20,SEDE RENCA,126,INGENIERIA EN MINAS,Presencial,Vespertina,1,Plan Regular,8,0,8,Metropolitana,SANTIAGO,RENCA,Pregrado,Profesional Sin Licenciatura,Carreras Profesionales,Educación Media,VIGENTE CON ALUMNOS NUEVOS,,260000,2170000,0.0,Tecnología,"Ingeniería, Industria y Construcción",Industria y Producción,Ingeniería en Minas,"Ingeniería, Industria y Construcción",Industria y Producción,SIN INFORMACIÓN,ACREDITADA,11/12/2016 - 11/12/2022,6.0,36000,0,1
2021,1131694,I430S10C78J1V1,4252156.0,1,199906,20 a 24 años,2018,1,2018,1,Centros de Formación Técnica,Centros de Formación Técnica,Centros de Formación Técnica,430,CFT INACAP,10,SEDE RENCA,78,ELECTRICIDAD INDUSTRIAL MENCION INSTALACIONES ELECTRICAS,Presencial,Diurna,1,Plan Regular,5,0,5,Metropolitana,SANTIAGO,RENCA,Pregrado,Técnico de Nivel Superior,Carreras Técnicas,Educación Media,VIGENTE CON ALUMNOS NUEVOS,,260000,2266000,0.0,Tecnología,"Ingeniería, Industria y Construcción",Ingeniería y Profesiones Afines,Técnico en Electricidad y Electricidad Industrial,"Ingeniería, Industria y Construcción",Ingeniería y Profesiones Afines,SIN INFORMACIÓN,ACREDITADA,05/01/2018 - 05/01/2025,7.0,36000,0,1
2021,1134672,I430S14C131J1V1,19753228.0,2,200204,15 a 19 años,2020,1,2020,1,Centros de Formación Técnica,Centros de Formación Técnica,Centros de Formación Técnica,430,CFT INACAP,14,SEDE APOQUINDO,131,GASTRONOMIA INTERNACIONAL,Presencial,Diurna,1,Plan Regular,4,0,4,Metropolitana,SANTIAGO,LAS CONDES,Pregrado,Técnico de Nivel Superior,Carreras Técnicas,Educación Media,VIGENTE CON ALUMNOS NUEVOS,,260000,2972000,0.0,Administración y Comercio,Servicios,Servicios Personales,Técnico en Gastronomía y Cocina,Servicios,Servicios personales,SIN INFORMACIÓN,ACREDITADA,05/01/2018 - 05/01/2025,7.0,36000,0,1
2021,1163247,I430S36C201J2V1,881402.0,2,199610,20 a 24 años,2020,1,2020,1,Centros de Formación Técnica,Centros de Formación Técnica,Centros de Formación Técnica,430,CFT INACAP,36,SEDE SANTIAGO SUR (MACUL),201,ADMINISTRACION DE EMPRESAS,Presencial,Vespertina,1,Plan Regular,4,0,4,Metropolitana,SANTIAGO,MACUL,Pregrado,Técnico de Nivel Superior,Carreras Técnicas,Educación Media,VIGENTE CON ALUMNOS NUEVOS,,260000,2188000,0.0,Administración y Comercio,"Ciencias Sociales, Enseñanza Comercial y Derecho",Enseñanza Comercial y Administración,Técnico en Administración de Empresas,Administración de Empresas y Derecho,Educación Comercial y Administración,SIN INFORMACIÓN,ACREDITADA,05/01/2018 - 05/01/2025,7.0,36000,0,1
2021,995635,I143S29C100J1V1,3617356.0,2,200103,20 a 24 años,2021,1,2021,1,Institutos Profesionales,Institutos Profesionales,Institutos Profesionales,143,IP AIEP,29,SEDE MAIPU,100,PSICOPEDAGOGIA,Presencial,Diurna,1,Plan Regular,8,1,8,Metropolitana,SANTIAGO,MAIPU,Pregrado,Profesional Sin Licenciatura,Carreras Profesionales,Educación Media,VIGENTE CON ALUMNOS NUEVOS,,190000,1780000,0.0,Educación,Educación,Formación de Personal Docente y Ciencias de la Educación,Psicopedagogía,Educación,Educación,NO ACREDITADA,ACREDITADA,22/10/2017 - 22/10/2022,5.0,190000,0,1
2021,995553,I143S28C9J4V1,376886.0,2,197312,40 y más años,2019,1,2019,1,Institutos Profesionales,Institutos Profesionales,Institutos Profesionales,143,IP AIEP,28,CAMPUS VIRTUAL SANTIAGO NORTE,9,CONTABILIDAD GENERAL,No Presencial,A Distancia,1,Plan Regular,5,1,5,Metropolitana,SANTIAGO,CONCHALI,Pregrado,Técnico de Nivel Superior,Carreras Técnicas,Educación Media,VIGENTE CON ALUMNOS NUEVOS,,190000,1740000,0.0,Administración y Comercio,"Ciencias Sociales, Enseñanza Comercial y Derecho",Enseñanza Comercial y Administración,Técnico en Contabilidad General,Administración de Empresas y Derecho,Educación Comercial y Administración,NO ACREDITADA,ACREDITADA,22/10/2017 - 22/10/2022,5.0,607712,0,1
2021,832674,I111S6C107J1V1,1907490.0,2,199812,20 a 24 años,2021,1,2021,1,Institutos Profesionales,Institutos Profesionales,Institutos Profesionales,111,IP DUOC UC,6,SEDE SAN CARLOS DE APOQUINDO,107,TECNICO EN ODONTOLOGIA,Presencial,Diurna,1,Plan Regular,5,1,5,Metropolitana,SANTIAGO,LAS CONDES,Pregrado,Técnico de Nivel Superior,Carreras Técnicas,Educación Media,VIGENTE CON ALUMNOS NUEVOS,,194000,2100000,0.0,Salud,Salud y Servicios Sociales,Medicina,Técnico Dental y Asistente de Odontología,Salud y Bienestar,Salud,ACREDITADA,ACREDITADA,26/08/2017 - 26/08/2024,7.0,25000,0,1
2021,837326,I111S6C85J1V1,4909314.0,2,200104,20 a 24 años,2020,1,2020,1,Institutos Profesionales,Institutos Profesionales,Institutos Profesionales,111,IP DUOC UC,6,SEDE SAN CARLOS DE APOQUINDO,85,TECNICO DE ENFERMERIA,Presencial,Diurna,1,Plan Regular,5,1,5,Metropolitana,SANTIAGO,LAS CONDES,Pregrado,Técnico de Nivel Superior,Carreras Técnicas,Educación Media,VIGENTE CON ALUMNOS NUEVOS,,194000,2110000,0.0,Salud,Salud y Servicios Sociales,Medicina,Técnico en Enfermería,Salud y Bienestar,Salud,ACREDITADA,ACREDITADA,26/08/2017 - 26/08/2024,7.0,25000,0,1
2021,747258,I111S10C204J2V1,18721569.0,2,199702,20 a 24 años,2021,1,2021,1,Institutos Profesionales,Institutos Profesionales,Institutos Profesionales,111,IP DUOC UC,10,SEDE PLAZA OESTE,204,CONTABILIDAD GENERAL MENCION LEGISLACION TRIBUTARIA PEV,Semipresencial,Vespertina,1,Plan Regular,5,1,5,Metropolitana,SANTIAGO,CERRILLOS,Pregrado,Técnico de Nivel Superior,Carreras Técnicas,Educación Media,VIGENTE CON ALUMNOS NUEVOS,,194000,2020000,0.0,Administración y Comercio,"Ciencias Sociales, Enseñanza Comercial y Derecho",Enseñanza Comercial y Administración,Técnico en Contabilidad General,Administración de Empresas y Derecho,Educación Comercial y Administración,ACREDITADA,ACREDITADA,26/08/2017 - 26/08/2024,7.0,25000,0,1
2021,843869,I111S9C455J2V1,18021637.0,2,199402,25 a 29 años,2020,1,2020,1,Institutos Profesionales,Institutos Profesionales,Institutos Profesionales,111,IP DUOC UC,9,SEDE PLAZA VESPUCIO,455,INGENIERIA EN COMERCIO EXTERIOR PEV,Semipresencial,Vespertina,1,Plan Regular,8,1,8,Metropolitana,SANTIAGO,LA FLORIDA,Pregrado,Profesional Sin Licenciatura,Carreras Profesionales,Educación Media,VIGENTE SIN ALUMNOS NUEVOS,,254000,2380000,0.0,Administración y Comercio,"Ciencias Sociales, Enseñanza Comercial y Derecho",Enseñanza Comercial y Administración,Ingeniería en Comercio Exterior,Administración de Empresas y Derecho,Educación Comercial y Administración,ACREDITADA,ACREDITADA,26/08/2017 - 26/08/2024,7.0,30000,0,1
2021,768915,I111S15C6J2V1,5327402.0,1,200106,20 a 24 años,2019,1,2019,1,Institutos Profesionales,Institutos Profesionales,Institutos Profesionales,111,IP DUOC UC,15,SEDE MAIPU,6,AUDITORIA,Presencial,Vespertina,1,Plan Regular,8,1,8,Metropolitana,SANTIAGO,MAIPU,Pregrado,Profesional Sin Licenciatura,Carreras Profesionales,Educación Media,VIGENTE CON ALUMNOS NUEVOS,,254000,2210000,0.0,Administración y Comercio,"Ciencias Sociales, Enseñanza Comercial y Derecho",Enseñanza Comercial y Administración,Contador Auditor,Administración de Empresas y Derecho,Educación Comercial y Administración,ACREDITADA,ACREDITADA,26/08/2017 - 26/08/2024,7.0,30000,0,1
2021,771499,I111S16C363J1V1,3392292.0,1,199912,20 a 24 años,2018,1,2018,1,Institutos Profesionales,Institutos Profesionales,Institutos Profesionales,111,IP DUOC UC,16,SEDE SAN JOAQUIN,363,INGENIERIA EN MAQUINARIA Y VEHICULOS PESADOS,Presencial,Diurna,1,Plan Regular,8,1,8,Metropolitana,SANTIAGO,SAN JOAQUIN,Pregrado,Profesional Sin Licenciatura,Carreras Profesionales,Educación Media,VIGENTE CON ALUMNOS NUEVOS,,254000,2470000,0.0,Tecnología,"Ingeniería, Industria y Construcción",Ingeniería y Profesiones Afines,Ingeniería en Mecánica Automotriz,"Ingeniería, Industria y Construcción",Ingeniería y Profesiones Afines,NO ACREDITADA,ACREDITADA,26/08/2017 - 26/08/2024,7.0,30000,0,1
2021,771360,I111S16C363J1V1,10775727.0,1,199706,20 a 24 años,2021,1,2021,1,Institutos Profesionales,Institutos Profesionales,Institutos Profesionales,111,IP DUOC UC,16,SEDE SAN JOAQUIN,363,INGENIERIA EN MAQUINARIA Y VEHICULOS PESADOS,Presencial,Diurna,1,Plan Regular,8,1,8,Metropolitana,SANTIAGO,SAN JOAQUIN,Pregrado,Profesional Sin Licenciatura,Carreras Profesionales,Educación Media,VIGENTE CON ALUMNOS NUEVOS,,254000,2470000,0.0,Tecnología,"Ingeniería, Industria y Construcción",Ingeniería y Profesiones Afines,Ingeniería en Mecánica Automotriz,"Ingeniería, Industria y Construcción",Ingeniería y Profesiones Afines,NO ACREDITADA,ACREDITADA,26/08/2017 - 26/08/2024,7.0,30000,0,1
2021,844197,I111S9C486J1V1,3239407.0,2,198307,35 a 39 años,2021,1,2021,1,Institutos Profesionales,Institutos Profesionales,Institutos Profesionales,111,IP DUOC UC,9,SEDE PLAZA VESPUCIO,486,INGENIERIA EN ADMINISTRACION MENCION MARKETING,Presencial,Diurna,1,Plan Regular,8,1,8,Metropolitana,SANTIAGO,LA FLORIDA,Pregrado,Profesional Sin Licenciatura,Carreras Profesionales,Educación Media,VIGENTE CON ALUMNOS NUEVOS,,254000,2390000,0.0,Administración y Comercio,"Ciencias Sociales, Enseñanza Comercial y Derecho",Enseñanza Comercial y Administración,Ingeniería en Marketing,Administración de Empresas y Derecho,Educación Comercial y Administración,NO ACREDITADA,ACREDITADA,26/08/2017 - 26/08/2024,7.0,30000,0,1
2021,836034,I111S6C55J1V1,17938543.0,2,200011,20 a 24 años,2020,1,2020,1,Institutos Profesionales,Institutos Profesionales,Institutos Profesionales,111,IP DUOC UC,6,SEDE SAN CARLOS DE APOQUINDO,55,INGENIERIA EN ADMINISTRACION DE RECURSOS HUMANOS,Presencial,Diurna,1,Plan Regular,8,1,8,Metropolitana,SANTIAGO,LAS CONDES,Pregrado,Profesional Sin Licenciatura,Carreras Profesionales,Educación Media,VIGENTE CON ALUMNOS NUEVOS,,254000,2380000,0.0,Administración y Comercio,"Ciencias Sociales, Enseñanza Comercial y Derecho",Enseñanza Comercial y Administración,Ingeniería en Recursos Humanos,Administración de Empresas y Derecho,Educación Comercial y Administración,NO ACREDITADA,ACREDITADA,26/08/2017 - 26/08/2024,7.0,30000,0,1
2021,833580,I111S6C2J1V1,20273728.0,1,199908,20 a 24 años,2019,1,2019,1,Institutos Profesionales,Institutos Profesionales,Institutos Profesionales,111,IP DUOC UC,6,SEDE SAN CARLOS DE APOQUINDO,2,PUBLICIDAD,Presencial,Diurna,1,Plan Regular,8,1,8,Metropolitana,SANTIAGO,LAS CONDES,Pregrado,Profesional Sin Licenciatura,Carreras Profesionales,Educación Media,VIGENTE CON ALUMNOS NUEVOS,,254000,2770000,0.0,Ciencias Sociales,"Ciencias Sociales, Enseñanza Comercial y Derecho",Enseñanza Comercial y Administración,Publicidad,Administración de Empresas y Derecho,Educación Comercial y Administración,ACREDITADA,ACREDITADA,26/08/2017 - 26/08/2024,7.0,30000,0,1
2021,826154,I111S5C103J1V1,3360750.0,1,199612,20 a 24 años,2017,1,2017,1,Institutos Profesionales,Institutos Profesionales,Institutos Profesionales,111,IP DUOC UC,5,SEDE ANTONIO VARAS,103,ECOTURISMO,Presencial,Diurna,1,Plan Regular,8,1,8,Metropolitana,SANTIAGO,PROVIDENCIA,Pregrado,Profesional Sin Licenciatura,Carreras Profesionales,Educación Media,VIGENTE CON ALUMNOS NUEVOS,,254000,3250000,0.0,Administración y Comercio,Servicios,Servicios Personales,Administración Turística y Hotelera,Servicios,Servicios personales,ACREDITADA,ACREDITADA,26/08/2017 - 26/08/2024,7.0,30000,0,1
2021,1012774,I143S7C110J1V1,17121357.0,2,199912,20 a 24 años,2018,1,2018,1,Institutos Profesionales,Institutos Profesionales,Institutos Profesionales,143,IP AIEP,7,SEDE PROVIDENCIA,110,DISEÑO DE VESTUARIO PROFESIONAL MENCION ALTA COSTURA,Presencial,Diurna,1,Plan Regular,7,0,7,Metropolitana,SANTIAGO,PROVIDENCIA,Pregrado,Profesional Sin Licenciatura,Carreras Profesionales,Educación Media,VIGENTE CON ALUMNOS NUEVOS,,190000,2230000,0.0,Arte y Arquitectura,Humanidades y Artes,Artes,Diseño de Vestuario,Artes y Humanidades,Artes,NO ACREDITADA,ACREDITADA,22/10/2017 - 22/10/2022,5.0,190000,0,1
2021,850745,I113S7C61J2V1,8087161.0,2,199202,25 a 29 años,2018,1,2018,1,Institutos Profesionales,Institutos Profesionales,Institutos Profesionales,113,IP IPG,7,SEDE PROVIDENCIA,61,TECNICO DE NIVEL SUPERIOR EN EDUCACION PARVULARIA,Presencial,Vespertina,1,Plan Regular,5,1,5,Metropolitana,SANTIAGO,PROVIDENCIA,Pregrado,Técnico de Nivel Superior,Carreras Técnicas,Educación Media,VIGENTE CON ALUMNOS NUEVOS,,0,1247400,0.0,Educación,Educación,Formación de Personal Docente y Ciencias de la Educación,Técnico Asistente del Educador de Párvulos,Educación,Educación,SIN INFORMACIÓN,ACREDITADA,25/08/2018 - 25/08/2021,3.0,623700,0,1
2021,891114,I117S1C67J4V1,19800257.0,2,198502,35 a 39 años,2021,1,2021,1,Institutos Profesionales,Institutos Profesionales,Institutos Profesionales,117,IP IACC,1,CASA CENTRAL (SANTIAGO),67,INGENIERIA INDUSTRIAL,No Presencial,A Distancia,1,Plan Regular,8,1,8,Metropolitana,SANTIAGO,PROVIDENCIA,Pregrado,Profesional Sin Licenciatura,Carreras Profesionales,Educación Media,VIGENTE CON ALUMNOS NUEVOS,,90000,1742000,0.0,Tecnología,"Ingeniería, Industria y Construcción",Ingeniería y Profesiones Afines,Ingeniería Industrial,"Ingeniería, Industria y Construcción",Ingeniería y Profesiones Afines,SIN INFORMACIÓN,ACREDITADA,09/10/2019 - 09/10/2021,2.0,87000,0,1
2021,878691,I117S1C1J4V1,10182602.0,2,198508,35 a 39 años,2020,2,2020,2,Institutos Profesionales,Institutos Profesionales,Institutos Profesionales,117,IP IACC,1,CASA CENTRAL (SANTIAGO),1,TECNICO SUPERIOR EN ADMINISTRACION DE EMPRESAS,No Presencial,A Distancia,1,Plan Regular,5,1,5,Metropolitana,SANTIAGO,PROVIDENCIA,Pregrado,Técnico de Nivel Superior,Carreras Técnicas,Educación Media,VIGENTE CON ALUMNOS NUEVOS,,80000,1542000,0.0,Administración y Comercio,"Ciencias Sociales, Enseñanza Comercial y Derecho",Enseñanza Comercial y Administración,Técnico en Administración de Empresas,Administración de Empresas y Derecho,Educación Comercial y Administración,SIN INFORMACIÓN,ACREDITADA,09/10/2019 - 09/10/2021,2.0,87000,0,1
2021,877594,I117S1C1J4V1,15940746.0,2,198304,35 a 39 años,2021,1,2021,1,Institutos Profesionales,Institutos Profesionales,Institutos Profesionales,117,IP IACC,1,CASA CENTRAL (SANTIAGO),1,TECNICO SUPERIOR EN ADMINISTRACION DE EMPRESAS,No Presencial,A Distancia,1,Plan Regular,5,1,5,Metropolitana,SANTIAGO,PROVIDENCIA,Pregrado,Técnico de Nivel Superior,Carreras Técnicas,Educación Media,VIGENTE CON ALUMNOS NUEVOS,,80000,1542000,0.0,Administración y Comercio,"Ciencias Sociales, Enseñanza Comercial y Derecho",Enseñanza Comercial y Administración,Técnico en Administración de Empresas,Administración de Empresas y Derecho,Educación Comercial y Administración,SIN INFORMACIÓN,ACREDITADA,09/10/2019 - 09/10/2021,2.0,87000,0,1
2021,712916,I100S32C272J1V1,17216564.0,2,199902,20 a 24 años,2018,1,2018,1,Institutos Profesionales,Institutos Profesionales,Institutos Profesionales,100,IP INACAP,32,SEDE TEMUCO,272,ADMINISTRACION TURISTICA INTERNACIONAL,Presencial,Diurna,1,Plan Regular,8,0,8,La Araucanía,CAUTIN,TEMUCO,Pregrado,Profesional Sin Licenciatura,Carreras Profesionales,Educación Media,VIGENTE CON ALUMNOS NUEVOS,,220000,2208000,0.0,Administración y Comercio,Servicios,Servicios Personales,Administración Turística y Hotelera,Servicios,Servicios personales,SIN INFORMACIÓN,ACREDITADA,11/12/2016 - 11/12/2022,6.0,72000,0,1
2021,299849,I46S17C56J1V1,7375474.0,2,199609,20 a 24 años,2016,1,2016,1,Universidades,Universidades Privadas,Universidades Privadas,46,UNIVERSIDAD DE ACONCAGUA,17,SEDE ANCUD,56,ENFERMERIA,Presencial,Diurna,1,Plan Regular,10,0,10,Los Lagos,CHILOE,ANCUD,Pregrado,Profesional Con Licenciatura,Carreras Profesionales,Educación Media,VIGENTE CON ALUMNOS NUEVOS,,188320,2993004,0.0,Salud,Salud y Servicios Sociales,Medicina,Enfermería,Salud y Bienestar,Salud,NO ACREDITADA,NO ACREDITADA,,,600000,0,1
2021,1129643,I427S2C32J2V1,700564.0,1,200304,15 a 19 años,2021,1,2021,1,Centros de Formación Técnica,Centros de Formación Técnica,Centros de Formación Técnica,427,CFT LAPLACE,2,SEDE LOS ANDES,32,TECNICO DE NIVEL SUPERIOR EN ELECTRICIDAD Y ELECTRONICA INDUSTRIAL,Presencial,Vespertina,1,Plan Regular,4,1,5,Valparaíso,LOS ANDES,LOS ANDES,Pregrado,Técnico de Nivel Superior,Carreras Técnicas,Educación Media,VIGENTE CON ALUMNOS NUEVOS,,80000,956000,0.0,Tecnología,"Ingeniería, Industria y Construcción",Ingeniería y Profesiones Afines,Técnico en Electricidad y Electricidad Industrial,"Ingeniería, Industria y Construcción",Ingeniería y Profesiones Afines,NO ACREDITADA,NO ACREDITADA,,,435000,0,1
2021,1186756,I629S4C150J2V1,3546784.0,2,200010,20 a 24 años,2021,1,2021,1,Centros de Formación Técnica,Centros de Formación Técnica,Centros de Formación Técnica,629,CFT PUCV,4,CAMPUS QUILLOTA,150,TECNICO EN ODONTOLOGIA,Presencial,Vespertina,1,Plan Regular,4,1,5,Valparaíso,QUILLOTA,QUILLOTA,Pregrado,Técnico de Nivel Superior,Carreras Técnicas,Educación Media,VIGENTE CON ALUMNOS NUEVOS,,147000,1606500,0.0,Salud,Salud y Servicios Sociales,Medicina,Técnico Dental y Asistente de Odontología,Salud y Bienestar,Salud,NO ACREDITADA,ACREDITADA,30/11/2017 - 30/11/2021,4.0,126000,0,1
2021,1075140,I257S1C18J2V1,1319036.0,1,199410,25 a 29 años,2021,1,2021,1,Centros de Formación Técnica,Centros de Formación Técnica,Centros de Formación Técnica,257,CFT JUAN BOHON,1,CASA CENTRAL (LA SERENA),18,TECNICO EN CONSTRUCCION,Presencial,Vespertina,1,Plan Regular,5,1,5,Coquimbo,ELQUI,LA SERENA,Pregrado,Técnico de Nivel Superior,Carreras Técnicas,Educación Media,VIGENTE CON ALUMNOS NUEVOS,,0,1273080,0.0,Tecnología,"Ingeniería, Industria y Construcción",Arquitectura y Construcción,Técnico en Construcción y Obras Civiles,"Ingeniería, Industria y Construcción",Arquitectura y Construcción,SIN INFORMACIÓN,ACREDITADA,29/08/2019 - 29/08/2022,3.0,691540,0,1
2021,1177823,I456S1C48J2V1,5578198.0,2,198906,30 a 34 años,2020,1,2020,1,Centros de Formación Técnica,Centros de Formación Técnica,Centros de Formación Técnica,456,CFT CEDUC - UCN,1,CASA CENTRAL (COQUIMBO),48,CONSTRUCCION,Presencial,Vespertina,1,Plan Regular,5,0,5,Coquimbo,ELQUI,COQUIMBO,Pregrado,Técnico de Nivel Superior,Carreras Técnicas,Educación Media,VIGENTE CON ALUMNOS NUEVOS,,111005,1449384,0.0,Tecnología,"Ingeniería, Industria y Construcción",Arquitectura y Construcción,Técnico en Construcción y Obras Civiles,"Ingeniería, Industria y Construcción",Arquitectura y Construcción,NO ACREDITADA,ACREDITADA,11/12/2015 - 11/12/2020,5.0,333015,0,1
2021,1177351,I456S1C28J2V1,6660586.0,1,199703,20 a 24 años,2021,1,2021,1,Centros de Formación Técnica,Centros de Formación Técnica,Centros de Formación Técnica,456,CFT CEDUC - UCN,1,CASA CENTRAL (COQUIMBO),28,OPERACION DE PLANTAS MINERAS,Presencial,Vespertina,1,Plan Regular,5,0,5,Coquimbo,ELQUI,COQUIMBO,Pregrado,Técnico de Nivel Superior,Carreras Técnicas,Educación Media,VIGENTE CON ALUMNOS NUEVOS,,111005,1449384,0.0,Tecnología,"Ingeniería, Industria y Construcción",Industria y Producción,Técnico en Minería,"Ingeniería, Industria y Construcción",Industria y Producción,NO ACREDITADA,ACREDITADA,11/12/2015 - 11/12/2020,5.0,333015,0,1
2021,1184910,I629S4C100J2V1,598148.0,2,199801,20 a 24 años,2019,1,2019,1,Centros de Formación Técnica,Centros de Formación Técnica,Centros de Formación Técnica,629,CFT PUCV,4,CAMPUS QUILLOTA,100,TECNICO EN LOGISTICA,Presencial,Vespertina,1,Plan Regular,4,1,5,Valparaíso,QUILLOTA,QUILLOTA,Pregrado,Técnico de Nivel Superior,Carreras Técnicas,Educación Media,VIGENTE CON ALUMNOS NUEVOS,,147000,1480500,0.0,Administración y Comercio,"Ciencias Sociales, Enseñanza Comercial y Derecho",Enseñanza Comercial y Administración,Técnico en Logística,Administración de Empresas y Derecho,Educación Comercial y Administración,NO ACREDITADA,ACREDITADA,30/11/2017 - 30/11/2021,4.0,126000,0,1
2021,300556,I46S19C215J3V3,12794932.0,1,198207,35 a 39 años,2021,1,2021,1,Universidades,Universidades Privadas,Universidades Privadas,46,UNIVERSIDAD DE ACONCAGUA,19,SEDE SAN FELIPE,215,TECNICO DE NIVEL SUPERIOR EN AGRONOMIA,Semipresencial,Semipresencial,3,Plan Especial,4,1,5,Valparaíso,SAN FELIPE DE ACONCAGUA,SAN FELIPE,Pregrado,Técnico de Nivel Superior,Carreras Técnicas,Educación Media,VIGENTE CON ALUMNOS NUEVOS,,45000,874650,0.0,Agropecuaria,Agricultura,"Agricultura, Silvicultura y Pesca",Técnico Agropecuario,"Agricultura, Silvicultura, Pesca y Veterinaria",Agricultura,NO ACREDITADA,NO ACREDITADA,,,70000,0,1
2021,1065670,I214S20C19J1V2,10278730.0,2,198212,35 a 39 años,2019,1,2019,1,Centros de Formación Técnica,Centros de Formación Técnica,Centros de Formación Técnica,214,CFT INSTITUTO CENTRAL DE CAPACITACION EDUCACIONAL ICCE,20,SEDE QUILPUE,19,TECNICO EN EDUCACION DE PARVULOS,Presencial,Diurna,2,Plan Especial,3,1,3,Valparaíso,MARGA MARGA,QUILPUE,Pregrado,Técnico de Nivel Superior,Carreras Técnicas,Educación Media,VIGENTE CON ALUMNOS NUEVOS,,50000,900000,0.0,Educación,Educación,Formación de Personal Docente y Ciencias de la Educación,Técnico Asistente del Educador de Párvulos,Educación,Educación,NO ACREDITADA,NO ACREDITADA,,,400000,0,1
2021,811883,I111S3C21J1V1,5012634.0,1,199707,20 a 24 años,2019,1,2019,1,Institutos Profesionales,Institutos Profesionales,Institutos Profesionales,111,IP DUOC UC,3,SEDE CONCEPCION,21,TECNICO EN CONSTRUCCION,Presencial,Diurna,1,Plan Regular,5,1,5,Biobío,CONCEPCION,CONCEPCION,Pregrado,Técnico de Nivel Superior,Carreras Técnicas,Educación Media,VIGENTE CON ALUMNOS NUEVOS,,176000,1950000,0.0,Tecnología,"Ingeniería, Industria y Construcción",Arquitectura y Construcción,Técnico en Construcción y Obras Civiles,"Ingeniería, Industria y Construcción",Arquitectura y Construcción,NO ACREDITADA,ACREDITADA,26/08/2017 - 26/08/2024,7.0,25000,0,1
2021,800142,I111S26C73J2V1,444755.0,2,199109,25 a 29 años,2020,1,2020,1,Institutos Profesionales,Institutos Profesionales,Institutos Profesionales,111,IP DUOC UC,26,CAMPUS VILLARRICA,73,ADMINISTRACION HOTELERA,Presencial,Vespertina,1,Plan Regular,5,1,5,La Araucanía,CAUTIN,VILLARRICA,Pregrado,Técnico de Nivel Superior,Carreras Técnicas,Educación Media,VIGENTE CON ALUMNOS NUEVOS,,176000,1860000,0.0,Administración y Comercio,Servicios,Servicios Personales,Técnico en Turismo y Hotelería,Servicios,Servicios personales,ACREDITADA,ACREDITADA,26/08/2017 - 26/08/2024,7.0,25000,0,1
2021,808365,I111S2C58J2V1,309368.0,1,200009,20 a 24 años,2021,1,2021,1,Institutos Profesionales,Institutos Profesionales,Institutos Profesionales,111,IP DUOC UC,2,SEDE VALPARAISO,58,TECNICO EN MECANICA AUTOMOTRIZ Y AUTOTRONICA,Presencial,Vespertina,1,Plan Regular,5,1,5,Valparaíso,VALPARAISO,VALPARAISO,Pregrado,Técnico de Nivel Superior,Carreras Técnicas,Educación Media,VIGENTE CON ALUMNOS NUEVOS,,176000,2120000,0.0,Tecnología,"Ingeniería, Industria y Construcción",Ingeniería y Profesiones Afines,Técnico en Mecánica Automotriz,"Ingeniería, Industria y Construcción",Ingeniería y Profesiones Afines,NO ACREDITADA,ACREDITADA,26/08/2017 - 26/08/2024,7.0,25000,0,1
2021,796260,I111S23C484J2V1,5906836.0,1,199104,30 a 34 años,2021,1,2021,1,Institutos Profesionales,Institutos Profesionales,Institutos Profesionales,111,IP DUOC UC,23,SEDE MELIPILLA,484,INGENIERIA EN ADMINISTRACION MENCION FINANZAS,Presencial,Vespertina,1,Plan Regular,8,1,8,Metropolitana,MELIPILLA,MELIPILLA,Pregrado,Profesional Sin Licenciatura,Carreras Profesionales,Educación Media,VIGENTE CON ALUMNOS NUEVOS,,254000,2370000,0.0,Administración y Comercio,"Ciencias Sociales, Enseñanza Comercial y Derecho",Enseñanza Comercial y Administración,Ingeniería en Finanzas,Administración de Empresas y Derecho,Educación Comercial y Administración,ACREDITADA,ACREDITADA,26/08/2017 - 26/08/2024,7.0,30000,0,1
2021,806680,I111S2C429J1V1,14852992.0,2,199708,20 a 24 años,2021,1,2021,1,Institutos Profesionales,Institutos Profesionales,Institutos Profesionales,111,IP DUOC UC,2,SEDE VALPARAISO,429,TOURISM AND HOSPITALITY,Presencial,Diurna,1,Plan Regular,8,1,8,Valparaíso,VALPARAISO,VALPARAISO,Pregrado,Profesional Sin Licenciatura,Carreras Profesionales,Educación Media,VIGENTE CON ALUMNOS NUEVOS,,216000,2680000,0.0,Administración y Comercio,Servicios,Servicios Personales,Administración Turística y Hotelera,Servicios,Servicios personales,NO ACREDITADA,ACREDITADA,26/08/2017 - 26/08/2024,7.0,30000,0,1
2021,1020623,I143S9C690J2V1,11718674.0,1,198612,30 a 34 años,2021,1,2021,1,Institutos Profesionales,Institutos Profesionales,Institutos Profesionales,143,IP AIEP,9,SEDE RANCAGUA,690,INGENIERIA EN MINAS,Presencial,Vespertina,1,Plan Regular,8,1,8,Lib. Gral. B. O'Higgins,CACHAPOAL,RANCAGUA,Pregrado,Profesional Sin Licenciatura,Carreras Profesionales,Educación Media,VIGENTE CON ALUMNOS NUEVOS,,190000,1820000,0.0,Tecnología,"Ingeniería, Industria y Construcción",Industria y Producción,Ingeniería en Minas,"Ingeniería, Industria y Construcción",Industria y Producción,NO ACREDITADA,ACREDITADA,22/10/2017 - 22/10/2022,5.0,190000,0,1
2021,941487,I143S13C28J1V1,13167589.0,2,200205,15 a 19 años,2021,1,2021,1,Institutos Profesionales,Institutos Profesionales,Institutos Profesionales,143,IP AIEP,13,SEDE CONCEPCION,28,TRABAJO SOCIAL,Presencial,Diurna,1,Plan Regular,8,1,8,Biobío,CONCEPCION,CONCEPCION,Pregrado,Profesional Sin Licenciatura,Carreras Profesionales,Educación Media,VIGENTE CON ALUMNOS NUEVOS,,190000,1770000,0.0,Ciencias Sociales,Salud y Servicios Sociales,Servicios Sociales,Trabajo Social,Salud y Bienestar,Bienestar,NO ACREDITADA,ACREDITADA,22/10/2017 - 22/10/2022,5.0,190000,0,1
2021,961164,I143S21C100J1V1,15504200.0,2,199606,25 a 29 años,2021,1,2021,1,Institutos Profesionales,Institutos Profesionales,Institutos Profesionales,143,IP AIEP,21,SEDE SAN FELIPE,100,PSICOPEDAGOGIA,Presencial,Diurna,1,Plan Regular,8,1,8,Valparaíso,SAN FELIPE DE ACONCAGUA,SAN FELIPE,Pregrado,Profesional Sin Licenciatura,Carreras Profesionales,Educación Media,VIGENTE CON ALUMNOS NUEVOS,,190000,1770000,0.0,Educación,Educación,Formación de Personal Docente y Ciencias de la Educación,Psicopedagogía,Educación,Educación,NO ACREDITADA,ACREDITADA,22/10/2017 - 22/10/2022,5.0,190000,0,1
2021,961065,I143S21C100J1V1,5231720.0,2,199709,20 a 24 años,2017,1,2017,1,Institutos Profesionales,Institutos Profesionales,Institutos Profesionales,143,IP AIEP,21,SEDE SAN FELIPE,100,PSICOPEDAGOGIA,Presencial,Diurna,1,Plan Regular,8,1,8,Valparaíso,SAN FELIPE DE ACONCAGUA,SAN FELIPE,Pregrado,Profesional Sin Licenciatura,Carreras Profesionales,Educación Media,VIGENTE CON ALUMNOS NUEVOS,,190000,1770000,0.0,Educación,Educación,Formación de Personal Docente y Ciencias de la Educación,Psicopedagogía,Educación,Educación,NO ACREDITADA,ACREDITADA,22/10/2017 - 22/10/2022,5.0,190000,0,1
2021,1012167,I143S6C72J1V1,19101082.0,2,200010,20 a 24 años,2019,1,2019,1,Institutos Profesionales,Institutos Profesionales,Institutos Profesionales,143,IP AIEP,6,SEDE VIÑA DEL MAR,72,PELUQUERIA,Presencial,Diurna,1,Plan Regular,5,1,5,Valparaíso,VALPARAISO,VIÑA DEL MAR,Pregrado,Técnico de Nivel Superior,Carreras Técnicas,Educación Media,VIGENTE CON ALUMNOS NUEVOS,,190000,2150000,0.0,Arte y Arquitectura,Servicios,Servicios Personales,Técnico en Peluquería y Estética,Servicios,Servicios personales,NO ACREDITADA,ACREDITADA,22/10/2017 - 22/10/2022,5.0,722374,0,1
2021,973734,I143S25C651J2V1,7042175.0,2,198512,35 a 39 años,2019,1,2019,1,Institutos Profesionales,Institutos Profesionales,Institutos Profesionales,143,IP AIEP,25,SEDE OSORNO,651,TECNICO EN ADMINISTRACION DE EMPRESAS,Presencial,Vespertina,1,Plan Regular,5,1,5,Los Lagos,OSORNO,OSORNO,Pregrado,Técnico de Nivel Superior,Carreras Técnicas,Educación Media,VIGENTE CON ALUMNOS NUEVOS,,190000,1690000,0.0,Administración y Comercio,"Ciencias Sociales, Enseñanza Comercial y Derecho",Enseñanza Comercial y Administración,Técnico en Administración de Empresas,Administración de Empresas y Derecho,Educación Comercial y Administración,NO ACREDITADA,ACREDITADA,22/10/2017 - 22/10/2022,5.0,584779,0,1
2021,1004222,I143S31C29J1V1,13882855.0,2,199812,20 a 24 años,2019,1,2019,1,Institutos Profesionales,Institutos Profesionales,Institutos Profesionales,143,IP AIEP,31,SEDE SAN ANTONIO,29,ASISTENTE DE PARVULOS,Presencial,Diurna,1,Plan Regular,5,1,5,Valparaíso,SAN ANTONIO,SAN ANTONIO,Pregrado,Técnico de Nivel Superior,Carreras Técnicas,Educación Media,VIGENTE CON ALUMNOS NUEVOS,,190000,1750000,0.0,Educación,Educación,Formación de Personal Docente y Ciencias de la Educación,Técnico Asistente del Educador de Párvulos,Educación,Educación,NO ACREDITADA,ACREDITADA,22/10/2017 - 22/10/2022,5.0,601000,0,1
2021,1006243,I143S32C651J1V1,4349093.0,2,199801,20 a 24 años,2020,1,2020,1,Institutos Profesionales,Institutos Profesionales,Institutos Profesionales,143,IP AIEP,32,SEDE CASTRO,651,TECNICO EN ADMINISTRACION DE EMPRESAS,Presencial,Diurna,1,Plan Regular,5,1,5,Los Lagos,CHILOE,CASTRO,Pregrado,Técnico de Nivel Superior,Carreras Técnicas,Educación Media,VIGENTE CON ALUMNOS NUEVOS,,190000,1770000,0.0,Administración y Comercio,"Ciencias Sociales, Enseñanza Comercial y Derecho",Enseñanza Comercial y Administración,Técnico en Administración de Empresas,Administración de Empresas y Derecho,Educación Comercial y Administración,NO ACREDITADA,ACREDITADA,22/10/2017 - 22/10/2022,5.0,589589,0,1
2021,960372,I143S20C71J1V1,2525071.0,2,200006,20 a 24 años,2020,1,2020,1,Institutos Profesionales,Institutos Profesionales,Institutos Profesionales,143,IP AIEP,20,SEDE TEMUCO,71,TECNICO EN ENFERMERIA MENCION GERIATRIA,Presencial,Diurna,1,Plan Regular,5,1,5,La Araucanía,CAUTIN,TEMUCO,Pregrado,Técnico de Nivel Superior,Carreras Técnicas,Educación Media,VIGENTE CON ALUMNOS NUEVOS,,190000,2370000,0.0,Salud,Salud y Servicios Sociales,Medicina,Técnico en Enfermería,Salud y Bienestar,Salud,NO ACREDITADA,ACREDITADA,22/10/2017 - 22/10/2022,5.0,814105,0,1
2021,999664,I143S2C34J2V1,1439242.0,1,199210,25 a 29 años,2021,1,2021,1,Institutos Profesionales,Institutos Profesionales,Institutos Profesionales,143,IP AIEP,2,SEDE ANTOFAGASTA,34,TECNICO EN ENFERMERIA,Presencial,Vespertina,1,Plan Regular,5,1,5,Antofagasta,ANTOFAGASTA,ANTOFAGASTA,Pregrado,Técnico de Nivel Superior,Carreras Técnicas,Educación Media,VIGENTE CON ALUMNOS NUEVOS,,190000,2050000,0.0,Salud,Salud y Servicios Sociales,Medicina,Técnico en Enfermería,Salud y Bienestar,Salud,NO ACREDITADA,ACREDITADA,22/10/2017 - 22/10/2022,5.0,718000,0,1
2021,734622,I103S4C4J2V1,8072211.0,2,199012,30 a 34 años,2020,1,2020,1,Institutos Profesionales,Institutos Profesionales,Institutos Profesionales,103,IP INSTITUTO DE ESTUDIOS BANCARIOS GUILLERMO SUBERCASEAUX,4,SEDE RANCAGUA,4,INGENIERIA FINANCIERA,Presencial,Vespertina,1,Plan Regular,9,1,9,Lib. Gral. B. O'Higgins,CACHAPOAL,RANCAGUA,Pregrado,Profesional Sin Licenciatura,Carreras Profesionales,Educación Media,VIGENTE CON ALUMNOS NUEVOS,,190000,2020000,0.0,Administración y Comercio,"Ciencias Sociales, Enseñanza Comercial y Derecho",Enseñanza Comercial y Administración,Ingeniería en Finanzas,Administración de Empresas y Derecho,Educación Comercial y Administración,NO ACREDITADA,ACREDITADA,17/12/2017 - 17/12/2022,5.0,200000,0,1
2021,1156633,I430S28C78J2V1,19895742.0,1,197906,40 y más años,2016,1,2016,1,Centros de Formación Técnica,Centros de Formación Técnica,Centros de Formación Técnica,430,CFT INACAP,28,SEDE TEMUCO,78,ELECTRICIDAD INDUSTRIAL MENCION INSTALACIONES ELECTRICAS,Presencial,Vespertina,1,Plan Regular,5,0,5,La Araucanía,CAUTIN,TEMUCO,Pregrado,Técnico de Nivel Superior,Carreras Técnicas,Educación Media,VIGENTE CON ALUMNOS NUEVOS,,220000,2146000,0.0,Tecnología,"Ingeniería, Industria y Construcción",Ingeniería y Profesiones Afines,Técnico en Electricidad y Electricidad Industrial,"Ingeniería, Industria y Construcción",Ingeniería y Profesiones Afines,SIN INFORMACIÓN,ACREDITADA,05/01/2018 - 05/01/2025,7.0,36000,0,1
2021,1142503,I430S20C134J1V1,11011062.0,1,199908,20 a 24 años,2018,1,2018,1,Centros de Formación Técnica,Centros de Formación Técnica,Centros de Formación Técnica,430,CFT INACAP,20,SEDE VALDIVIA,134,MECANICA AUTOMOTRIZ EN SISTEMAS ELECTRONICOS,Presencial,Diurna,1,Plan Regular,4,0,4,Los Ríos,VALDIVIA,VALDIVIA,Pregrado,Técnico de Nivel Superior,Carreras Técnicas,Educación Media,VIGENTE SIN ALUMNOS NUEVOS,,220000,2182000,0.0,Tecnología,"Ingeniería, Industria y Construcción",Ingeniería y Profesiones Afines,Técnico en Mecánica Automotriz,"Ingeniería, Industria y Construcción",Ingeniería y Profesiones Afines,ACREDITADA,ACREDITADA,05/01/2018 - 05/01/2025,7.0,36000,0,1
2021,1162238,I430S33C46J2V1,3713339.0,1,200102,20 a 24 años,2019,1,2019,1,Centros de Formación Técnica,Centros de Formación Técnica,Centros de Formación Técnica,430,CFT INACAP,33,SEDE CURICO,46,EDIFICACION,Presencial,Vespertina,1,Plan Regular,4,0,4,Maule,CURICO,CURICO,Pregrado,Técnico de Nivel Superior,Carreras Técnicas,Educación Media,VIGENTE SIN ALUMNOS NUEVOS,,220000,2034000,0.0,Tecnología,"Ingeniería, Industria y Construcción",Arquitectura y Construcción,Técnico en Construcción y Obras Civiles,"Ingeniería, Industria y Construcción",Arquitectura y Construcción,ACREDITADA,ACREDITADA,05/01/2018 - 05/01/2025,7.0,36000,0,1
2021,1151061,I430S26C293J1V1,14231567.0,2,198905,30 a 34 años,2020,1,2020,1,Centros de Formación Técnica,Centros de Formación Técnica,Centros de Formación Técnica,430,CFT INACAP,26,SEDE TALCA,293,LOGISTICA Y OPERACIONES INDUSTRIALES,Presencial,Diurna,1,Plan Regular,4,0,4,Maule,TALCA,TALCA,Pregrado,Técnico de Nivel Superior,Carreras Técnicas,Educación Media,VIGENTE SIN ALUMNOS NUEVOS,,220000,2054000,0.0,Administración y Comercio,"Ciencias Sociales, Enseñanza Comercial y Derecho",Enseñanza Comercial y Administración,Técnico en Logística,Administración de Empresas y Derecho,Educación Comercial y Administración,ACREDITADA,ACREDITADA,05/01/2018 - 05/01/2025,7.0,36000,0,1
2021,1155237,I430S28C175J1V1,7986802.0,1,200008,20 a 24 años,2020,1,2020,1,Centros de Formación Técnica,Centros de Formación Técnica,Centros de Formación Técnica,430,CFT INACAP,28,SEDE TEMUCO,175,"TELECOMUNICACIONES, CONECTIVIDAD Y REDES",Presencial,Diurna,1,Plan Regular,4,0,4,La Araucanía,CAUTIN,TEMUCO,Pregrado,Técnico de Nivel Superior,Carreras Técnicas,Educación Media,VIGENTE SIN ALUMNOS NUEVOS,,220000,2214000,0.0,Tecnología,"Ingeniería, Industria y Construcción",Ingeniería y Profesiones Afines,Técnico en Telecomunicaciones,"Ingeniería, Industria y Construcción",Ingeniería y Profesiones Afines,ACREDITADA,ACREDITADA,05/01/2018 - 05/01/2025,7.0,36000,0,1
2021,1151046,I430S26C201J2V1,14517001.0,2,200101,20 a 24 años,2020,1,2020,1,Centros de Formación Técnica,Centros de Formación Técnica,Centros de Formación Técnica,430,CFT INACAP,26,SEDE TALCA,201,ADMINISTRACION DE EMPRESAS,Presencial,Vespertina,1,Plan Regular,4,0,4,Maule,TALCA,TALCA,Pregrado,Técnico de Nivel Superior,Carreras Técnicas,Educación Media,VIGENTE CON ALUMNOS NUEVOS,,220000,2008000,0.0,Administración y Comercio,"Ciencias Sociales, Enseñanza Comercial y Derecho",Enseñanza Comercial y Administración,Técnico en Administración de Empresas,Administración de Empresas y Derecho,Educación Comercial y Administración,SIN INFORMACIÓN,ACREDITADA,05/01/2018 - 05/01/2025,7.0,36000,0,1
2021,1167333,I430S38C61J1V1,5306389.0,1,199301,25 a 29 años,2021,1,2021,1,Centros de Formación Técnica,Centros de Formación Técnica,Centros de Formación Técnica,430,CFT INACAP,38,SEDE SAN PEDRO DE LA PAZ,61,TOPOGRAFIA,Presencial,Diurna,1,Plan Regular,4,0,4,Biobío,CONCEPCION,SAN PEDRO DE LA PAZ,Pregrado,Técnico de Nivel Superior,Carreras Técnicas,Educación Media,VIGENTE CON ALUMNOS NUEVOS,,220000,2214000,0.0,Tecnología,"Ingeniería, Industria y Construcción",Arquitectura y Construcción,Técnico en Topografía,"Ingeniería, Industria y Construcción",Arquitectura y Construcción,SIN INFORMACIÓN,ACREDITADA,05/01/2018 - 05/01/2025,7.0,36000,0,1
2021,1161926,I430S33C34J1V1,19915350.0,1,200207,15 a 19 años,2021,1,2021,1,Centros de Formación Técnica,Centros de Formación Técnica,Centros de Formación Técnica,430,CFT INACAP,33,SEDE CURICO,34,MANTENIMIENTO INDUSTRIAL,Presencial,Diurna,1,Plan Regular,4,0,4,Maule,CURICO,CURICO,Pregrado,Técnico de Nivel Superior,Carreras Técnicas,Educación Media,VIGENTE CON ALUMNOS NUEVOS,,220000,2204000,0.0,Tecnología,"Ingeniería, Industria y Construcción",Ingeniería y Profesiones Afines,Técnico en Mantenimiento Industrial,"Ingeniería, Industria y Construcción",Ingeniería y Profesiones Afines,SIN INFORMACIÓN,ACREDITADA,05/01/2018 - 05/01/2025,7.0,36000,0,1
2021,1157308,I430S29C326J1V1,6803432.0,1,200210,15 a 19 años,2021,1,2021,1,Centros de Formación Técnica,Centros de Formación Técnica,Centros de Formación Técnica,430,CFT INACAP,29,SEDE LOS ANGELES,326,TECNICO EN MECANICA Y ELECTROMOVILIDAD AUTOMOTRIZ,Presencial,Diurna,1,Plan Regular,4,0,4,Biobío,BIOBIO,LOS ANGELES,Pregrado,Técnico de Nivel Superior,Carreras Técnicas,Educación Media,VIGENTE CON ALUMNOS NUEVOS,,220000,2238000,0.0,Tecnología,"Ingeniería, Industria y Construcción",Ingeniería y Profesiones Afines,Técnico en Mecánica Automotriz,"Ingeniería, Industria y Construcción",Ingeniería y Profesiones Afines,SIN INFORMACIÓN,ACREDITADA,05/01/2018 - 05/01/2025,7.0,36000,0,1
2021,1147458,I430S23C201J1V1,8890084.0,2,199905,20 a 24 años,2021,1,2021,1,Centros de Formación Técnica,Centros de Formación Técnica,Centros de Formación Técnica,430,CFT INACAP,23,SEDE PUERTO MONTT,201,ADMINISTRACION DE EMPRESAS,Presencial,Diurna,1,Plan Regular,4,0,4,Los Lagos,LLANQUIHUE,PUERTO MONTT,Pregrado,Técnico de Nivel Superior,Carreras Técnicas,Educación Media,VIGENTE CON ALUMNOS NUEVOS,,220000,1864000,0.0,Administración y Comercio,"Ciencias Sociales, Enseñanza Comercial y Derecho",Enseñanza Comercial y Administración,Técnico en Administración de Empresas,Administración de Empresas y Derecho,Educación Comercial y Administración,SIN INFORMACIÓN,ACREDITADA,05/01/2018 - 05/01/2025,7.0,36000,0,1
2021,1167902,I430S3C201J1V1,8610144.0,1,200108,15 a 19 años,2021,1,2021,1,Centros de Formación Técnica,Centros de Formación Técnica,Centros de Formación Técnica,430,CFT INACAP,3,SEDE IQUIQUE,201,ADMINISTRACION DE EMPRESAS,Presencial,Diurna,1,Plan Regular,4,0,4,Tarapacá,IQUIQUE,IQUIQUE,Pregrado,Técnico de Nivel Superior,Carreras Técnicas,Educación Media,VIGENTE CON ALUMNOS NUEVOS,,250000,2040000,0.0,Administración y Comercio,"Ciencias Sociales, Enseñanza Comercial y Derecho",Enseñanza Comercial y Administración,Técnico en Administración de Empresas,Administración de Empresas y Derecho,Educación Comercial y Administración,SIN INFORMACIÓN,ACREDITADA,05/01/2018 - 05/01/2025,7.0,36000,0,1
2021,693125,I100S15C2J2V1,9914364.0,1,198908,30 a 34 años,2020,1,2020,1,Institutos Profesionales,Institutos Profesionales,Institutos Profesionales,100,IP INACAP,15,SEDE IQUIQUE,2,DISEÑO GRAFICO PROFESIONAL,Presencial,Vespertina,1,Plan Regular,8,0,8,Tarapacá,IQUIQUE,IQUIQUE,Pregrado,Profesional Sin Licenciatura,Carreras Profesionales,Educación Media,VIGENTE SIN ALUMNOS NUEVOS,,250000,2258000,0.0,Arte y Arquitectura,Humanidades y Artes,Artes,Diseño Gráfico,Artes y Humanidades,Artes,NO ACREDITADA,ACREDITADA,11/12/2016 - 11/12/2022,6.0,36000,0,1
2021,692064,I100S15C149J2V1,2904635.0,1,199201,25 a 29 años,2011,1,2011,1,Institutos Profesionales,Institutos Profesionales,Institutos Profesionales,100,IP INACAP,15,SEDE IQUIQUE,149,"INGENIERIA EN MAQUINARIA, VEHICULOS AUTOMOTRICES Y SISTEMAS ELECTRONICOS",Presencial,Vespertina,1,Plan Regular,8,0,8,Tarapacá,IQUIQUE,IQUIQUE,Pregrado,Profesional Sin Licenciatura,Carreras Profesionales,Educación Media,VIGENTE SIN ALUMNOS NUEVOS,,250000,2426000,0.0,Tecnología,"Ingeniería, Industria y Construcción",Ingeniería y Profesiones Afines,Ingeniería en Mecánica Automotriz,"Ingeniería, Industria y Construcción",Ingeniería y Profesiones Afines,ACREDITADA,ACREDITADA,11/12/2016 - 11/12/2022,6.0,36000,0,1
2021,1138748,I430S16C131J1V1,9952481.0,2,200206,15 a 19 años,2020,1,2020,1,Centros de Formación Técnica,Centros de Formación Técnica,Centros de Formación Técnica,430,CFT INACAP,16,SEDE RANCAGUA,131,GASTRONOMIA INTERNACIONAL,Presencial,Diurna,1,Plan Regular,4,0,4,Lib. Gral. B. O'Higgins,CACHAPOAL,RANCAGUA,Pregrado,Técnico de Nivel Superior,Carreras Técnicas,Educación Media,VIGENTE CON ALUMNOS NUEVOS,,260000,2376000,0.0,Administración y Comercio,Servicios,Servicios Personales,Técnico en Gastronomía y Cocina,Servicios,Servicios personales,SIN INFORMACIÓN,ACREDITADA,05/01/2018 - 05/01/2025,7.0,36000,0,1
2021,1139564,I430S16C293J1V1,18332068.0,2,200107,15 a 19 años,2020,1,2020,1,Centros de Formación Técnica,Centros de Formación Técnica,Centros de Formación Técnica,430,CFT INACAP,16,SEDE RANCAGUA,293,LOGISTICA Y OPERACIONES INDUSTRIALES,Presencial,Diurna,1,Plan Regular,4,0,4,Lib. Gral. B. O'Higgins,CACHAPOAL,RANCAGUA,Pregrado,Técnico de Nivel Superior,Carreras Técnicas,Educación Media,VIGENTE SIN ALUMNOS NUEVOS,,260000,2054000,0.0,Administración y Comercio,"Ciencias Sociales, Enseñanza Comercial y Derecho",Enseñanza Comercial y Administración,Técnico en Logística,Administración de Empresas y Derecho,Educación Comercial y Administración,ACREDITADA,ACREDITADA,05/01/2018 - 05/01/2025,7.0,36000,0,1
2021,854039,I116S11C148J1V1,9886191.0,1,199111,25 a 29 años,2014,1,2014,1,Institutos Profesionales,Institutos Profesionales,Institutos Profesionales,116,IP SANTO TOMAS,11,SEDE LA SERENA,148,INGENIERIA EN PREVENCION DE RIESGOS,Presencial,Diurna,1,Plan Regular,8,0,8,Coquimbo,ELQUI,LA SERENA,Pregrado,Profesional Sin Licenciatura,Carreras Profesionales,Educación Media,VIGENTE SIN ALUMNOS NUEVOS,,86000,2026000,0.0,Tecnología,Servicios,Servicios de Seguridad,Ingeniería en Prevención de Riesgos,Servicios,Servicios de Higiene y Salud Ocupacional,ACREDITADA,ACREDITADA,20/01/2021 - 20/01/2026,5.0,0,0,1
2021,1190135,I633S2C57J1V1,19604996.0,2,200209,15 a 19 años,2021,1,2021,1,Centros de Formación Técnica,Centros de Formación Técnica,Centros de Formación Técnica,633,CFT TEODORO WICKEL KLUWEN,2,SEDE ANGOL,57,TECNICO DE NIVEL SUPERIOR EN EDUCACION PARVULARIA,Presencial,Diurna,1,Plan Regular,5,1,6,La Araucanía,MALLECO,ANGOL,Pregrado,Técnico de Nivel Superior,Carreras Técnicas,Educación Media,VIGENTE CON ALUMNOS NUEVOS,,70000,1050000,0.0,Educación,Educación,Formación de Personal Docente y Ciencias de la Educación,Técnico Asistente del Educador de Párvulos,Educación,Educación,SIN INFORMACIÓN,ACREDITADA,24/03/2021 - 24/03/2025,4.0,0,0,1
2021,930674,I139S3C42J1V1,12901459.0,2,200103,20 a 24 años,2020,1,2020,1,Institutos Profesionales,Institutos Profesionales,Institutos Profesionales,139,IP DR. VIRGINIO GOMEZ G.,3,CASA CENTRAL (CONCEPCION),42,TECNICO HIGIENISTA DENTAL,Presencial,Diurna,1,Plan Regular,4,0,4,Biobío,CONCEPCION,CONCEPCION,Pregrado,Técnico de Nivel Superior,Carreras Técnicas,Educación Media,VIGENTE CON ALUMNOS NUEVOS,,144000,1763000,0.0,Salud,Salud y Servicios Sociales,Medicina,Técnico Dental y Asistente de Odontología,Salud y Bienestar,Salud,ACREDITADA,ACREDITADA,17/03/2021 - 17/03/2024,3.0,0,0,1
2021,1079920,I260S12C127J1V1,11829467.0,2,199612,20 a 24 años,2017,1,2017,1,Centros de Formación Técnica,Centros de Formación Técnica,Centros de Formación Técnica,260,CFT SANTO TOMAS,12,SEDE VALDIVIA,127,TECNICO EN EDUCACION PARVULARIA,Presencial,Diurna,1,Plan Regular,5,0,5,Los Ríos,VALDIVIA,VALDIVIA,Pregrado,Técnico de Nivel Superior,Carreras Técnicas,Educación Media,VIGENTE SIN ALUMNOS NUEVOS,,62000,1333000,0.0,Educación,Educación,Formación de Personal Docente y Ciencias de la Educación,Técnico Asistente del Educador de Párvulos,Educación,Educación,NO ACREDITADA,ACREDITADA,20/12/2019 - 20/12/2024,5.0,0,0,1
2021,1091474,I260S34C127J1V1,9858501.0,2,199602,25 a 29 años,2019,1,2019,1,Centros de Formación Técnica,Centros de Formación Técnica,Centros de Formación Técnica,260,CFT SANTO TOMAS,34,SEDE LOS ANGELES,127,TECNICO EN EDUCACION PARVULARIA,Presencial,Diurna,1,Plan Regular,5,0,5,Biobío,BIOBIO,LOS ANGELES,Pregrado,Técnico de Nivel Superior,Carreras Técnicas,Educación Media,VIGENTE SIN ALUMNOS NUEVOS,,62000,1364000,0.0,Educación,Educación,Formación de Personal Docente y Ciencias de la Educación,Técnico Asistente del Educador de Párvulos,Educación,Educación,NO ACREDITADA,ACREDITADA,20/12/2019 - 20/12/2024,5.0,0,0,1
2021,1206735,I917S2C5J2V1,3733757.0,2,199206,25 a 29 años,2020,1,2020,1,Centros de Formación Técnica,Centros de Formación Técnica,Centros de Formación Técnica Estatales,917,CFT DE LA REGION DE LOS RIOS,2,SEDE PANGUIPULLI,5,TECNICO DE NIVEL SUPERIOR EN TURISMO DE INTERESES ESPECIALES,Presencial,Vespertina,1,Plan Regular,5,1,5,Los Ríos,VALDIVIA,PANGUIPULLI,Pregrado,Técnico de Nivel Superior,Carreras Técnicas,Educación Media,VIGENTE CON ALUMNOS NUEVOS,,100000,1350000,0.0,Administración y Comercio,Servicios,Servicios Personales,Técnico en Turismo y Hotelería,Servicios,Servicios personales,SIN INFORMACIÓN,BAJO TUTELA,,,0,0,1
2021,1203511,I906S1C8J2V1,16977056.0,2,198102,40 y más años,2020,1,2020,1,Centros de Formación Técnica,Centros de Formación Técnica,Centros de Formación Técnica Estatales,906,CFT DE LA REGION DE TARAPACA,1,SEDE CENTRAL ALTO HOSPICIO,8,TECNICO DE NIVEL SUPERIOR EN EDUCACION PARVULARIA,Presencial,Vespertina,1,Plan Regular,5,0,5,Tarapacá,IQUIQUE,ALTO HOSPICIO,Pregrado,Técnico de Nivel Superior,Carreras Técnicas,Educación Media,VIGENTE CON ALUMNOS NUEVOS,,50000,1050000,0.0,Educación,Educación,Formación de Personal Docente y Ciencias de la Educación,Técnico Asistente del Educador de Párvulos,Educación,Educación,NO ACREDITADA,BAJO TUTELA,,,0,0,1
2021,1203435,I906S1C8J1V1,17493846.0,2,200012,20 a 24 años,2020,1,2020,1,Centros de Formación Técnica,Centros de Formación Técnica,Centros de Formación Técnica Estatales,906,CFT DE LA REGION DE TARAPACA,1,SEDE CENTRAL ALTO HOSPICIO,8,TECNICO DE NIVEL SUPERIOR EN EDUCACION PARVULARIA,Presencial,Diurna,1,Plan Regular,5,0,5,Tarapacá,IQUIQUE,ALTO HOSPICIO,Pregrado,Técnico de Nivel Superior,Carreras Técnicas,Educación Media,VIGENTE CON ALUMNOS NUEVOS,,50000,1050000,0.0,Educación,Educación,Formación de Personal Docente y Ciencias de la Educación,Técnico Asistente del Educador de Párvulos,Educación,Educación,NO ACREDITADA,BAJO TUTELA,,,0,0,1
2021,1144617,I430S21C39J1V2,4884745.0,2,200206,15 a 19 años,2021,1,2021,1,Centros de Formación Técnica,Centros de Formación Técnica,Centros de Formación Técnica,430,CFT INACAP,21,SEDE PUNTA ARENAS,39,TECNICO EN ENFERMERIA,Presencial,Diurna,2,Plan Regular,5,0,5,Magallanes,MAGALLANES,PUNTA ARENAS,Pregrado,Técnico de Nivel Superior,Carreras Técnicas,Educación Media,VIGENTE CON ALUMNOS NUEVOS,,220000,2072000,0.0,Salud,Salud y Servicios Sociales,Medicina,Técnico en Enfermería,Salud y Bienestar,Salud,NO ACREDITADA,ACREDITADA,05/01/2018 - 05/01/2025,7.0,0,0,1
2021,1170422,I430S5C39J1V2,19460030.0,2,199908,20 a 24 años,2019,1,2019,1,Centros de Formación Técnica,Centros de Formación Técnica,Centros de Formación Técnica,430,CFT INACAP,5,SEDE COPIAPO,39,TECNICO EN ENFERMERIA,Presencial,Diurna,2,Plan Regular,5,0,5,Atacama,COPIAPO,COPIAPO,Pregrado,Técnico de Nivel Superior,Carreras Técnicas,Educación Media,VIGENTE CON ALUMNOS NUEVOS,,220000,2074000,0.0,Salud,Salud y Servicios Sociales,Medicina,Técnico en Enfermería,Salud y Bienestar,Salud,SIN INFORMACIÓN,ACREDITADA,05/01/2018 - 05/01/2025,7.0,0,0,1
2021,1149707,I430S25C39J1V2,4978970.0,1,199310,25 a 29 años,2020,1,2020,1,Centros de Formación Técnica,Centros de Formación Técnica,Centros de Formación Técnica,430,CFT INACAP,25,SEDE OSORNO,39,TECNICO EN ENFERMERIA,Presencial,Diurna,2,Plan Regular,5,0,5,Los Lagos,OSORNO,OSORNO,Pregrado,Técnico de Nivel Superior,Carreras Técnicas,Educación Media,VIGENTE CON ALUMNOS NUEVOS,,220000,2024000,0.0,Salud,Salud y Servicios Sociales,Medicina,Técnico en Enfermería,Salud y Bienestar,Salud,SIN INFORMACIÓN,ACREDITADA,05/01/2018 - 05/01/2025,7.0,0,0,1
2021,1146554,I430S22C39J1V2,8151184.0,2,199211,25 a 29 años,2021,1,2021,1,Centros de Formación Técnica,Centros de Formación Técnica,Centros de Formación Técnica,430,CFT INACAP,22,SEDE CHILLAN,39,TECNICO EN ENFERMERIA,Presencial,Diurna,2,Plan Regular,5,0,5,Ñuble,DIGUILLIN,CHILLAN,Pregrado,Técnico de Nivel Superior,Carreras Técnicas,Educación Media,VIGENTE CON ALUMNOS NUEVOS,,220000,2024000,0.0,Salud,Salud y Servicios Sociales,Medicina,Técnico en Enfermería,Salud y Bienestar,Salud,SIN INFORMACIÓN,ACREDITADA,05/01/2018 - 05/01/2025,7.0,0,0,1
2021,1125954,I367S3C212J1V1,13870882.0,2,200209,15 a 19 años,2021,1,2021,1,Centros de Formación Técnica,Centros de Formación Técnica,Centros de Formación Técnica,367,CFT SAN AGUSTIN,3,SEDE LINARES,212,TECNICO EN COSMETOLOGIA Y ESTETICA INTEGRAL,Presencial,Diurna,1,Plan Regular,5,0,5,Maule,LINARES,LINARES,Pregrado,Técnico de Nivel Superior,Carreras Técnicas,Educación Media,VIGENTE CON ALUMNOS NUEVOS,,55000,2048000,0.0,Arte y Arquitectura,Servicios,Servicios Personales,Técnico en Peluquería y Estética,Servicios,Servicios personales,SIN INFORMACIÓN,ACREDITADA,11/12/2018 - 11/12/2023,5.0,0,0,1
2021,1123425,I367S2C212J1V1,18928353.0,2,199907,20 a 24 años,2021,1,2021,1,Centros de Formación Técnica,Centros de Formación Técnica,Centros de Formación Técnica,367,CFT SAN AGUSTIN,2,SEDE CAUQUENES,212,TECNICO EN COSMETOLOGIA Y ESTETICA INTEGRAL,Presencial,Diurna,1,Plan Regular,5,0,5,Maule,CAUQUENES,CAUQUENES,Pregrado,Técnico de Nivel Superior,Carreras Técnicas,Educación Media,VIGENTE CON ALUMNOS NUEVOS,,55000,2048000,0.0,Arte y Arquitectura,Servicios,Servicios Personales,Técnico en Peluquería y Estética,Servicios,Servicios personales,SIN INFORMACIÓN,ACREDITADA,11/12/2018 - 11/12/2023,5.0,0,0,1
2021,1123411,I367S2C181J2V1,13495994.0,2,199905,20 a 24 años,2021,1,2021,1,Centros de Formación Técnica,Centros de Formación Técnica,Centros de Formación Técnica,367,CFT SAN AGUSTIN,2,SEDE CAUQUENES,181,TECNICO EN TRABAJO SOCIAL,Presencial,Vespertina,1,Plan Regular,5,0,5,Maule,CAUQUENES,CAUQUENES,Pregrado,Técnico de Nivel Superior,Carreras Técnicas,Educación Media,VIGENTE CON ALUMNOS NUEVOS,,55000,1740800,0.0,Ciencias Sociales,Salud y Servicios Sociales,Servicios Sociales,Técnico en Servicio Social,Salud y Bienestar,Bienestar,SIN INFORMACIÓN,ACREDITADA,11/12/2018 - 11/12/2023,5.0,0,0,1
2021,1120784,I367S1C16J1V1,11664616.0,2,200001,20 a 24 años,2020,1,2020,1,Centros de Formación Técnica,Centros de Formación Técnica,Centros de Formación Técnica,367,CFT SAN AGUSTIN,1,CASA CENTRAL (TALCA),16,TECNICO EN PARVULOS Y BASICA,Presencial,Diurna,1,Plan Regular,5,0,5,Maule,TALCA,TALCA,Pregrado,Técnico de Nivel Superior,Carreras Técnicas,Educación Media,VIGENTE CON ALUMNOS NUEVOS,,55000,1740800,0.0,Educación,Educación,Formación de Personal Docente y Ciencias de la Educación,Técnico Asistente del Educador de Párvulos,Educación,Educación,SIN INFORMACIÓN,ACREDITADA,11/12/2018 - 11/12/2023,5.0,0,0,1
2021,852461,I116S10C147J2V1,8596675.0,1,199003,30 a 34 años,2019,1,2019,1,Institutos Profesionales,Institutos Profesionales,Institutos Profesionales,116,IP SANTO TOMAS,10,SEDE ANTOFAGASTA,147,INGENIERIA EN MANTENIMIENTO INDUSTRIAL,Presencial,Vespertina,1,Plan Regular,8,0,8,Antofagasta,ANTOFAGASTA,ANTOFAGASTA,Pregrado,Profesional Sin Licenciatura,Carreras Profesionales,Educación Media,VIGENTE CON ALUMNOS NUEVOS,,89000,2219000,0.0,Tecnología,"Ingeniería, Industria y Construcción",Ingeniería y Profesiones Afines,Ingeniería Industrial,"Ingeniería, Industria y Construcción",Ingeniería y Profesiones Afines,NO ACREDITADA,ACREDITADA,20/01/2021 - 20/01/2026,5.0,0,0,1
2021,859907,I116S25C4J1V1,7269419.0,2,200304,15 a 19 años,2021,1,2021,1,Institutos Profesionales,Institutos Profesionales,Institutos Profesionales,116,IP SANTO TOMAS,25,SEDE RANCAGUA,4,SERVICIO SOCIAL,Presencial,Diurna,1,Plan Regular,8,0,8,Lib. Gral. B. O'Higgins,CACHAPOAL,RANCAGUA,Pregrado,Profesional Sin Licenciatura,Carreras Profesionales,Educación Media,VIGENTE CON ALUMNOS NUEVOS,,89000,1846000,0.0,Ciencias Sociales,Salud y Servicios Sociales,Servicios Sociales,Trabajo Social,Salud y Bienestar,Bienestar,NO ACREDITADA,ACREDITADA,20/01/2021 - 20/01/2026,5.0,0,0,1
2021,1112178,I260S5C84J2V1,11743783.0,1,200002,20 a 24 años,2018,1,2018,1,Centros de Formación Técnica,Centros de Formación Técnica,Centros de Formación Técnica,260,CFT SANTO TOMAS,5,SEDE OVALLE,84,TOPOGRAFIA,Presencial,Vespertina,1,Plan Regular,5,0,5,Coquimbo,LIMARI,OVALLE,Pregrado,Técnico de Nivel Superior,Carreras Técnicas,Educación Media,VIGENTE CON ALUMNOS NUEVOS,,64000,1522000,0.0,Tecnología,"Ingeniería, Industria y Construcción",Arquitectura y Construcción,Técnico en Topografía,"Ingeniería, Industria y Construcción",Arquitectura y Construcción,ACREDITADA,ACREDITADA,20/12/2019 - 20/12/2024,5.0,0,0,1
2021,1112251,I260S8C108J1V1,4121394.0,1,199901,20 a 24 años,2018,1,2018,1,Centros de Formación Técnica,Centros de Formación Técnica,Centros de Formación Técnica,260,CFT SANTO TOMAS,8,SEDE CURICO,108,PREPARADOR FISICO,Presencial,Diurna,1,Plan Regular,5,0,5,Maule,CURICO,CURICO,Pregrado,Técnico de Nivel Superior,Carreras Técnicas,Educación Media,VIGENTE CON ALUMNOS NUEVOS,,64000,1605000,0.0,Educación,Servicios,Servicios Personales,"Técnico en Deporte, Recreación y Preparación Física",Servicios,Servicios personales,NO ACREDITADA,ACREDITADA,20/12/2019 - 20/12/2024,5.0,0,0,1
2021,1091263,I260S34C108J1V1,15900015.0,1,199805,20 a 24 años,2018,1,2018,1,Centros de Formación Técnica,Centros de Formación Técnica,Centros de Formación Técnica,260,CFT SANTO TOMAS,34,SEDE LOS ANGELES,108,PREPARADOR FISICO,Presencial,Diurna,1,Plan Regular,5,0,5,Biobío,BIOBIO,LOS ANGELES,Pregrado,Técnico de Nivel Superior,Carreras Técnicas,Educación Media,VIGENTE CON ALUMNOS NUEVOS,,64000,1672000,0.0,Educación,Servicios,Servicios Personales,"Técnico en Deporte, Recreación y Preparación Física",Servicios,Servicios personales,NO ACREDITADA,ACREDITADA,20/12/2019 - 20/12/2024,5.0,0,0,1
2021,1101830,I260S42C108J2V1,17869037.0,2,199707,20 a 24 años,2019,1,2019,1,Centros de Formación Técnica,Centros de Formación Técnica,Centros de Formación Técnica,260,CFT SANTO TOMAS,42,SEDE CHILLAN,108,PREPARADOR FISICO,Presencial,Vespertina,1,Plan Regular,5,0,5,Ñuble,DIGUILLIN,CHILLAN,Pregrado,Técnico de Nivel Superior,Carreras Técnicas,Educación Media,VIGENTE CON ALUMNOS NUEVOS,,64000,1626000,0.0,Educación,Servicios,Servicios Personales,"Técnico en Deporte, Recreación y Preparación Física",Servicios,Servicios personales,NO ACREDITADA,ACREDITADA,20/12/2019 - 20/12/2024,5.0,0,0,1
2021,1080609,I260S1C100J2V1,19522305.0,2,197312,40 y más años,2019,1,2019,1,Centros de Formación Técnica,Centros de Formación Técnica,Centros de Formación Técnica,260,CFT SANTO TOMAS,1,SEDE ARICA,100,TECNICO JURIDICO,Presencial,Vespertina,1,Plan Regular,5,0,5,Arica y Parinacota,ARICA,ARICA,Pregrado,Técnico de Nivel Superior,Carreras Técnicas,Educación Media,VIGENTE CON ALUMNOS NUEVOS,,64000,1498000,0.0,Derecho,"Ciencias Sociales, Enseñanza Comercial y Derecho",Derecho,Técnico Jurídico,Administración de Empresas y Derecho,Derecho,NO ACREDITADA,ACREDITADA,20/12/2019 - 20/12/2024,5.0,0,0,1
2021,1076351,I260S11C100J1V1,14039148.0,2,199206,25 a 29 años,2019,1,2019,1,Centros de Formación Técnica,Centros de Formación Técnica,Centros de Formación Técnica,260,CFT SANTO TOMAS,11,SEDE TEMUCO,100,TECNICO JURIDICO,Presencial,Diurna,1,Plan Regular,5,0,5,La Araucanía,CAUTIN,TEMUCO,Pregrado,Técnico de Nivel Superior,Carreras Técnicas,Educación Media,VIGENTE CON ALUMNOS NUEVOS,,64000,1470000,0.0,Derecho,"Ciencias Sociales, Enseñanza Comercial y Derecho",Derecho,Técnico Jurídico,Administración de Empresas y Derecho,Derecho,NO ACREDITADA,ACREDITADA,20/12/2019 - 20/12/2024,5.0,0,0,1
2021,1088024,I260S22C79J1V1,19153651.0,2,199104,30 a 34 años,2019,1,2019,1,Centros de Formación Técnica,Centros de Formación Técnica,Centros de Formación Técnica,260,CFT SANTO TOMAS,22,SEDE LA SERENA,79,TECNICO EN EDUCACION ESPECIAL,Presencial,Diurna,1,Plan Regular,5,0,5,Coquimbo,ELQUI,LA SERENA,Pregrado,Técnico de Nivel Superior,Carreras Técnicas,Educación Media,VIGENTE CON ALUMNOS NUEVOS,,64000,1519000,0.0,Educación,Educación,Formación de Personal Docente y Ciencias de la Educación,Técnico Asistente del Educador Diferencial,Educación,Educación,ACREDITADA,ACREDITADA,20/12/2019 - 20/12/2024,5.0,0,0,1
2021,1105602,I260S45C280J1V1,9220813.0,2,200004,20 a 24 años,2020,1,2020,1,Centros de Formación Técnica,Centros de Formación Técnica,Centros de Formación Técnica,260,CFT SANTO TOMAS,45,SEDE CONCEPCION,280,GASTRONOMIA INTERNACIONAL Y TRADICIONAL CHILENA,Presencial,Diurna,1,Plan Regular,5,0,5,Biobío,CONCEPCION,CONCEPCION,Pregrado,Técnico de Nivel Superior,Carreras Técnicas,Educación Media,VIGENTE CON ALUMNOS NUEVOS,,64000,1967000,0.0,Administración y Comercio,Servicios,Servicios Personales,Técnico en Gastronomía y Cocina,Servicios,Servicios personales,NO ACREDITADA,ACREDITADA,20/12/2019 - 20/12/2024,5.0,0,0,1
2021,1103534,I260S43C316J1V1,10089388.0,2,199903,20 a 24 años,2020,1,2020,1,Centros de Formación Técnica,Centros de Formación Técnica,Centros de Formación Técnica,260,CFT SANTO TOMAS,43,SEDE COPIAPO,316,TECNICO EN ENFERMERIA MENCION TERAPIAS COMPLEMENTARIAS,Presencial,Diurna,1,Plan Regular,5,0,5,Atacama,COPIAPO,COPIAPO,Pregrado,Técnico de Nivel Superior,Carreras Técnicas,Educación Media,VIGENTE CON ALUMNOS NUEVOS,,64000,1997000,0.0,Salud,Salud y Servicios Sociales,Medicina,Técnico en Enfermería,Salud y Bienestar,Salud,NO ACREDITADA,ACREDITADA,20/12/2019 - 20/12/2024,5.0,0,0,1
2021,1080097,I260S12C320J1V1,2969384.0,2,199311,25 a 29 años,2020,1,2020,1,Centros de Formación Técnica,Centros de Formación Técnica,Centros de Formación Técnica,260,CFT SANTO TOMAS,12,SEDE VALDIVIA,320,TECNICO EN EDUCACION PARVULARIA 1° Y 2° BASICO,Presencial,Diurna,1,Plan Regular,5,0,5,Los Ríos,VALDIVIA,VALDIVIA,Pregrado,Técnico de Nivel Superior,Carreras Técnicas,Educación Media,VIGENTE CON ALUMNOS NUEVOS,,64000,1342000,0.0,Educación,Educación,Formación de Personal Docente y Ciencias de la Educación,Técnico Asistente del Educador de Párvulos,Educación,Educación,NO ACREDITADA,ACREDITADA,20/12/2019 - 20/12/2024,5.0,0,0,1
2021,1109866,I260S47C47J2V1,14411617.0,2,199907,20 a 24 años,2019,1,2019,1,Centros de Formación Técnica,Centros de Formación Técnica,Centros de Formación Técnica,260,CFT SANTO TOMAS,47,SEDE PUENTE ALTO,47,TECNICO EN ENFERMERIA,Presencial,Vespertina,1,Plan Regular,5,0,5,Metropolitana,CORDILLERA,PUENTE ALTO,Pregrado,Técnico de Nivel Superior,Carreras Técnicas,Educación Media,VIGENTE CON ALUMNOS NUEVOS,,64000,1784000,0.0,Salud,Salud y Servicios Sociales,Medicina,Técnico en Enfermería,Salud y Bienestar,Salud,ACREDITADA,ACREDITADA,20/12/2019 - 20/12/2024,5.0,0,0,1
2021,1094044,I260S37C102J2V1,1437333.0,2,198212,35 a 39 años,2021,1,2021,1,Centros de Formación Técnica,Centros de Formación Técnica,Centros de Formación Técnica,260,CFT SANTO TOMAS,37,SEDE PUERTO MONTT,102,TECNICO EN PRODUCCION ACUICOLA,Presencial,Vespertina,1,Plan Regular,5,0,5,Los Lagos,LLANQUIHUE,PUERTO MONTT,Pregrado,Técnico de Nivel Superior,Carreras Técnicas,Educación Media,VIGENTE CON ALUMNOS NUEVOS,,64000,1493000,0.0,Agropecuaria,Agricultura,"Agricultura, Silvicultura y Pesca",Técnico en Acuicultura y Pesca,"Agricultura, Silvicultura, Pesca y Veterinaria",Pesca,NO ACREDITADA,ACREDITADA,20/12/2019 - 20/12/2024,5.0,0,0,1
2021,1087570,I260S22C47J1V1,5288233.0,2,200206,15 a 19 años,2021,1,2021,1,Centros de Formación Técnica,Centros de Formación Técnica,Centros de Formación Técnica,260,CFT SANTO TOMAS,22,SEDE LA SERENA,47,TECNICO EN ENFERMERIA,Presencial,Diurna,1,Plan Regular,5,0,5,Coquimbo,ELQUI,LA SERENA,Pregrado,Técnico de Nivel Superior,Carreras Técnicas,Educación Media,VIGENTE CON ALUMNOS NUEVOS,,64000,1985000,0.0,Salud,Salud y Servicios Sociales,Medicina,Técnico en Enfermería,Salud y Bienestar,Salud,ACREDITADA,ACREDITADA,20/12/2019 - 20/12/2024,5.0,0,0,1
2021,1092270,I260S34C47J1V1,3254573.0,2,200103,20 a 24 años,2021,1,2021,1,Centros de Formación Técnica,Centros de Formación Técnica,Centros de Formación Técnica,260,CFT SANTO TOMAS,34,SEDE LOS ANGELES,47,TECNICO EN ENFERMERIA,Presencial,Diurna,1,Plan Regular,5,0,5,Biobío,BIOBIO,LOS ANGELES,Pregrado,Técnico de Nivel Superior,Carreras Técnicas,Educación Media,VIGENTE CON ALUMNOS NUEVOS,,64000,1782000,0.0,Salud,Salud y Servicios Sociales,Medicina,Técnico en Enfermería,Salud y Bienestar,Salud,ACREDITADA,ACREDITADA,20/12/2019 - 20/12/2024,5.0,0,0,1
2021,102495,I17S2C41J5V2,11996880.0,2,199104,30 a 34 años,2018,1,2018,1,Universidades,Universidades Privadas,Universidades Privadas,17,UNIVERSIDAD SEK,2,SEDE PROVIDENCIA,41,PEDAGOGIA EN EDUCACION PARVULARIA,Presencial,Otra,2,Plan Regular de Continuidad,7,0,7,Metropolitana,SANTIAGO,PROVIDENCIA,Pregrado,Profesional Con Licenciatura,Carreras Profesionales,Técnico de Nivel Superior,VIGENTE SIN ALUMNOS NUEVOS,,76000,2169000,0.0,Educación,Educación,Formación de Personal Docente y Ciencias de la Educación,Pedagogía en Educación de Párvulos,Educación,Educación,NO ACREDITADA,NO ACREDITADA,,,0,0,1
2021,2060037,I3S1C439J2V1,5589476.0,2,199509,25 a 29 años,2021,1,2021,1,Universidades,Universidades CRUCH,Universidades Privadas CRUCH,3,UNIVERSIDAD DIEGO PORTALES,1,CASA CENTRAL (SANTIAGO),439,DIPLOMADO EN NEUROCIENCIA COGNITIVA Y SOCIAL,Presencial,Vespertina,1,Plan Regular,1,0,1,Metropolitana,SANTIAGO,SANTIAGO,Postítulo,Diplomado (desde un semestre),Postítulo,Título Profesional,VIGENTE CON ALUMNOS NUEVOS,,100000,1250000,0.0,Ciencias Sociales,"Ciencias Sociales, Enseñanza Comercial y Derecho",Ciencias Sociales y del Comportamiento,Postítulo en Ciencias Sociales,"Ciencias Sociales, Periodismo e Información",Ciencias Sociales y del Comportamiento,NO ACREDITADA,ACREDITADA,24/10/2018 - 24/10/2023,5.0,0,0,1
2021,1707271,I20S1C205J4V2,3511357.0,1,198807,30 a 34 años,2021,1,2021,1,Universidades,Universidades Privadas,Universidades Privadas,20,UNIVERSIDAD ANDRES BELLO,1,CASA CENTRAL (SANTIAGO),205,MAGISTER EN DIRECCION Y LIDERAZGO PARA LA GESTION EDUCACIONAL,No Presencial,A Distancia,2,Plan Regular,3,0,3,Metropolitana,SANTIAGO,SANTIAGO,Postgrado,Magister,Magister,Título Profesional,VIGENTE CON ALUMNOS NUEVOS,,370000,3100000,0.0,Administración y Comercio,"Ciencias Sociales, Enseñanza Comercial y Derecho",Enseñanza Comercial y Administración,Magister en Administración y Comercio,Administración de Empresas y Derecho,Educación Comercial y Administración,NO ACREDITADA,ACREDITADA,24/12/2017 - 24/12/2022,5.0,0,0,1
2021,2457184,I34S1C443J3V1,5725476.0,1,198410,35 a 39 años,2020,1,2020,1,Universidades,Universidades CRUCH,Universidades Privadas CRUCH,34,UNIVERSIDAD DE LOS ANDES,1,CASA CENTRAL (SANTIAGO),443,DIPLOMADO DERECHO URBANISTICO,Semipresencial,Semipresencial,1,Plan Regular,1,0,1,Metropolitana,SANTIAGO,LAS CONDES,Postítulo,Diplomado (desde un semestre),Postítulo,Título Profesional,VIGENTE CON ALUMNOS NUEVOS,,0,1148000,0.0,Derecho,"Ciencias Sociales, Enseñanza Comercial y Derecho",Derecho,Postítulo en Derecho,Administración de Empresas y Derecho,Derecho,NO ACREDITADA,ACREDITADA,13/12/2017 - 13/12/2022,5.0,0,0,1
2021,1474509,I45S4C758J5V1,18475400.0,2,198601,35 a 39 años,2019,1,2019,1,Universidades,Universidades Privadas,Universidades Privadas,45,UNIVERSIDAD DEL DESARROLLO,4,SEDE SANTIAGO (S.C. APOQUINDO),758,MAGISTER EN TERAPIA FISICA Y REHABILITACION,Presencial,Otra,1,Plan Regular,4,1,5,Metropolitana,SANTIAGO,LAS CONDES,Postgrado,Magister,Magister,Licenciatura,VIGENTE SIN ALUMNOS NUEVOS,,0,0,0.0,Salud,Salud y Servicios Sociales,Medicina,Magister en Salud,Salud y Bienestar,Salud,NO ACREDITADA,ACREDITADA,15/12/2016 - 15/12/2021,5.0,0,0,1
2021,1328388,I50S2C264J2V1,4503725.0,1,198808,30 a 34 años,2020,1,2020,1,Universidades,Universidades Privadas,Universidades Privadas,50,UNIVERSIDAD BERNARDO O'HIGGINS,2,CAMPUS RONDIZZONI,264,MAGISTER EN CIENCIAS QUIMICO BIOLOGICAS,Presencial,Vespertina,1,Plan Regular,4,1,5,Metropolitana,SANTIAGO,SANTIAGO,Postgrado,Magister,Magister,Licenciatura,VIGENTE CON ALUMNOS NUEVOS,,150000,1750000,0.0,Ciencias Básicas,Ciencias,Ciencias Físicas,Magister en Ciencias Básicas,"Ciencias naturales, matemáticas y estadística",Ciencias Físicas,ACREDITADA,ACREDITADA,23/07/2018 - 23/07/2022,4.0,604464,0,1
2021,1796515,I50S2C313J4V2,4026787.0,2,199110,25 a 29 años,2019,1,2019,1,Universidades,Universidades Privadas,Universidades Privadas,50,UNIVERSIDAD BERNARDO O'HIGGINS,2,CAMPUS RONDIZZONI,313,MAGISTER EN EDUCACION DIFERENCIAL CON MENCION EN DIFICULTADES ESPECIFICAS DEL APRENDIZAJE,No Presencial,A Distancia,2,Plan Regular,4,1,4,Metropolitana,SANTIAGO,SANTIAGO,Postgrado,Magister,Magister,Licenciatura,VIGENTE CON ALUMNOS NUEVOS,,150000,2200000,0.0,Educación,Educación,Formación de Personal Docente y Ciencias de la Educación,Magister en Educación,Educación,Educación,NO ACREDITADA,ACREDITADA,23/07/2018 - 23/07/2022,4.0,604464,0,1
2021,2545357,I69S1C452J2V1,14605832.0,1,198408,35 a 39 años,2021,1,2021,1,Universidades,Universidades CRUCH,Universidades Privadas CRUCH,69,UNIVERSIDAD ALBERTO HURTADO,1,CASA CENTRAL (SANTIAGO),452,MAGISTER EN ORDENAMIENTO TERRITORIAL Y GEOGRAFIA,Presencial,Vespertina,1,Plan Regular,4,2,4,Metropolitana,SANTIAGO,SANTIAGO,Postgrado,Magister,Magister,Licenciatura,VIGENTE CON ALUMNOS NUEVOS,,172000,2200000,0.0,Ciencias Sociales,"Ciencias Sociales, Enseñanza Comercial y Derecho",Ciencias Sociales y del Comportamiento,Magister en Ciencias Sociales,"Ciencias Sociales, Periodismo e Información",Ciencias Sociales y del Comportamiento,NO ACREDITADA,ACREDITADA,18/12/2019 - 18/12/2023,4.0,203000,0,1
2021,1537105,I39S7C391J2V1,10344945.0,2,198810,30 a 34 años,2021,1,2021,1,Universidades,Universidades Privadas,Universidades Privadas,39,UNIVERSIDAD SAN SEBASTIAN,7,SEDE VALDIVIA,391,MAGISTER EN GERENCIA PUBLICA,Presencial,Vespertina,1,Plan Regular,4,1,4,Los Ríos,VALDIVIA,VALDIVIA,Postgrado,Magister,Magister,Licenciatura,VIGENTE CON ALUMNOS NUEVOS,,75000,2225000,0.0,Ciencias Sociales,"Ciencias Sociales, Enseñanza Comercial y Derecho",Enseñanza Comercial y Administración,Magister en Ciencias Sociales,Administración de Empresas y Derecho,Educación Comercial y Administración,NO ACREDITADA,ACREDITADA,13/09/2016 - 13/09/2021,5.0,0,0,10
2021,1205033,I911S1C6J1V1,19740691.0,2,199907,20 a 24 años,2019,1,2020,1,Centros de Formación Técnica,Centros de Formación Técnica,Centros de Formación Técnica Estatales,911,CFT DE LA REGION DE VALPARAISO,1,SEDE VIÑA DEL MAR,6,GESTION PUBLICA,Presencial,Diurna,1,Plan Regular,5,1,5,Valparaíso,VALPARAISO,VIÑA DEL MAR,Pregrado,Técnico de Nivel Superior,Carreras Técnicas,Educación Media,VIGENTE CON ALUMNOS NUEVOS,,0,1366574,0.0,Ciencias Sociales,"Ciencias Sociales, Enseñanza Comercial y Derecho",Enseñanza Comercial y Administración,Técnico en Administración Pública o Municipal,Administración de Empresas y Derecho,Educación Comercial y Administración,NO ACREDITADA,BAJO TUTELA,,,0,0,4
2021,1152975,I430S27C144J2V1,17856780.0,2,199412,25 a 29 años,2015,1,2019,1,Centros de Formación Técnica,Centros de Formación Técnica,Centros de Formación Técnica,430,CFT INACAP,27,SEDE LA SERENA,144,TECNICO EN FARMACIA,Presencial,Vespertina,1,Plan Regular,5,0,5,Coquimbo,ELQUI,LA SERENA,Pregrado,Técnico de Nivel Superior,Carreras Técnicas,Educación Media,VIGENTE CON ALUMNOS NUEVOS,,250000,1826000,0.0,Salud,Salud y Servicios Sociales,Medicina,Técnico en Farmacia,Salud y Bienestar,Salud,SIN INFORMACIÓN,ACREDITADA,05/01/2018 - 05/01/2025,7.0,0,0,3
2021,744587,I106S6C303J4V1,3943437.0,2,199007,30 a 34 años,2010,1,2019,1,Institutos Profesionales,Institutos Profesionales,Institutos Profesionales,106,IP PROVIDENCIA,6,SEDE VICUÑA MACKENNA (SANTIAGO VICUÑA MACKENNA 380),303,DISEÑO GRAFICO DIGITAL,No Presencial,A Distancia,1,Plan Regular,8,1,8,Metropolitana,SANTIAGO,PROVIDENCIA,Pregrado,Profesional Sin Licenciatura,Carreras Profesionales,Educación Media,VIGENTE CON ALUMNOS NUEVOS,,130000,1459056,0.0,Arte y Arquitectura,Humanidades y Artes,Artes,Diseño Gráfico,Artes y Humanidades,Artes,NO ACREDITADA,NO ACREDITADA,,,340000,0,3
2021,1109470,I260S47C47J1V1,20319320.0,2,200305,15 a 19 años,1900,0,2021,1,Centros de Formación Técnica,Centros de Formación Técnica,Centros de Formación Técnica,260,CFT SANTO TOMAS,47,SEDE PUENTE ALTO,47,TECNICO EN ENFERMERIA,Presencial,Diurna,1,Plan Regular,5,0,5,Metropolitana,CORDILLERA,PUENTE ALTO,Pregrado,Técnico de Nivel Superior,Carreras Técnicas,Educación Media,VIGENTE CON ALUMNOS NUEVOS,,64000,1892000,0.0,Salud,Salud y Servicios Sociales,Medicina,Técnico en Enfermería,Salud y Bienestar,Salud,ACREDITADA,ACREDITADA,20/12/2019 - 20/12/2024,5.0,0,0,5
2021,821962,I111S4C48J1V1,13732725.0,1,199609,20 a 24 años,2020,1,2021,1,Institutos Profesionales,Institutos Profesionales,Institutos Profesionales,111,IP DUOC UC,4,SEDE VIÑA DEL MAR,48,INGENIERIA EN INFORMATICA,Presencial,Diurna,1,Plan Regular,8,1,8,Valparaíso,VALPARAISO,VIÑA DEL MAR,Pregrado,Profesional Sin Licenciatura,Carreras Profesionales,Educación Media,VIGENTE CON ALUMNOS NUEVOS,,216000,2400000,0.0,Tecnología,Ciencias,Informática,Ingeniería en Computación e Informática,Tecnología de la Información y la Comunicación (TIC),Tecnología de la Información y la Comunicación (TIC),ACREDITADA,ACREDITADA,26/08/2017 - 26/08/2024,7.0,30000,0,4
2021,827454,I111S5C352J1V1,16889826.0,2,199602,25 a 29 años,2019,1,2021,1,Institutos Profesionales,Institutos Profesionales,Institutos Profesionales,111,IP DUOC UC,5,SEDE ANTONIO VARAS,352,INGENIERIA EN COMERCIO EXTERIOR,Presencial,Diurna,1,Plan Regular,8,1,8,Metropolitana,SANTIAGO,PROVIDENCIA,Pregrado,Profesional Sin Licenciatura,Carreras Profesionales,Educación Media,VIGENTE CON ALUMNOS NUEVOS,,254000,2380000,0.0,Administración y Comercio,"Ciencias Sociales, Enseñanza Comercial y Derecho",Enseñanza Comercial y Administración,Ingeniería en Comercio Exterior,Administración de Empresas y Derecho,Educación Comercial y Administración,ACREDITADA,ACREDITADA,26/08/2017 - 26/08/2024,7.0,30000,0,11
2021,766234,I111S15C48J1V1,13954716.0,1,200009,20 a 24 años,2019,1,2021,1,Institutos Profesionales,Institutos Profesionales,Institutos Profesionales,111,IP DUOC UC,15,SEDE MAIPU,48,INGENIERIA EN INFORMATICA,Presencial,Diurna,1,Plan Regular,8,1,8,Metropolitana,SANTIAGO,MAIPU,Pregrado,Profesional Sin Licenciatura,Carreras Profesionales,Educación Media,VIGENTE CON ALUMNOS NUEVOS,,254000,2490000,0.0,Tecnología,Ciencias,Informática,Ingeniería en Computación e Informática,Tecnología de la Información y la Comunicación (TIC),Tecnología de la Información y la Comunicación (TIC),ACREDITADA,ACREDITADA,26/08/2017 - 26/08/2024,7.0,30000,0,3
2021,994424,I143S28C83J4V1,11057040.0,2,199201,25 a 29 años,2016,1,2017,1,Institutos Profesionales,Institutos Profesionales,Institutos Profesionales,143,IP AIEP,28,CAMPUS VIRTUAL SANTIAGO NORTE,83,TECNICO EN TRABAJO SOCIAL,No Presencial,A Distancia,1,Plan Regular,5,1,5,Metropolitana,SANTIAGO,CONCHALI,Pregrado,Técnico de Nivel Superior,Carreras Técnicas,Educación Media,VIGENTE CON ALUMNOS NUEVOS,,190000,1740000,0.0,Ciencias Sociales,Salud y Servicios Sociales,Servicios Sociales,Técnico en Servicio Social,Salud y Bienestar,Bienestar,NO ACREDITADA,ACREDITADA,22/10/2017 - 22/10/2022,5.0,607712,0,3
2021,932761,I143S0C28J2V2,17978392.0,2,199111,25 a 29 años,2019,1,2021,1,Institutos Profesionales,Institutos Profesionales,Institutos Profesionales,143,IP AIEP,0,SEDE LOS ANGELES,28,TRABAJO SOCIAL,Presencial,Vespertina,2,Plan Regular,8,1,8,Biobío,BIOBIO,LOS ANGELES,Pregrado,Profesional Sin Licenciatura,Carreras Profesionales,Educación Media,VIGENTE CON ALUMNOS NUEVOS,,190000,1670000,0.0,Ciencias Sociales,Salud y Servicios Sociales,Servicios Sociales,Trabajo Social,Salud y Bienestar,Bienestar,NO ACREDITADA,ACREDITADA,22/10/2017 - 22/10/2022,5.0,190000,0,11
2021,977197,I143S26C257J2V2,16071958.0,1,198905,30 a 34 años,2018,1,2019,1,Institutos Profesionales,Institutos Profesionales,Institutos Profesionales,143,IP AIEP,26,SEDE BELLAVISTA,257,INGENIERIA DE EJECUCION EN ADMINISTRACION DE REDES,Presencial,Vespertina,2,Plan Regular,8,1,8,Metropolitana,SANTIAGO,SANTIAGO,Pregrado,Profesional Sin Licenciatura,Carreras Profesionales,Educación Media,VIGENTE CON ALUMNOS NUEVOS,,190000,1890000,0.0,Tecnología,Ciencias,Informática,Ingeniería en Conectividad y Redes,Tecnología de la Información y la Comunicación (TIC),Tecnología de la Información y la Comunicación (TIC),NO ACREDITADA,ACREDITADA,22/10/2017 - 22/10/2022,5.0,190000,0,3
2021,935263,I143S10C23J2V2,9862749.0,1,199603,25 a 29 años,2015,1,2017,1,Institutos Profesionales,Institutos Profesionales,Institutos Profesionales,143,IP AIEP,10,SEDE CURICO,23,CONSTRUCCION CIVIL,Presencial,Vespertina,2,Plan Regular,8,1,8,Maule,CURICO,CURICO,Pregrado,Profesional Sin Licenciatura,Carreras Profesionales,Educación Media,VIGENTE CON ALUMNOS NUEVOS,,190000,1790000,0.0,Tecnología,"Ingeniería, Industria y Construcción",Arquitectura y Construcción,Construcción Civil,"Ingeniería, Industria y Construcción",Arquitectura y Construcción,NO ACREDITADA,ACREDITADA,22/10/2017 - 22/10/2022,5.0,190000,0,3
2021,935040,I143S10C111J2V2,13179098.0,2,199511,25 a 29 años,2018,1,2020,1,Institutos Profesionales,Institutos Profesionales,Institutos Profesionales,143,IP AIEP,10,SEDE CURICO,111,INGENIERIA DE EJECUCION EN ADMINISTRACION DE EMPRESAS MENCION FINANZAS,Presencial,Vespertina,2,Plan Regular,8,1,8,Maule,CURICO,CURICO,Pregrado,Profesional Sin Licenciatura,Carreras Profesionales,Educación Media,VIGENTE CON ALUMNOS NUEVOS,,190000,1730000,0.0,Administración y Comercio,"Ciencias Sociales, Enseñanza Comercial y Derecho",Enseñanza Comercial y Administración,Administración de Empresas e Ing. Asociadas,Administración de Empresas y Derecho,Educación Comercial y Administración,NO ACREDITADA,ACREDITADA,22/10/2017 - 22/10/2022,5.0,190000,0,3
2021,1159267,I430S30C131J1V1,16019534.0,2,200106,20 a 24 años,2021,1,2021,1,Centros de Formación Técnica,Centros de Formación Técnica,Centros de Formación Técnica,430,CFT INACAP,30,SEDE CONCEPCION - TALCAHUANO,131,GASTRONOMIA INTERNACIONAL,Presencial,Diurna,1,Plan Regular,4,0,4,Biobío,CONCEPCION,TALCAHUANO,Pregrado,Técnico de Nivel Superior,Carreras Técnicas,Educación Media,VIGENTE CON ALUMNOS NUEVOS,,220000,2258000,0.0,Administración y Comercio,Servicios,Servicios Personales,Técnico en Gastronomía y Cocina,Servicios,Servicios personales,SIN INFORMACIÓN,ACREDITADA,05/01/2018 - 05/01/2025,7.0,36000,0,5
2021,1170707,I430S5C42J1V1,2765281.0,1,200105,20 a 24 años,2019,1,2020,1,Centros de Formación Técnica,Centros de Formación Técnica,Centros de Formación Técnica,430,CFT INACAP,5,SEDE COPIAPO,42,ANALISTA PROGRAMADOR,Presencial,Diurna,1,Plan Regular,5,0,5,Atacama,COPIAPO,COPIAPO,Pregrado,Técnico de Nivel Superior,Carreras Técnicas,Educación Media,VIGENTE SIN ALUMNOS NUEVOS,,220000,2027000,0.0,Tecnología,Ciencias,Informática,Técnico en Computación e Informática,Tecnología de la Información y la Comunicación (TIC),Tecnología de la Información y la Comunicación (TIC),ACREDITADA,ACREDITADA,05/01/2018 - 05/01/2025,7.0,36000,0,3
2021,312728,I54S11C161J1V2,19788867.0,2,199507,25 a 29 años,2018,1,2020,1,Universidades,Universidades Privadas,Universidades Privadas,54,UNIVERSIDAD TECNOLOGICA DE CHILE INACAP,11,SEDE TALCA,161,INGENIERIA EN ADMINISTRACION DE EMPRESAS MENCION MARKETING Y VENTAS,Presencial,Diurna,2,Plan Regular,8,0,8,Maule,TALCA,TALCA,Pregrado,Profesional Sin Licenciatura,Carreras Profesionales,Educación Media,VIGENTE SIN ALUMNOS NUEVOS,,220000,2008000,0.0,Administración y Comercio,"Ciencias Sociales, Enseñanza Comercial y Derecho",Enseñanza Comercial y Administración,Administración de Empresas e Ing. Asociadas,Administración de Empresas y Derecho,Educación Comercial y Administración,ACREDITADA,ACREDITADA,27/11/2018 - 27/11/2021,3.0,36000,0,11
2021,694597,I100S16C304J2V1,19524847.0,1,200304,15 a 19 años,2021,1,2021,1,Institutos Profesionales,Institutos Profesionales,Institutos Profesionales,100,IP INACAP,16,SEDE COPIAPO,304,INGENIERIA EN MECANICA Y ELECTROMOVILIDAD AUTOMOTRIZ,Presencial,Vespertina,1,Plan Regular,8,0,8,Atacama,COPIAPO,COPIAPO,Pregrado,Profesional Sin Licenciatura,Carreras Profesionales,Educación Media,VIGENTE CON ALUMNOS NUEVOS,,220000,2192000,0.0,Tecnología,"Ingeniería, Industria y Construcción",Ingeniería y Profesiones Afines,Ingeniería en Mecánica Automotriz,"Ingeniería, Industria y Construcción",Ingeniería y Profesiones Afines,SIN INFORMACIÓN,ACREDITADA,11/12/2016 - 11/12/2022,6.0,36000,0,5
2021,694231,I100S16C160J2V1,8296574.0,1,200103,20 a 24 años,2021,1,2021,1,Institutos Profesionales,Institutos Profesionales,Institutos Profesionales,100,IP INACAP,16,SEDE COPIAPO,160,INGENIERIA EN MAQUINARIA PESADA Y VEHICULOS AUTOMOTRICES,Presencial,Vespertina,1,Plan Regular,8,0,8,Atacama,COPIAPO,COPIAPO,Pregrado,Profesional Sin Licenciatura,Carreras Profesionales,Educación Media,VIGENTE CON ALUMNOS NUEVOS,,220000,2176000,0.0,Tecnología,"Ingeniería, Industria y Construcción",Ingeniería y Profesiones Afines,Ingeniería en Mecánica Automotriz,"Ingeniería, Industria y Construcción",Ingeniería y Profesiones Afines,SIN INFORMACIÓN,ACREDITADA,11/12/2016 - 11/12/2022,6.0,36000,0,5
2021,709290,I100S31C149J2V1,12310648.0,2,199810,20 a 24 años,2017,1,2019,1,Institutos Profesionales,Institutos Profesionales,Institutos Profesionales,100,IP INACAP,31,SEDE CHILLAN,149,"INGENIERIA EN MAQUINARIA, VEHICULOS AUTOMOTRICES Y SISTEMAS ELECTRONICOS",Presencial,Vespertina,1,Plan Regular,8,0,8,Ñuble,DIGUILLIN,CHILLAN,Pregrado,Profesional Sin Licenciatura,Carreras Profesionales,Educación Media,VIGENTE SIN ALUMNOS NUEVOS,,220000,2238000,0.0,Tecnología,"Ingeniería, Industria y Construcción",Ingeniería y Profesiones Afines,Ingeniería en Mecánica Automotriz,"Ingeniería, Industria y Construcción",Ingeniería y Profesiones Afines,ACREDITADA,ACREDITADA,11/12/2016 - 11/12/2022,6.0,36000,0,11
2021,1130660,I430S10C175J1V1,1486054.0,1,199502,25 a 29 años,2015,1,2016,1,Centros de Formación Técnica,Centros de Formación Técnica,Centros de Formación Técnica,430,CFT INACAP,10,SEDE RENCA,175,"TELECOMUNICACIONES, CONECTIVIDAD Y REDES",Presencial,Diurna,1,Plan Regular,4,0,4,Metropolitana,SANTIAGO,RENCA,Pregrado,Técnico de Nivel Superior,Carreras Técnicas,Educación Media,VIGENTE CON ALUMNOS NUEVOS,,260000,2388000,0.0,Tecnología,"Ingeniería, Industria y Construcción",Ingeniería y Profesiones Afines,Técnico en Telecomunicaciones,"Ingeniería, Industria y Construcción",Ingeniería y Profesiones Afines,SIN INFORMACIÓN,ACREDITADA,05/01/2018 - 05/01/2025,7.0,36000,0,4
2021,690289,I100S13C33J2V1,9605285.0,1,198810,30 a 34 años,2007,1,2020,1,Institutos Profesionales,Institutos Profesionales,Institutos Profesionales,100,IP INACAP,13,SEDE MAIPU,33,INGENIERIA EN AUTOMATIZACION Y CONTROL INDUSTRIAL,Presencial,Vespertina,1,Plan Regular,8,0,8,Metropolitana,SANTIAGO,MAIPU,Pregrado,Profesional Sin Licenciatura,Carreras Profesionales,Educación Media,VIGENTE SIN ALUMNOS NUEVOS,,260000,2266000,0.0,Tecnología,"Ingeniería, Industria y Construcción",Ingeniería y Profesiones Afines,"Ingeniería en Automatización, Instrumentación y Control","Ingeniería, Industria y Construcción",Ingeniería y Profesiones Afines,NO ACREDITADA,ACREDITADA,11/12/2016 - 11/12/2022,6.0,36000,0,4
2021,1153196,I430S27C201J1V1,10808332.0,1,199510,25 a 29 años,2018,1,2021,1,Centros de Formación Técnica,Centros de Formación Técnica,Centros de Formación Técnica,430,CFT INACAP,27,SEDE LA SERENA,201,ADMINISTRACION DE EMPRESAS,Presencial,Diurna,1,Plan Regular,4,0,4,Coquimbo,ELQUI,LA SERENA,Pregrado,Técnico de Nivel Superior,Carreras Técnicas,Educación Media,VIGENTE CON ALUMNOS NUEVOS,,250000,2134000,0.0,Administración y Comercio,"Ciencias Sociales, Enseñanza Comercial y Derecho",Enseñanza Comercial y Administración,Técnico en Administración de Empresas,Administración de Empresas y Derecho,Educación Comercial y Administración,SIN INFORMACIÓN,ACREDITADA,05/01/2018 - 05/01/2025,7.0,36000,0,3
2021,514528,I84S2C67J1V2,15469810.0,2,200105,20 a 24 años,2019,1,2019,1,Universidades,Universidades CRUCH,Universidades Estatales CRUCH,84,UNIVERSIDAD DE LOS LAGOS,2,SEDE PUERTO MONTT,67,TECNICO UNIVERSITARIO EN EDUCACION PARVULARIA,Presencial,Diurna,2,Plan Regular,5,0,5,Los Lagos,LLANQUIHUE,PUERTO MONTT,Pregrado,Técnico de Nivel Superior,Carreras Técnicas,Educación Media,VIGENTE CON ALUMNOS NUEVOS,,102000,1721000,0.0,Educación,Educación,Formación de Personal Docente y Ciencias de la Educación,Técnico Asistente del Educador de Párvulos,Educación,Educación,NO ACREDITADA,ACREDITADA,12/12/2016 - 12/12/2020,4.0,124000,58000,7
2021,145765,I20S1C67J2V2,18176502.0,2,199409,25 a 29 años,2018,1,2018,1,Universidades,Universidades Privadas,Universidades Privadas,20,UNIVERSIDAD ANDRES BELLO,1,CASA CENTRAL (SANTIAGO),67,TRABAJO SOCIAL,Presencial,Vespertina,2,Plan Regular,10,0,10,Metropolitana,SANTIAGO,SANTIAGO,Pregrado,Profesional Con Licenciatura,Carreras Profesionales,Educación Media,VIGENTE SIN ALUMNOS NUEVOS,,407090,3552760,0.0,Ciencias Sociales,Salud y Servicios Sociales,Servicios Sociales,Trabajo Social,Salud y Bienestar,Bienestar,NO ACREDITADA,ACREDITADA,24/12/2017 - 24/12/2022,5.0,204070,116611,10
2021,647196,I91S2C29J1V1,6802027.0,1,199609,20 a 24 años,2015,1,2015,1,Universidades,Universidades CRUCH,Universidades Privadas CRUCH,91,UNIVERSIDAD CATOLICA DEL NORTE,2,SEDE COQUIMBO,29,INGENIERIA CIVIL EN COMPUTACION E INFORMATICA,Presencial,Diurna,1,Plan Regular,12,2,12,Coquimbo,ELQUI,COQUIMBO,Pregrado,Profesional Con Licenciatura,Carreras Profesionales,Educación Media,VIGENTE SIN ALUMNOS NUEVOS,,142000,4115000,0.0,Tecnología,Ciencias,Informática,Ingeniería Civil en Computación e Informática,Tecnología de la Información y la Comunicación (TIC),Tecnología de la Información y la Comunicación (TIC),ACREDITADA,ACREDITADA,25/11/2016 - 25/11/2022,6.0,178000,45000,1
2021,506986,I84S18C396J2V1,11881903.0,2,199002,30 a 34 años,2019,1,2019,1,Universidades,Universidades CRUCH,Universidades Estatales CRUCH,84,UNIVERSIDAD DE LOS LAGOS,18,SEDE SANTIAGO,396,INGENIERIA EN ADMINISTRACION PUBLICA,Presencial,Vespertina,1,Plan Regular,8,0,8,Metropolitana,SANTIAGO,SANTIAGO,Pregrado,Profesional Sin Licenciatura,Carreras Profesionales,Educación Media,VIGENTE CON ALUMNOS NUEVOS,,137000,2311000,0.0,Ciencias Sociales,"Ciencias Sociales, Enseñanza Comercial y Derecho",Enseñanza Comercial y Administración,Ingeniería en Gestión Pública,Administración de Empresas y Derecho,Educación Comercial y Administración,NO ACREDITADA,ACREDITADA,12/12/2016 - 12/12/2020,4.0,179000,81000,1
2021,1174987,I450S1C34J2V1,4141975.0,1,198212,35 a 39 años,2019,1,2019,1,Centros de Formación Técnica,Centros de Formación Técnica,Centros de Formación Técnica,450,CFT LOTA-ARAUCO,1,CASA CENTRAL (LOTA),34,COMPUTACION E INFORMATICA,Presencial,Vespertina,1,Plan Regular,5,1,5,Biobío,CONCEPCION,LOTA,Pregrado,Técnico de Nivel Superior,Carreras Técnicas,Educación Media,VIGENTE SIN ALUMNOS NUEVOS,,30000,1450000,0.0,Tecnología,Ciencias,Informática,Técnico en Computación e Informática,Tecnología de la Información y la Comunicación (TIC),Tecnología de la Información y la Comunicación (TIC),NO ACREDITADA,ACREDITADA,21/07/2019 - 21/07/2023,4.0,50000,12500,1
2021,1175587,I450S1C54J1V1,18443920.0,2,200007,20 a 24 años,2021,1,2021,1,Centros de Formación Técnica,Centros de Formación Técnica,Centros de Formación Técnica,450,CFT LOTA-ARAUCO,1,CASA CENTRAL (LOTA),54,EDUCACION DIFERENCIAL,Presencial,Diurna,1,Plan Regular,5,1,5,Biobío,CONCEPCION,LOTA,Pregrado,Técnico de Nivel Superior,Carreras Técnicas,Educación Media,VIGENTE CON ALUMNOS NUEVOS,,30000,1450000,0.0,Educación,Educación,Formación de Personal Docente y Ciencias de la Educación,Técnico Asistente del Educador Diferencial,Educación,Educación,SIN INFORMACIÓN,ACREDITADA,21/07/2019 - 21/07/2023,4.0,50000,12500,1
2021,2204058,I71S1C316J2V1,9661337.0,2,197503,40 y más años,2021,1,2021,1,Universidades,Universidades CRUCH,Universidades Estatales CRUCH,71,UNIVERSIDAD DE SANTIAGO DE CHILE,1,CASA CENTRAL (SANTIAGO),316,DIPLOMADO EN ADICCIONES PREVENCION Y REHABILITACION,Presencial,Vespertina,1,Plan Regular,2,0,2,Metropolitana,SANTIAGO,ESTACION CENTRAL,Postítulo,Diplomado (desde un semestre),Postítulo,Técnico de Nivel Superior,VIGENTE CON ALUMNOS NUEVOS,,65000,1500000,0.0,Ciencias Sociales,Salud y Servicios Sociales,Servicios Sociales,Postítulo en Ciencias Sociales,Salud y Bienestar,Bienestar,NO ACREDITADA,ACREDITADA,25/02/2021 - 25/02/2028,7.0,29000,29000,1
2021,2165997,I71S1C316J2V1,16611517.0,2,197412,40 y más años,2021,1,2021,1,Universidades,Universidades CRUCH,Universidades Estatales CRUCH,71,UNIVERSIDAD DE SANTIAGO DE CHILE,1,CASA CENTRAL (SANTIAGO),316,DIPLOMADO EN ADICCIONES PREVENCION Y REHABILITACION,Presencial,Vespertina,1,Plan Regular,2,0,2,Metropolitana,SANTIAGO,ESTACION CENTRAL,Postítulo,Diplomado (desde un semestre),Postítulo,Técnico de Nivel Superior,VIGENTE CON ALUMNOS NUEVOS,,65000,1500000,0.0,Ciencias Sociales,Salud y Servicios Sociales,Servicios Sociales,Postítulo en Ciencias Sociales,Salud y Bienestar,Bienestar,NO ACREDITADA,ACREDITADA,25/02/2021 - 25/02/2028,7.0,29000,29000,1
2021,1061980,I176S7C867J3V1,11966789.0,2,199501,25 a 29 años,2021,1,2021,1,Institutos Profesionales,Institutos Profesionales,Institutos Profesionales,176,IP DEL VALLE CENTRAL,7,CASA CENTRAL (CONCEPCION),867,INGENIERIA DE EJECUCION EN ADMINISTRACION DE EMPRESAS (CONTINUIDAD),Semipresencial,Semipresencial,1,Plan Regular de Continuidad,5,1,5,Biobío,CONCEPCION,CONCEPCION,Pregrado,Profesional Sin Licenciatura,Carreras Profesionales,Técnico de Nivel Superior,VIGENTE CON ALUMNOS NUEVOS,,45000,1150000,0.0,Administración y Comercio,"Ciencias Sociales, Enseñanza Comercial y Derecho",Enseñanza Comercial y Administración,Administración de Empresas e Ing. Asociadas,Administración de Empresas y Derecho,Educación Comercial y Administración,NO ACREDITADA,NO ACREDITADA,,,620000,283774,1
2021,1114172,I280S12C22J2V2,2174564.0,2,197505,40 y más años,2020,1,2020,1,Centros de Formación Técnica,Centros de Formación Técnica,Centros de Formación Técnica,280,CFT LOS LAGOS,12,SEDE LOS ANGELES,22,TECNICO EN ENFERMERIA,Presencial,Vespertina,2,Plan Regular,5,1,5,Biobío,BIOBIO,LOS ANGELES,Pregrado,Técnico de Nivel Superior,Carreras Técnicas,Educación Media,VIGENTE CON ALUMNOS NUEVOS,,143500,1435000,0.0,Salud,Salud y Servicios Sociales,Medicina,Técnico en Enfermería,Salud y Bienestar,Salud,NO ACREDITADA,NO ACREDITADA,,,515000,186000,1
2021,1205501,I914S1C13J1V1,10915562.0,1,200209,15 a 19 años,2021,1,2021,1,Centros de Formación Técnica,Centros de Formación Técnica,Centros de Formación Técnica Estatales,914,CFT DE LA REGION DEL MAULE,1,SEDE LINARES,13,TECNICO DE NIVEL SUPERIOR EN MECANICA AUTOMOTRIZ,Presencial,Diurna,1,Plan Regular,5,1,6,Maule,LINARES,LINARES,Pregrado,Técnico de Nivel Superior,Carreras Técnicas,Educación Media,VIGENTE CON ALUMNOS NUEVOS,,0,1719400,0.0,Tecnología,"Ingeniería, Industria y Construcción",Ingeniería y Profesiones Afines,Técnico en Mecánica Automotriz,"Ingeniería, Industria y Construcción",Ingeniería y Profesiones Afines,SIN INFORMACIÓN,BAJO TUTELA,,,40000,7650,1
2021,46323,I9S9C6J2V1,8070333.0,1,199006,30 a 34 años,2018,2,2018,2,Universidades,Universidades Privadas,Universidades Privadas,9,UNIVERSIDAD DEL ALBA,9,SEDE CHILLAN,6,DERECHO,Presencial,Vespertina,1,Plan Regular,10,2,10,Ñuble,DIGUILLIN,CHILLAN,Pregrado,Profesional Con Licenciatura,Carreras Profesionales,Educación Media,VIGENTE CON ALUMNOS NUEVOS,,125000,2695000,0.0,Derecho,"Ciencias Sociales, Enseñanza Comercial y Derecho",Derecho,Derecho,Administración de Empresas y Derecho,Derecho,NO ACREDITADA,NO ACREDITADA,,,724634,50000,1
2021,45036,I9S8C41J1V1,1795698.0,2,199502,25 a 29 años,2021,1,2021,1,Universidades,Universidades Privadas,Universidades Privadas,9,UNIVERSIDAD DEL ALBA,8,SEDE ANTOFAGASTA,41,ENFERMERIA,Presencial,Diurna,1,Plan Regular,10,2,10,Antofagasta,ANTOFAGASTA,ANTOFAGASTA,Pregrado,Profesional Con Licenciatura,Carreras Profesionales,Educación Media,VIGENTE CON ALUMNOS NUEVOS,,125000,3130000,0.0,Salud,Salud y Servicios Sociales,Medicina,Enfermería,Salud y Bienestar,Salud,ACREDITADA,NO ACREDITADA,,,289181,50000,1
2021,89718,I13S5C384J2V2,17855088.0,2,199601,25 a 29 años,2021,1,2021,1,Universidades,Universidades Privadas,Universidades Privadas,13,UNIVERSIDAD SANTO TOMAS,5,SEDE LA SERENA,384,PROGRAMA DE LICENCIATURA DE TRABAJO SOCIAL,Presencial,Vespertina,2,Plan Regular de Continuidad,2,0,2,Coquimbo,ELQUI,LA SERENA,Pregrado,Licenciatura No Conducente a Título,Carreras Profesionales,Título Profesional,VIGENTE CON ALUMNOS NUEVOS,,93000,1989000,0.0,Ciencias Sociales,Salud y Servicios Sociales,Servicios Sociales,Trabajo Social,Salud y Bienestar,Bienestar,NO ACREDITADA,ACREDITADA,31/03/2021 - 31/03/2025,4.0,0,50000,1
2021,903147,I123S1C24J1V1,6649475.0,2,200003,20 a 24 años,2018,1,2018,1,Institutos Profesionales,Institutos Profesionales,Institutos Profesionales,123,IP DE CHILE,1,SEDE LA SERENA,24,FONOAUDIOLOGIA,Presencial,Diurna,1,Plan Regular,10,1,10,Coquimbo,ELQUI,LA SERENA,Pregrado,Profesional Sin Licenciatura,Carreras Profesionales,Educación Media,VIGENTE CON ALUMNOS NUEVOS,,118000,2477000,0.0,Salud,Salud y Servicios Sociales,Medicina,Fonoaudiología,Salud y Bienestar,Salud,NO ACREDITADA,ACREDITADA,17/03/2021 - 17/03/2025,4.0,0,10000,1
2021,903705,I123S1C30J1V1,17528088.0,2,199405,25 a 29 años,2018,1,2018,1,Institutos Profesionales,Institutos Profesionales,Institutos Profesionales,123,IP DE CHILE,1,SEDE LA SERENA,30,TERAPIA OCUPACIONAL,Presencial,Diurna,1,Plan Regular,10,1,10,Coquimbo,ELQUI,LA SERENA,Pregrado,Profesional Sin Licenciatura,Carreras Profesionales,Educación Media,VIGENTE CON ALUMNOS NUEVOS,,118000,2150000,0.0,Salud,Salud y Servicios Sociales,Medicina,Terapia Ocupacional,Salud y Bienestar,Salud,ACREDITADA,ACREDITADA,17/03/2021 - 17/03/2025,4.0,0,10000,1
2021,176809,I22S1C107J1V1,3723523.0,1,199101,30 a 34 años,2017,1,2017,1,Universidades,Universidades Privadas,Universidades Privadas,22,UNIVERSIDAD DE VIÑA DEL MAR,1,CASA CENTRAL (VIÑA DEL MAR),107,PEDAGOGIA EN INGLES,Presencial,Diurna,1,Plan Regular,8,0,8,Valparaíso,VALPARAISO,VIÑA DEL MAR,Pregrado,Profesional Con Licenciatura,Carreras Profesionales,Educación Media,VIGENTE CON ALUMNOS NUEVOS,,265000,2718170,0.0,Educación,Educación,Formación de Personal Docente y Ciencias de la Educación,Pedagogía en Idiomas,Educación,Educación,ACREDITADA,ACREDITADA,09/12/2019 - 09/12/2022,3.0,0,65000,1
2021,46797,I10S11C287J4V1,9901347.0,1,199511,25 a 29 años,2020,2,2020,2,Universidades,Universidades Privadas,Universidades Privadas,10,UNIVERSIDAD MAYOR,11,SEDE REPUBLICA,287,INGENIERIA EN LOGISTICA,No Presencial,A Distancia,1,Plan Regular de Continuidad,5,1,5,Metropolitana,SANTIAGO,SANTIAGO,Pregrado,Profesional Con Licenciatura,Carreras Profesionales,Técnico de Nivel Superior,VIGENTE CON ALUMNOS NUEVOS,,283000,3073800,0.0,Administración y Comercio,"Ciencias Sociales, Enseñanza Comercial y Derecho",Enseñanza Comercial y Administración,Ingeniería en Logística,Administración de Empresas y Derecho,Educación Comercial y Administración,NO ACREDITADA,ACREDITADA,20/05/2015 - 20/05/2020,5.0,0,178000,10
2021,26793,I4S1C11J2V1,11411849.0,1,198204,35 a 39 años,2019,1,2019,1,Universidades,Universidades Privadas,Universidades Privadas,4,UNIVERSIDAD CENTRAL DE CHILE,1,SANTIAGO,11,INGENIERIA CIVIL EN OBRAS CIVILES VESPERTINO,Presencial,Vespertina,1,Plan Especial,5,0,5,Metropolitana,SANTIAGO,SANTIAGO,Pregrado,Profesional Con Licenciatura,Carreras Profesionales,Licenciatura,VIGENTE SIN ALUMNOS NUEVOS,,100000,4055000,0.0,Tecnología,"Ingeniería, Industria y Construcción",Arquitectura y Construcción,Ingeniería Civil en Obras Civiles,"Ingeniería, Industria y Construcción",Arquitectura y Construcción,NO ACREDITADA,ACREDITADA,21/12/2017 - 21/12/2021,4.0,0,18500,1
2021,2404306,I68S1C46J4V1,16172313.0,1,199310,25 a 29 años,2019,1,2019,1,Universidades,Universidades Privadas,Universidades Privadas,68,UNIVERSIDAD MIGUEL DE CERVANTES,1,CASA CENTRAL (SANTIAGO),46,MAGISTER EN EDUCACION MENCION GESTION DE CALIDAD,No Presencial,A Distancia,1,Plan Especial,4,0,4,Metropolitana,SANTIAGO,SANTIAGO,Postgrado,Magister,Magister,Título Profesional,VIGENTE CON ALUMNOS NUEVOS,,0,1518000,0.0,Educación,Educación,Formación de Personal Docente y Ciencias de la Educación,Magister en Educación,Educación,Educación,NO ACREDITADA,ACREDITADA,02/05/2018 - 02/05/2020,2.0,0,76000,1
2021,142574,I20S1C3J4V4,13161339.0,1,198309,35 a 39 años,2020,1,2020,1,Universidades,Universidades Privadas,Universidades Privadas,20,UNIVERSIDAD ANDRES BELLO,1,CASA CENTRAL (SANTIAGO),3,CONTADOR AUDITOR,No Presencial,A Distancia,4,Plan Especial,5,0,5,Metropolitana,SANTIAGO,SANTIAGO,Pregrado,Profesional Con Licenciatura,Carreras Profesionales,Técnico de Nivel Superior,VIGENTE CON ALUMNOS NUEVOS,,400000,3740000,0.0,Administración y Comercio,"Ciencias Sociales, Enseñanza Comercial y Derecho",Enseñanza Comercial y Administración,Contador Auditor,Administración de Empresas y Derecho,Educación Comercial y Administración,NO ACREDITADA,ACREDITADA,24/12/2017 - 24/12/2022,5.0,0,116300,5
2021,1049804,I155S2C62J2V1,7171440.0,1,199208,25 a 29 años,2021,1,2021,1,Institutos Profesionales,Institutos Profesionales,Institutos Profesionales,155,IP LOS LEONES,2,CASA CENTRAL (SANTIAGO),62,TECNICO EN CONECTIVIDAD Y REDES,Presencial,Vespertina,1,Plan Regular,5,1,5,Metropolitana,SANTIAGO,SANTIAGO,Pregrado,Técnico de Nivel Superior,Carreras Técnicas,Educación Media,VIGENTE CON ALUMNOS NUEVOS,,90000,1200000,0.0,Tecnología,Ciencias,Informática,Técnico en Administración de Redes y Soporte,Tecnología de la Información y la Comunicación (TIC),Tecnología de la Información y la Comunicación (TIC),NO ACREDITADA,ACREDITADA,22/04/2020 - 22/04/2023,3.0,0,5000,1
2021,911595,I123S2C50J2V1,12576802.0,1,199409,25 a 29 años,2021,1,2021,1,Institutos Profesionales,Institutos Profesionales,Institutos Profesionales,123,IP DE CHILE,2,CASA CENTRAL (SANTIAGO),50,INGENIERIA EN MECANICA AUTOMOTRIZ Y AUTOTRONICA,Presencial,Vespertina,1,Plan Regular,8,1,8,Metropolitana,SANTIAGO,SANTIAGO,Pregrado,Profesional Sin Licenciatura,Carreras Profesionales,Educación Media,VIGENTE CON ALUMNOS NUEVOS,,118000,1607000,0.0,Tecnología,"Ingeniería, Industria y Construcción",Ingeniería y Profesiones Afines,Ingeniería en Mecánica Automotriz,"Ingeniería, Industria y Construcción",Ingeniería y Profesiones Afines,NO ACREDITADA,ACREDITADA,17/03/2021 - 17/03/2025,4.0,0,10000,1
2021,913330,I123S2C96J1V1,3939868.0,2,198508,35 a 39 años,2018,1,2018,1,Institutos Profesionales,Institutos Profesionales,Institutos Profesionales,123,IP DE CHILE,2,CASA CENTRAL (SANTIAGO),96,TECNICO EN MASOTERAPIA,Presencial,Diurna,1,Plan Regular,5,1,5,Metropolitana,SANTIAGO,SANTIAGO,Pregrado,Técnico de Nivel Superior,Carreras Técnicas,Educación Media,VIGENTE CON ALUMNOS NUEVOS,,118000,1675000,0.0,Salud,Salud y Servicios Sociales,Medicina,Técnico en Masoterapia,Salud y Bienestar,Salud,NO ACREDITADA,ACREDITADA,17/03/2021 - 17/03/2025,4.0,0,10000,1
2021,592697,I88S2C59J1V3,19955734.0,2,199703,20 a 24 años,2018,1,2018,1,Universidades,Universidades CRUCH,Universidades Privadas CRUCH,88,UNIVERSIDAD TECNICA FEDERICO SANTA MARIA,2,SEDE VIÑA DEL MAR - JOSE MIGUEL CARRERA,59,TECNICO UNIVERSITARIO EN CONTROL MEDIO AMBIENTE,Presencial,Diurna,3,Plan Regular,5,0,5,Valparaíso,VALPARAISO,VIÑA DEL MAR,Pregrado,Técnico de Nivel Superior,Carreras Técnicas,Educación Media,VIGENTE SIN ALUMNOS NUEVOS,,186000,2150000,15452.0,Tecnología,Servicios,Protección del Medio Ambiente,Técnico en Medio Ambiente (Control y Gestión),"Ingeniería, Industria y Construcción",Ingeniería y Profesiones Afines,NO ACREDITADA,ACREDITADA,29/12/2016 - 29/12/2022,6.0,92000,3200,1
2021,413493,I73S2C215J1V1,7747206.0,2,199704,20 a 24 años,2017,1,2019,1,Universidades,Universidades CRUCH,Universidades Estatales CRUCH,73,UNIVERSIDAD DE ANTOFAGASTA,2,SEDE CAMPUS COLOSO,215,PEDAGOGIA EN EDUCACION PARVULARIA MENCION NECESIDADES EDUCATIVAS ESPECIALES,Presencial,Diurna,1,Plan Regular,9,1,9,Antofagasta,ANTOFAGASTA,ANTOFAGASTA,Pregrado,Profesional Con Licenciatura,Carreras Profesionales,Educación Media,VIGENTE SIN ALUMNOS NUEVOS,,165000,2658000,24087.0,Educación,Educación,Formación de Personal Docente y Ciencias de la Educación,Pedagogía en Educación de Párvulos,Educación,Educación,ACREDITADA,ACREDITADA,15/08/2017 - 15/08/2022,5.0,224000,180000,3
2021,307390,I50S2C212J1V1,3769102.0,1,199901,20 a 24 años,1900,0,2019,1,Universidades,Universidades Privadas,Universidades Privadas,50,UNIVERSIDAD BERNARDO O'HIGGINS,2,CAMPUS RONDIZZONI,212,KINESIOLOGIA,Presencial,Diurna,1,Plan Regular,10,1,10,Metropolitana,SANTIAGO,SANTIAGO,Pregrado,Profesional Con Licenciatura,Carreras Profesionales,Educación Media,VIGENTE CON ALUMNOS NUEVOS,,215000,3890000,53303.0,Salud,Salud y Servicios Sociales,Medicina,Kinesiología,Salud y Bienestar,Salud,NO ACREDITADA,ACREDITADA,23/07/2018 - 23/07/2022,4.0,306174,0,4
2021,581777,I87S3C110J1V1,15917320.0,2,199908,20 a 24 años,2020,1,2020,1,Universidades,Universidades CRUCH,Universidades Privadas CRUCH,87,UNIVERSIDAD DE CONCEPCION,3,SEDE LOS ANGELES,110,EDUCACION GENERAL BASICA,Presencial,Diurna,1,Plan Regular,10,0,10,Biobío,BIOBIO,LOS ANGELES,Pregrado,Profesional Con Licenciatura,Carreras Profesionales,Educación Media,VIGENTE CON ALUMNOS NUEVOS,,120000,3133750,13092.0,Educación,Educación,Formación de Personal Docente y Ciencias de la Educación,Pedagogía en Educación Básica,Educación,Educación,ACREDITADA,ACREDITADA,11/11/2016 - 11/11/2023,7.0,820000,30000,1
2021,216144,I31S3C12J2V1,8973856.0,2,198609,30 a 34 años,2021,1,2021,1,Universidades,Universidades Privadas,Universidades Privadas,31,UNIVERSIDAD AUTONOMA DE CHILE,3,SEDE SANTIAGO,12,PSICOLOGIA,Presencial,Vespertina,1,Plan Regular,10,1,10,Metropolitana,SANTIAGO,SAN MIGUEL,Pregrado,Profesional Con Licenciatura,Carreras Profesionales,Educación Media,VIGENTE CON ALUMNOS NUEVOS,,237000,4112000,49118.0,Ciencias Sociales,"Ciencias Sociales, Enseñanza Comercial y Derecho",Ciencias Sociales y del Comportamiento,Psicología,"Ciencias Sociales, Periodismo e Información",Ciencias Sociales y del Comportamiento,NO ACREDITADA,ACREDITADA,29/10/2019 - 29/10/2023,4.0,226160,82000,1
2021,635005,I90S2C112J1V1,10430902.0,2,200206,15 a 19 años,2020,1,2020,1,Universidades,Universidades CRUCH,Universidades Privadas CRUCH,90,UNIVERSIDAD AUSTRAL DE CHILE,2,SEDE PUERTO MONTT,112,TECNOLOGIA MEDICA,Presencial,Diurna,1,Plan Regular,10,0,10,Los Lagos,LLANQUIHUE,PUERTO MONTT,Pregrado,Profesional Con Licenciatura,Carreras Profesionales,Educación Media,VIGENTE CON ALUMNOS NUEVOS,,175000,3869000,17086.0,Salud,Salud y Servicios Sociales,Medicina,Tecnología Médica,Salud y Bienestar,Salud,ACREDITADA,ACREDITADA,12/11/2015 - 12/11/2021,6.0,166000,17000,1
2021,211583,I31S2C39J1V1,5411415.0,2,199705,20 a 24 años,2015,1,2015,1,Universidades,Universidades Privadas,Universidades Privadas,31,UNIVERSIDAD AUTONOMA DE CHILE,2,SEDE TALCA,39,KINESIOLOGIA,Presencial,Diurna,1,Plan Regular,10,1,10,Maule,TALCA,TALCA,Pregrado,Profesional Con Licenciatura,Carreras Profesionales,Educación Media,VIGENTE CON ALUMNOS NUEVOS,,237000,3681000,49203.0,Salud,Salud y Servicios Sociales,Medicina,Kinesiología,Salud y Bienestar,Salud,ACREDITADA,ACREDITADA,29/10/2019 - 29/10/2023,4.0,202455,82000,1
2021,432441,I75S1C21J1V2,15989525.0,1,199808,20 a 24 años,1900,0,2018,2,Universidades,Universidades CRUCH,Universidades Estatales CRUCH,75,UNIVERSIDAD DEL BIO-BIO,1,CASA CENTRAL (CONCEPCION),21,INGENIERIA EN CONSTRUCCION,Presencial,Diurna,2,Plan Regular,10,1,10,Biobío,CONCEPCION,CONCEPCION,Pregrado,Profesional Con Licenciatura,Carreras Profesionales,Educación Media,VIGENTE CON ALUMNOS NUEVOS,,105000,3255000,29005.0,Tecnología,"Ingeniería, Industria y Construcción",Arquitectura y Construcción,Ingeniería en Construcción,"Ingeniería, Industria y Construcción",Arquitectura y Construcción,NO ACREDITADA,ACREDITADA,28/08/2019 - 28/08/2024,5.0,25000,5000,4
2021,16,I1S1C12J1V1,18544935.0,2,199206,25 a 29 años,1900,0,2012,1,Universidades,Universidades Privadas,Universidades Privadas,1,UNIVERSIDAD GABRIELA MISTRAL,1,CASA CENTRAL,12,PSICOLOGIA,Presencial,Diurna,1,Plan Regular,10,1,10,Metropolitana,SANTIAGO,PROVIDENCIA,Pregrado,Profesional Con Licenciatura,Carreras Profesionales,Educación Media,VIGENTE CON ALUMNOS NUEVOS,,283000,3914000,54301.0,Ciencias Sociales,"Ciencias Sociales, Enseñanza Comercial y Derecho",Ciencias Sociales y del Comportamiento,Psicología,"Ciencias Sociales, Periodismo e Información",Ciencias Sociales y del Comportamiento,NO ACREDITADA,NO ACREDITADA,,,391400,0,4
2021,427390,I75S1C10J1V2,13109595.0,1,200201,15 a 19 años,2020,1,2020,1,Universidades,Universidades CRUCH,Universidades Estatales CRUCH,75,UNIVERSIDAD DEL BIO-BIO,1,CASA CENTRAL (CONCEPCION),10,INGENIERIA CIVIL,Presencial,Diurna,2,Plan Regular,11,0,11,Biobío,CONCEPCION,CONCEPCION,Pregrado,Profesional Con Licenciatura,Carreras Profesionales,Educación Media,VIGENTE CON ALUMNOS NUEVOS,,105000,3373000,29021.0,Tecnología,"Ingeniería, Industria y Construcción",Ingeniería y Profesiones Afines,"Ingeniería Civil, plan común y licenciatura en Ciencias de la Ingeniería","Ingeniería, Industria y Construcción",Ingeniería y Profesiones Afines,NO ACREDITADA,ACREDITADA,28/08/2019 - 28/08/2024,5.0,25000,5000,1
2021,450419,I76S1C93J1V1,16343813.0,1,200205,15 a 19 años,2021,1,2021,1,Universidades,Universidades CRUCH,Universidades Estatales CRUCH,76,UNIVERSIDAD DE LA FRONTERA,1,CASA CENTRAL (TEMUCO),93,INGENIERIA CIVIL ELECTRICA,Presencial,Diurna,1,Plan Regular,12,0,12,La Araucanía,CAUTIN,TEMUCO,Pregrado,Profesional Con Licenciatura,Carreras Profesionales,Educación Media,VIGENTE CON ALUMNOS NUEVOS,,128000,3391000,30077.0,Tecnología,"Ingeniería, Industria y Construcción",Ingeniería y Profesiones Afines,Ingeniería Civil Eléctrica,"Ingeniería, Industria y Construcción",Ingeniería y Profesiones Afines,NO ACREDITADA,ACREDITADA,28/11/2018 - 28/11/2024,6.0,100000,50000,1
2021,584035,I88S1C11J1V1,2411603.0,1,200008,20 a 24 años,2019,1,2019,1,Universidades,Universidades CRUCH,Universidades Privadas CRUCH,88,UNIVERSIDAD TECNICA FEDERICO SANTA MARIA,1,CAMPUS CASA CENTRAL VALPARAISO,11,INGENIERIA CIVIL ELECTRICA,Presencial,Diurna,1,Plan Regular,12,0,12,Valparaíso,VALPARAISO,VALPARAISO,Pregrado,Profesional Con Licenciatura,Carreras Profesionales,Educación Media,VIGENTE CON ALUMNOS NUEVOS,,186000,4740000,15130.0,Tecnología,"Ingeniería, Industria y Construcción",Ingeniería y Profesiones Afines,Ingeniería Civil Eléctrica,"Ingeniería, Industria y Construcción",Ingeniería y Profesiones Afines,NO ACREDITADA,ACREDITADA,29/12/2016 - 29/12/2022,6.0,92000,3200,1
2021,634146,I90S1C92J1V2,3196018.0,1,199409,25 a 29 años,2015,1,2015,1,Universidades,Universidades CRUCH,Universidades Privadas CRUCH,90,UNIVERSIDAD AUSTRAL DE CHILE,1,CASA CENTRAL,92,MEDICINA,Presencial,Diurna,2,Plan Regular,14,0,14,Los Ríos,VALDIVIA,VALDIVIA,Pregrado,Profesional Con Licenciatura,Carreras Profesionales,Educación Media,VIGENTE CON ALUMNOS NUEVOS,,175000,5618000,17031.0,Salud,Salud y Servicios Sociales,Medicina,Medicina,Salud y Bienestar,Salud,ACREDITADA,ACREDITADA,12/11/2015 - 12/11/2021,6.0,166000,17000,1
2021,281720,I42S1C4J1V1,6301071.0,2,199902,20 a 24 años,2017,1,2017,1,Universidades,Universidades Privadas,Universidades Privadas,42,UNIVERSIDAD CATOLICA CARDENAL RAUL SILVA HENRIQUEZ,1,CASA CENTRAL (SANTIAGO),4,PEDAGOGIA EN EDUCACION DIFERENCIAL,Presencial,Diurna,1,Plan Regular,9,0,9,Metropolitana,SANTIAGO,SANTIAGO,Pregrado,Profesional Con Licenciatura,Carreras Profesionales,Educación Media,VIGENTE SIN ALUMNOS NUEVOS,,297900,2979000,46104.0,Educación,Educación,Formación de Personal Docente y Ciencias de la Educación,Pedagogía en Educación Diferencial,Educación,Educación,ACREDITADA,ACREDITADA,29/11/2016 - 29/11/2020,4.0,282000,0,1
2021,6966,I2S1C2J1V1,3113939.0,2,200012,20 a 24 años,2020,1,2020,1,Universidades,Universidades Privadas,Universidades Privadas,2,UNIVERSIDAD FINIS TERRAE,1,CASA CENTRAL (SANTIAGO),2,DERECHO,Presencial,Diurna,1,Plan Regular,10,2,12,Metropolitana,SANTIAGO,PROVIDENCIA,Pregrado,Profesional Con Licenciatura,Carreras Profesionales,Educación Media,VIGENTE CON ALUMNOS NUEVOS,,378000,5020000,40030.0,Derecho,"Ciencias Sociales, Enseñanza Comercial y Derecho",Derecho,Derecho,Administración de Empresas y Derecho,Derecho,ACREDITADA,ACREDITADA,19/11/2019 - 19/11/2023,4.0,768000,0,1
2021,23815,I3S1C58J1V1,7844364.0,2,199711,20 a 24 años,2018,1,2018,1,Universidades,Universidades CRUCH,Universidades Privadas CRUCH,3,UNIVERSIDAD DIEGO PORTALES,1,CASA CENTRAL (SANTIAGO),58,PEDAGOGIA EN EDUCACION PARVULARIA,Presencial,Diurna,1,Plan Regular,8,0,8,Metropolitana,SANTIAGO,SANTIAGO,Pregrado,Profesional Con Licenciatura,Carreras Profesionales,Educación Media,VIGENTE CON ALUMNOS NUEVOS,,329000,3268000,38168.0,Educación,Educación,Formación de Personal Docente y Ciencias de la Educación,Pedagogía en Educación de Párvulos,Educación,Educación,ACREDITADA,ACREDITADA,24/10/2018 - 24/10/2023,5.0,232728,0,1
2021,510961,I84S1C46J1V3,11149684.0,1,200206,15 a 19 años,2020,1,2020,1,Universidades,Universidades CRUCH,Universidades Estatales CRUCH,84,UNIVERSIDAD DE LOS LAGOS,1,CASA CENTRAL (OSORNO),46,TRABAJO SOCIAL,Presencial,Diurna,3,Plan Regular,10,0,10,Los Lagos,OSORNO,OSORNO,Pregrado,Profesional Con Licenciatura,Carreras Profesionales,Educación Media,VIGENTE CON ALUMNOS NUEVOS,,137000,2677000,32061.0,Ciencias Sociales,Salud y Servicios Sociales,Servicios Sociales,Trabajo Social,Salud y Bienestar,Bienestar,NO ACREDITADA,ACREDITADA,12/12/2016 - 12/12/2020,4.0,228000,81000,1
2021,485055,I81S1C128J1V1,64972.0,2,199802,20 a 24 años,2016,1,2016,1,Universidades,Universidades CRUCH,Universidades Estatales CRUCH,81,UNIVERSIDAD ARTURO PRAT,1,CASA CENTRAL (IQUIQUE),128,INGENIERIA EN INFORMACION Y CONTROL DE GESTION,Presencial,Diurna,1,Plan Regular,10,0,10,Tarapacá,IQUIQUE,IQUIQUE,Pregrado,Profesional Con Licenciatura,Carreras Profesionales,Educación Media,VIGENTE CON ALUMNOS NUEVOS,,161000,2608000,23062.0,Administración y Comercio,"Ciencias Sociales, Enseñanza Comercial y Derecho",Enseñanza Comercial y Administración,Ingeniería en Control de Gestión,Administración de Empresas y Derecho,Educación Comercial y Administración,ACREDITADA,ACREDITADA,21/12/2017 - 21/12/2021,4.0,161000,454000,1
2021,629118,I90S1C3J1V1,58934.0,2,199905,20 a 24 años,2019,1,2019,1,Universidades,Universidades CRUCH,Universidades Privadas CRUCH,90,UNIVERSIDAD AUSTRAL DE CHILE,1,CASA CENTRAL,3,AGRONOMIA,Presencial,Diurna,1,Plan Regular,10,0,10,Los Ríos,VALDIVIA,VALDIVIA,Pregrado,Profesional Con Licenciatura,Carreras Profesionales,Educación Media,VIGENTE CON ALUMNOS NUEVOS,,175000,4124000,17000.0,Agropecuaria,Agricultura,"Agricultura, Silvicultura y Pesca",Agronomía,"Agricultura, Silvicultura, Pesca y Veterinaria",Agricultura,ACREDITADA,ACREDITADA,12/11/2015 - 12/11/2021,6.0,166000,17000,1
2021,650330,I92S1C13J1V1,9778715.0,1,200202,15 a 19 años,2020,1,2020,1,Universidades,Universidades CRUCH,Universidades Privadas CRUCH,92,UNIVERSIDAD CATOLICA DEL MAULE,1,CASA CENTRAL,13,INGENIERIA EN CONSTRUCCION,Presencial,Diurna,1,Plan Regular,10,0,10,Maule,TALCA,TALCA,Pregrado,Profesional Con Licenciatura,Carreras Profesionales,Educación Media,VIGENTE CON ALUMNOS NUEVOS,,150000,3900000,35041.0,Tecnología,"Ingeniería, Industria y Construcción",Arquitectura y Construcción,Ingeniería en Construcción,"Ingeniería, Industria y Construcción",Arquitectura y Construcción,NO ACREDITADA,ACREDITADA,20/01/2021 - 20/01/2026,5.0,207000,0,1
2021,654861,I92S1C38J1V1,19376694.0,1,200111,15 a 19 años,2021,1,2021,1,Universidades,Universidades CRUCH,Universidades Privadas CRUCH,92,UNIVERSIDAD CATOLICA DEL MAULE,1,CASA CENTRAL,38,PSICOLOGIA,Presencial,Diurna,1,Plan Regular,10,0,10,Maule,TALCA,TALCA,Pregrado,Profesional Con Licenciatura,Carreras Profesionales,Educación Media,VIGENTE CON ALUMNOS NUEVOS,,150000,3766000,35004.0,Ciencias Sociales,"Ciencias Sociales, Enseñanza Comercial y Derecho",Ciencias Sociales y del Comportamiento,Psicología,"Ciencias Sociales, Periodismo e Información",Ciencias Sociales y del Comportamiento,NO ACREDITADA,ACREDITADA,20/01/2021 - 20/01/2026,5.0,207000,0,1
2021,578102,I87S1C64J1V1,1202449.0,1,199210,25 a 29 años,2016,1,2016,1,Universidades,Universidades CRUCH,Universidades Privadas CRUCH,87,UNIVERSIDAD DE CONCEPCION,1,CASA CENTRAL,64,LICENCIATURA EN QUIMICA-QUIMICO,Presencial,Diurna,1,Plan Regular,10,0,10,Biobío,CONCEPCION,CONCEPCION,Pregrado,Profesional Con Licenciatura,Carreras Profesionales,Educación Media,VIGENTE CON ALUMNOS NUEVOS,,120000,4131913,13001.0,Ciencias Básicas,Ciencias,Ciencias Físicas,"Química, Licenciado en Química","Ciencias naturales, matemáticas y estadística",Ciencias Físicas,NO ACREDITADA,ACREDITADA,11/11/2016 - 11/11/2023,7.0,820000,30000,1
2021,564151,I87S1C147J1V1,186186.0,1,199909,20 a 24 años,2020,1,2020,1,Universidades,Universidades CRUCH,Universidades Privadas CRUCH,87,UNIVERSIDAD DE CONCEPCION,1,CASA CENTRAL,147,SOCIOLOGIA,Presencial,Diurna,1,Plan Regular,10,0,10,Biobío,CONCEPCION,CONCEPCION,Pregrado,Profesional Con Licenciatura,Carreras Profesionales,Educación Media,VIGENTE CON ALUMNOS NUEVOS,,120000,3965474,13077.0,Ciencias Sociales,"Ciencias Sociales, Enseñanza Comercial y Derecho",Ciencias Sociales y del Comportamiento,Sociología,"Ciencias Sociales, Periodismo e Información",Ciencias Sociales y del Comportamiento,NO ACREDITADA,ACREDITADA,11/11/2016 - 11/11/2023,7.0,820000,30000,1
2021,388032,I71S1C444J1V1,19856623.0,1,200012,20 a 24 años,2019,1,2019,1,Universidades,Universidades CRUCH,Universidades Estatales CRUCH,71,UNIVERSIDAD DE SANTIAGO DE CHILE,1,CASA CENTRAL (SANTIAGO),444,LICENCIATURA EN CIENCIAS DE LA ACTIVIDAD FISICA / ENTRENADOR DEPORTIVO,Presencial,Diurna,1,Plan Regular,10,1,10,Metropolitana,SANTIAGO,ESTACION CENTRAL,Pregrado,Profesional Con Licenciatura,Carreras Profesionales,Educación Media,VIGENTE CON ALUMNOS NUEVOS,,160000,3633000,16097.0,Educación,Servicios,Servicios Personales,Otros Profesionales de Educación,Servicios,Servicios personales,ACREDITADA,ACREDITADA,25/02/2021 - 25/02/2028,7.0,114000,114000,1
2021,236247,I34S1C42J1V1,1214300.0,1,199701,20 a 24 años,2017,1,2017,1,Universidades,Universidades CRUCH,Universidades Privadas CRUCH,34,UNIVERSIDAD DE LOS ANDES,1,CASA CENTRAL (SANTIAGO),42,INGENIERIA COMERCIAL,Presencial,Diurna,1,Plan Regular,10,1,10,Metropolitana,SANTIAGO,LAS CONDES,Pregrado,Profesional Con Licenciatura,Carreras Profesionales,Educación Media,VIGENTE CON ALUMNOS NUEVOS,,465360,6195105,43010.0,Administración y Comercio,"Ciencias Sociales, Enseñanza Comercial y Derecho",Enseñanza Comercial y Administración,Ingeniería Comercial,Administración de Empresas y Derecho,Educación Comercial y Administración,ACREDITADA,ACREDITADA,13/12/2017 - 13/12/2022,5.0,145425,0,1
2021,230541,I34S1C10J1V2,12814961.0,2,199803,20 a 24 años,2017,1,2017,1,Universidades,Universidades CRUCH,Universidades Privadas CRUCH,34,UNIVERSIDAD DE LOS ANDES,1,CASA CENTRAL (SANTIAGO),10,PSICOLOGIA,Presencial,Diurna,2,Plan Regular,10,1,10,Metropolitana,SANTIAGO,LAS CONDES,Pregrado,Profesional Con Licenciatura,Carreras Profesionales,Educación Media,VIGENTE CON ALUMNOS NUEVOS,,465360,5671575,43025.0,Ciencias Sociales,"Ciencias Sociales, Enseñanza Comercial y Derecho",Ciencias Sociales y del Comportamiento,Psicología,"Ciencias Sociales, Periodismo e Información",Ciencias Sociales y del Comportamiento,ACREDITADA,ACREDITADA,13/12/2017 - 13/12/2022,5.0,145425,0,1
2021,495830,I82S1C13J1V1,13685231.0,2,200003,20 a 24 años,2018,1,2018,1,Universidades,Universidades CRUCH,Universidades Estatales CRUCH,82,UNIVERSIDAD METROPOLITANA DE CIENCIAS DE LA EDUCACION,1,CASA CENTRAL (SANTIAGO),13,LICENCIATURA EN EDUCACION Y PEDAGOGIA EN EDUCACION BASICA CON MENCION,Presencial,Diurna,1,Plan Regular,10,2,10,Metropolitana,SANTIAGO,ÑUÑOA,Pregrado,Profesional Con Licenciatura,Carreras Profesionales,Educación Media,VIGENTE CON ALUMNOS NUEVOS,,168000,2476000,20050.0,Educación,Educación,Formación de Personal Docente y Ciencias de la Educación,Pedagogía en Educación Básica,Educación,Educación,ACREDITADA,ACREDITADA,30/12/2019 - 30/12/2022,3.0,164000,0,1
2021,330831,I69S1C261J1V1,181311.0,2,199703,20 a 24 años,2016,1,2016,1,Universidades,Universidades CRUCH,Universidades Privadas CRUCH,69,UNIVERSIDAD ALBERTO HURTADO,1,CASA CENTRAL (SANTIAGO),261,PEDAGOGIA EN MATEMATICA,Presencial,Diurna,1,Plan Regular,10,2,10,Metropolitana,SANTIAGO,SANTIAGO,Pregrado,Profesional Con Licenciatura,Carreras Profesionales,Educación Media,VIGENTE CON ALUMNOS NUEVOS,,171000,3517000,45029.0,Educación,Educación,Formación de Personal Docente y Ciencias de la Educación,Pedagogía en Matemáticas y Computación,Educación,Educación,ACREDITADA,ACREDITADA,18/12/2019 - 18/12/2023,4.0,232000,0,1
2021,13941,I3S1C155J1V1,4595126.0,2,200002,20 a 24 años,2019,1,2019,1,Universidades,Universidades CRUCH,Universidades Privadas CRUCH,3,UNIVERSIDAD DIEGO PORTALES,1,CASA CENTRAL (SANTIAGO),155,INGENIERIA EN CONTROL DE GESTION,Presencial,Diurna,1,Plan Regular,10,0,10,Metropolitana,SANTIAGO,SANTIAGO,Pregrado,Profesional Con Licenciatura,Carreras Profesionales,Educación Media,VIGENTE CON ALUMNOS NUEVOS,,383000,3837000,38292.0,Administración y Comercio,"Ciencias Sociales, Enseñanza Comercial y Derecho",Enseñanza Comercial y Administración,Ingeniería en Control de Gestión,Administración de Empresas y Derecho,Educación Comercial y Administración,ACREDITADA,ACREDITADA,24/10/2018 - 24/10/2023,5.0,232728,0,1
2021,15055,I3S1C1J1V1,10459813.0,1,200105,20 a 24 años,2020,1,2020,1,Universidades,Universidades CRUCH,Universidades Privadas CRUCH,3,UNIVERSIDAD DIEGO PORTALES,1,CASA CENTRAL (SANTIAGO),1,DERECHO,Presencial,Diurna,1,Plan Regular,10,0,10,Metropolitana,SANTIAGO,SANTIAGO,Pregrado,Profesional Con Licenciatura,Carreras Profesionales,Educación Media,VIGENTE CON ALUMNOS NUEVOS,,554000,5559000,38004.0,Derecho,"Ciencias Sociales, Enseñanza Comercial y Derecho",Derecho,Derecho,Administración de Empresas y Derecho,Derecho,NO ACREDITADA,ACREDITADA,24/10/2018 - 24/10/2023,5.0,232728,0,1
2021,452286,I77S1C222J2V1,19847197.0,2,198111,35 a 39 años,2021,1,2021,1,Universidades,Universidades CRUCH,Universidades Estatales CRUCH,77,UNIVERSIDAD DE MAGALLANES,1,CASA CENTRAL (PUNTA ARENAS),222,TECNICO DE NIVEL SUPERIOR EN EDUCACION ESPECIAL,Presencial,Vespertina,1,Plan Regular,4,0,4,Magallanes,MAGALLANES,PUNTA ARENAS,Pregrado,Técnico de Nivel Superior,Carreras Técnicas,Educación Media,VIGENTE CON ALUMNOS NUEVOS,,137000,1522000,33022.0,Educación,Educación,Formación de Personal Docente y Ciencias de la Educación,Técnico Asistente del Educador Diferencial,Educación,Educación,NO ACREDITADA,ACREDITADA,30/12/2019 - 30/12/2023,4.0,0,36000,1
2021,547046,I86S5C301J1V1,14431478.0,2,199707,20 a 24 años,2017,1,2017,1,Universidades,Universidades CRUCH,Universidades Privadas CRUCH,86,PONTIFICIA UNIVERSIDAD CATOLICA DE CHILE,5,CAMPUS SAN JOAQUIN,301,COLLEGE CIENCIAS NATURALES Y MATEMATICAS (LICENCIATURA),Presencial,Diurna,1,Plan Regular,8,0,8,Metropolitana,SANTIAGO,MACUL,Pregrado,"Bachillerato, Ciclo Inicial o Plan Común",Carreras Profesionales,Educación Media,VIGENTE CON ALUMNOS NUEVOS,,137500,6538000,12027.0,Ciencias Básicas,Ciencias,Ciencias de la Vida,Bachillerato y/o Licenciatura en Ciencias Básicas,"Ciencias naturales, matemáticas y estadística","Ciencias Naturales, Matemáticas y Estadísticas sin mayor definición",NO ACREDITADA,ACREDITADA,01/12/2018 - 01/12/2025,7.0,0,0,1
2021,169549,I20S3C84J1V1,15689807.0,1,200301,15 a 19 años,2021,1,2021,1,Universidades,Universidades Privadas,Universidades Privadas,20,UNIVERSIDAD ANDRES BELLO,3,SEDE VIÑA DEL MAR,84,INGENIERIA EN BIOTECNOLOGIA,Presencial,Diurna,1,Plan Regular,10,0,10,Valparaíso,VALPARAISO,VIÑA DEL MAR,Pregrado,Profesional Con Licenciatura,Carreras Profesionales,Educación Media,VIGENTE CON ALUMNOS NUEVOS,,500000,4290000,41064.0,Tecnología,"Ingeniería, Industria y Construcción",Ingeniería y Profesiones Afines,Ingeniería en Biotecnología y Bioingeniería,"Ingeniería, Industria y Construcción",Ingeniería y Profesiones Afines,ACREDITADA,ACREDITADA,24/12/2017 - 24/12/2022,5.0,0,116300,10
2021,293002,I45S2C4J1V1,923957.0,1,199804,20 a 24 años,2020,1,2021,1,Universidades,Universidades Privadas,Universidades Privadas,45,UNIVERSIDAD DEL DESARROLLO,2,SEDE SANTIAGO (LAS CONDES),4,DERECHO,Presencial,Diurna,1,Plan Regular,10,2,12,Metropolitana,SANTIAGO,LAS CONDES,Pregrado,Profesional Con Licenciatura,Carreras Profesionales,Educación Media,VIGENTE CON ALUMNOS NUEVOS,,727125,6747720,44006.0,Derecho,"Ciencias Sociales, Enseñanza Comercial y Derecho",Derecho,Derecho,Administración de Empresas y Derecho,Derecho,NO ACREDITADA,ACREDITADA,15/12/2016 - 15/12/2021,5.0,0,20000,2
2021,95165,I13S7C9J1V1,9089533.0,1,199505,25 a 29 años,2015,1,2015,1,Universidades,Universidades Privadas,Universidades Privadas,13,UNIVERSIDAD SANTO TOMAS,7,SEDE TALCA,9,DERECHO,Presencial,Diurna,1,Plan Regular,10,1,11,Maule,TALCA,TALCA,Pregrado,Profesional Con Licenciatura,Carreras Profesionales,Educación Media,VIGENTE CON ALUMNOS NUEVOS,,134000,3607000,55010.0,Derecho,"Ciencias Sociales, Enseñanza Comercial y Derecho",Derecho,Derecho,Administración de Empresas y Derecho,Derecho,NO ACREDITADA,ACREDITADA,31/03/2021 - 31/03/2025,4.0,0,50000,1
2021,551820,I86S5C567J1V1,2034044.0,2,199202,25 a 29 años,2018,1,2018,1,Universidades,Universidades CRUCH,Universidades Privadas CRUCH,86,PONTIFICIA UNIVERSIDAD CATOLICA DE CHILE,5,CAMPUS SAN JOAQUIN,567,PEDAGOGIA EN EDUCACION MEDIA EN CIENCIAS NATURALES Y BIOLOGIA,Presencial,Diurna,1,Plan Regular,8,0,8,Metropolitana,SANTIAGO,MACUL,Pregrado,Profesional Con Licenciatura,Carreras Profesionales,Educación Media,VIGENTE CON ALUMNOS NUEVOS,,137500,4446000,12041.0,Educación,Educación,Formación de Personal Docente y Ciencias de la Educación,Pedagogía en Ciencias,Educación,Educación,ACREDITADA,ACREDITADA,01/12/2018 - 01/12/2025,7.0,0,0,1
2021,525827,I86S1C117J1V2,9807275.0,1,200002,20 a 24 años,2019,1,2019,1,Universidades,Universidades CRUCH,Universidades Privadas CRUCH,86,PONTIFICIA UNIVERSIDAD CATOLICA DE CHILE,1,CASA CENTRAL,117,MEDICINA,Presencial,Diurna,2,Plan Regular,12,0,12,Metropolitana,SANTIAGO,SANTIAGO,Pregrado,Profesional Con Licenciatura,Carreras Profesionales,Educación Media,VIGENTE CON ALUMNOS NUEVOS,,137500,7352000,12058.0,Salud,Salud y Servicios Sociales,Medicina,Medicina,Salud y Bienestar,Salud,ACREDITADA,ACREDITADA,01/12/2018 - 01/12/2025,7.0,0,0,1
2021,78483,I13S1C14J1V1,19035783.0,1,199901,20 a 24 años,2018,1,2018,1,Universidades,Universidades Privadas,Universidades Privadas,13,UNIVERSIDAD SANTO TOMAS,1,CASA CENTRAL (SANTIAGO),14,TRABAJO SOCIAL,Presencial,Diurna,1,Plan Regular,9,0,9,Metropolitana,SANTIAGO,SANTIAGO,Pregrado,Profesional Con Licenciatura,Carreras Profesionales,Educación Media,VIGENTE CON ALUMNOS NUEVOS,,98000,2733000,55086.0,Ciencias Sociales,Salud y Servicios Sociales,Servicios Sociales,Trabajo Social,Salud y Bienestar,Bienestar,NO ACREDITADA,ACREDITADA,31/03/2021 - 31/03/2025,4.0,0,110000,1
2021,398830,I72S1C1J1V1,8507599.0,1,199306,25 a 29 años,2017,1,2017,1,Universidades,Universidades CRUCH,Universidades Estatales CRUCH,72,UNIVERSIDAD DE VALPARAISO,1,CASA CENTRAL (VALPARAISO),1,ARQUITECTURA,Presencial,Diurna,1,Plan Regular,12,2,12,Valparaíso,VALPARAISO,VALPARAISO,Pregrado,Profesional Con Licenciatura,Carreras Profesionales,Educación Media,VIGENTE CON ALUMNOS NUEVOS,,176000,4019000,19020.0,Arte y Arquitectura,"Ingeniería, Industria y Construcción",Arquitectura y Construcción,Arquitectura,"Ingeniería, Industria y Construcción",Arquitectura y Construcción,NO ACREDITADA,ACREDITADA,25/10/2017 - 25/10/2022,5.0,0,154000,1
2021,52721,I10S4C31J1V1,19334326.0,2,200210,15 a 19 años,2021,1,2021,1,Universidades,Universidades Privadas,Universidades Privadas,10,UNIVERSIDAD MAYOR,4,SEDE TEMUCO,31,PSICOLOGIA,Presencial,Diurna,1,Plan Regular,10,0,10,La Araucanía,CAUTIN,TEMUCO,Pregrado,Profesional Con Licenciatura,Carreras Profesionales,Educación Media,VIGENTE CON ALUMNOS NUEVOS,,414000,3884080,39419.0,Ciencias Sociales,"Ciencias Sociales, Enseñanza Comercial y Derecho",Ciencias Sociales y del Comportamiento,Psicología,"Ciencias Sociales, Periodismo e Información",Ciencias Sociales y del Comportamiento,ACREDITADA,ACREDITADA,20/05/2015 - 20/05/2020,5.0,0,178000,1
2021,167592,I20S3C6J1V1,4300021.0,2,200011,20 a 24 años,2019,1,2019,1,Universidades,Universidades Privadas,Universidades Privadas,20,UNIVERSIDAD ANDRES BELLO,3,SEDE VIÑA DEL MAR,6,DERECHO,Presencial,Diurna,1,Plan Regular,10,0,10,Valparaíso,VALPARAISO,VIÑA DEL MAR,Pregrado,Profesional Con Licenciatura,Carreras Profesionales,Educación Media,VIGENTE CON ALUMNOS NUEVOS,,480000,4390000,41071.0,Derecho,"Ciencias Sociales, Enseñanza Comercial y Derecho",Derecho,Derecho,Administración de Empresas y Derecho,Derecho,NO ACREDITADA,ACREDITADA,24/12/2017 - 24/12/2022,5.0,0,58150,1
2021,241870,I39S2C145J1V1,15194105.0,2,200008,20 a 24 años,2019,1,2019,1,Universidades,Universidades Privadas,Universidades Privadas,39,UNIVERSIDAD SAN SEBASTIAN,2,SEDE CONCEPCION,145,OBSTETRICIA,Presencial,Diurna,1,Plan Regular,10,1,10,Biobío,CONCEPCION,CONCEPCION,Pregrado,Profesional Con Licenciatura,Carreras Profesionales,Educación Media,VIGENTE CON ALUMNOS NUEVOS,,185300,4643800,50127.0,Salud,Salud y Servicios Sociales,Medicina,Obstetricia y Puericultura,Salud y Bienestar,Salud,ACREDITADA,ACREDITADA,13/09/2016 - 13/09/2021,5.0,0,126000,1
2021,96866,I13S9C6J1V1,280655.0,2,200012,20 a 24 años,2019,1,2019,1,Universidades,Universidades Privadas,Universidades Privadas,13,UNIVERSIDAD SANTO TOMAS,9,SEDE LOS ANGELES,6,PSICOLOGIA,Presencial,Diurna,1,Plan Regular,10,0,10,Biobío,BIOBIO,LOS ANGELES,Pregrado,Profesional Con Licenciatura,Carreras Profesionales,Educación Media,VIGENTE CON ALUMNOS NUEVOS,,134000,3387000,55059.0,Ciencias Sociales,"Ciencias Sociales, Enseñanza Comercial y Derecho",Ciencias Sociales y del Comportamiento,Psicología,"Ciencias Sociales, Periodismo e Información",Ciencias Sociales y del Comportamiento,NO ACREDITADA,ACREDITADA,31/03/2021 - 31/03/2025,4.0,0,110000,1
2021,75222,I13S16C160J1V1,3019449.0,2,199504,25 a 29 años,2018,1,2018,1,Universidades,Universidades Privadas,Universidades Privadas,13,UNIVERSIDAD SANTO TOMAS,16,SEDE CONCEPCION,160,FONOAUDIOLOGIA,Presencial,Diurna,1,Plan Regular,10,0,10,Biobío,CONCEPCION,CONCEPCION,Pregrado,Profesional Con Licenciatura,Carreras Profesionales,Educación Media,VIGENTE CON ALUMNOS NUEVOS,,134000,3625000,55097.0,Salud,Salud y Servicios Sociales,Medicina,Fonoaudiología,Salud y Bienestar,Salud,ACREDITADA,ACREDITADA,31/03/2021 - 31/03/2025,4.0,0,110000,1
2021,87301,I13S4C31J1V1,2577484.0,2,200102,20 a 24 años,2019,1,2019,1,Universidades,Universidades Privadas,Universidades Privadas,13,UNIVERSIDAD SANTO TOMAS,4,SEDE ANTOFAGASTA,31,KINESIOLOGIA,Presencial,Diurna,1,Plan Regular,10,0,10,Antofagasta,ANTOFAGASTA,ANTOFAGASTA,Pregrado,Profesional Con Licenciatura,Carreras Profesionales,Educación Media,VIGENTE CON ALUMNOS NUEVOS,,134000,3706000,55030.0,Salud,Salud y Servicios Sociales,Medicina,Kinesiología,Salud y Bienestar,Salud,ACREDITADA,ACREDITADA,31/03/2021 - 31/03/2025,4.0,0,110000,1
2021,194624,I23S2C42J1V1,10066290.0,2,199901,20 a 24 años,2017,1,2017,1,Universidades,Universidades Privadas,Universidades Privadas,23,UNIVERSIDAD ADOLFO IBAÑEZ,2,SEDE PEÑALOLEN,42,PSICOLOGIA,Presencial,Diurna,1,Plan Regular,10,0,10,Metropolitana,SANTIAGO,PEÑALOLEN,Pregrado,Profesional Con Licenciatura,Carreras Profesionales,Educación Media,VIGENTE CON ALUMNOS NUEVOS,,668955,5817000,42004.0,Ciencias Sociales,"Ciencias Sociales, Enseñanza Comercial y Derecho",Ciencias Sociales y del Comportamiento,Psicología,"Ciencias Sociales, Periodismo e Información",Ciencias Sociales y del Comportamiento,ACREDITADA,ACREDITADA,18/11/2015 - 18/11/2020,5.0,0,65000,1
2021,54910,I10S6C12J1V1,325701.0,2,199612,20 a 24 años,2016,1,2016,1,Universidades,Universidades Privadas,Universidades Privadas,10,UNIVERSIDAD MAYOR,6,SEDE HUECHURABA,12,TECNOLOGIA MEDICA,Presencial,Diurna,1,Plan Regular,10,0,10,Metropolitana,SANTIAGO,HUECHURABA,Pregrado,Profesional Con Licenciatura,Carreras Profesionales,Educación Media,VIGENTE CON ALUMNOS NUEVOS,,450000,4931240,39132.0,Salud,Salud y Servicios Sociales,Medicina,Tecnología Médica,Salud y Bienestar,Salud,ACREDITADA,ACREDITADA,20/05/2015 - 20/05/2020,5.0,0,100000,1
2021,283443,I45S1C17J1V2,13325731.0,2,200111,15 a 19 años,2020,1,2020,1,Universidades,Universidades Privadas,Universidades Privadas,45,UNIVERSIDAD DEL DESARROLLO,1,CASA CENTRAL (CONCEPCION),17,PSICOLOGIA,Presencial,Diurna,2,Plan Regular,10,0,10,Biobío,CONCEPCION,CONCEPCION,Pregrado,Profesional Con Licenciatura,Carreras Profesionales,Educación Media,VIGENTE CON ALUMNOS NUEVOS,,494445,5875170,44037.0,Ciencias Sociales,"Ciencias Sociales, Enseñanza Comercial y Derecho",Ciencias Sociales y del Comportamiento,Psicología,"Ciencias Sociales, Periodismo e Información",Ciencias Sociales y del Comportamiento,ACREDITADA,ACREDITADA,15/12/2016 - 15/12/2021,5.0,0,20000,1
2021,425744,I74S1C50J1V2,9953966.0,2,200004,20 a 24 años,2021,1,2021,1,Universidades,Universidades CRUCH,Universidades Estatales CRUCH,74,UNIVERSIDAD DE LA SERENA,1,LA SERENA,50,PEDAGOGIA EN INGLES,Presencial,Diurna,2,Plan Regular,10,0,10,Coquimbo,ELQUI,LA SERENA,Pregrado,Profesional Con Licenciatura,Carreras Profesionales,Educación Media,VIGENTE CON ALUMNOS NUEVOS,,169400,2080000,25043.0,Educación,Educación,Formación de Personal Docente y Ciencias de la Educación,Pedagogía en Idiomas,Educación,Educación,ACREDITADA,ACREDITADA,20/12/2016 - 20/12/2020,4.0,0,186300,1
2021,458050,I78S1C239J1V1,16320983.0,2,199911,20 a 24 años,2018,1,2018,1,Universidades,Universidades CRUCH,Universidades Estatales CRUCH,78,UNIVERSIDAD DE TALCA,1,CASA CENTRAL (TALCA),239,NUTRICION Y DIETETICA,Presencial,Diurna,1,Plan Regular,10,0,10,Maule,TALCA,TALCA,Pregrado,Profesional Con Licenciatura,Carreras Profesionales,Educación Media,VIGENTE CON ALUMNOS NUEVOS,,187000,3180000,34027.0,Salud,Salud y Servicios Sociales,Medicina,Nutrición y Dietética,Salud y Bienestar,Salud,ACREDITADA,ACREDITADA,27/11/2019 - 27/11/2025,6.0,0,180900,1
2021,617081,I89S1C46J1V1,8724134.0,1,199505,25 a 29 años,2014,1,2014,1,Universidades,Universidades CRUCH,Universidades Privadas CRUCH,89,PONTIFICIA UNIVERSIDAD CATOLICA DE VALPARAISO,1,CASA CENTRAL,46,INGENIERIA ELECTRICA,Presencial,Diurna,1,Plan Regular,10,0,10,Valparaíso,VALPARAISO,VALPARAISO,Pregrado,Profesional Con Licenciatura,Carreras Profesionales,Educación Media,VIGENTE CON ALUMNOS NUEVOS,,208000,3371000,14069.0,Tecnología,"Ingeniería, Industria y Construcción",Ingeniería y Profesiones Afines,Ingeniería en Electricidad,"Ingeniería, Industria y Construcción",Ingeniería y Profesiones Afines,ACREDITADA,ACREDITADA,26/11/2015 - 26/11/2021,6.0,0,73000,1
2021,351078,I70S1C2J1V1,727456.0,1,199404,25 a 29 años,2018,1,2018,1,Universidades,Universidades CRUCH,Universidades Estatales CRUCH,70,UNIVERSIDAD DE CHILE,1,SANTIAGO,2,ANTROPOLOGIA-ARQUEOLOGIA,Presencial,Diurna,1,Plan Regular,10,0,10,Metropolitana,SANTIAGO,SANTIAGO,Pregrado,Profesional Con Licenciatura,Carreras Profesionales,Educación Media,VIGENTE CON ALUMNOS NUEVOS,,149000,3615900,11060.0,Ciencias Sociales,"Ciencias Sociales, Enseñanza Comercial y Derecho",Ciencias Sociales y del Comportamiento,Antropología,"Ciencias Sociales, Periodismo e Información",Ciencias Sociales y del Comportamiento,ACREDITADA,ACREDITADA,22/12/2018 - 22/12/2025,7.0,0,50000,1
2022,597772,I111S21C55J1V1,7368429.0,1,199912,20 a 24 años,2019,1,2019,1,Institutos Profesionales,Institutos Profesionales,Institutos Profesionales,111,IP DUOC UC,21,SEDE PLAZA NORTE,55,INGENIERIA EN ADMINISTRACION DE RECURSOS HUMANOS,Presencial,Diurna,1,Plan Regular,8,1,8,Metropolitana,SANTIAGO,HUECHURABA,Pregrado,Profesional Sin Licenciatura,Carreras Profesionales,Educación Media,VIGENTE SIN ALUMNOS NUEVOS,Monto en Pesos,268000,2520000,0.0,Administración y Comercio,"Ciencias Sociales, Enseñanza Comercial y Derecho",Enseñanza Comercial y Administración,Ingeniería en Recursos Humanos,Administración de Empresas y Derecho,Educación Comercial y Administración,NO ACREDITADA,ACREDITADA,26/08/2017 - 26/08/2024,7.0,0,0,1
2022,231636,I111S16C413J2V1,7212357.0,1,199312,25 a 29 años,2021,1,2021,1,Institutos Profesionales,Institutos Profesionales,Institutos Profesionales,111,IP DUOC UC,16,SEDE SAN JOAQUIN,413,INGENIERIA EN ELECTRICIDAD Y AUTOMATIZACION INDUSTRIAL,Presencial,Vespertina,1,Plan Regular,8,1,8,Metropolitana,SANTIAGO,SAN JOAQUIN,Pregrado,Profesional Sin Licenciatura,Carreras Profesionales,Educación Media,VIGENTE CON ALUMNOS NUEVOS,Monto en Pesos,268000,2560000,0.0,Tecnología,"Ingeniería, Industria y Construcción",Ingeniería y Profesiones Afines,Ingeniería en Electricidad,"Ingeniería, Industria y Construcción",Ingeniería y Profesiones Afines,NO ACREDITADA,ACREDITADA,26/08/2017 - 26/08/2024,7.0,0,0,1
2022,1164501,I111S7C24J1V1,4299140.0,2,200111,20 a 24 años,2022,1,2022,1,Institutos Profesionales,Institutos Profesionales,Institutos Profesionales,111,IP DUOC UC,7,SEDE ALAMEDA,24,INGENIERIA EN PREVENCION DE RIESGOS,Presencial,Diurna,1,Plan Regular,8,1,8,Metropolitana,SANTIAGO,SANTIAGO,Pregrado,Profesional Sin Licenciatura,Carreras Profesionales,Educación Media,VIGENTE CON ALUMNOS NUEVOS,Monto en Pesos,268000,2470000,0.0,Tecnología,Servicios,Servicios de Seguridad,Ingeniería en Prevención de Riesgos,Servicios,Servicios de Higiene y Salud Ocupacional,NO ACREDITADA,ACREDITADA,26/08/2017 - 26/08/2024,7.0,0,0,1
2022,825643,I111S10C39J1V1,13501937.0,1,200111,20 a 24 años,2022,1,2022,1,Institutos Profesionales,Institutos Profesionales,Institutos Profesionales,111,IP DUOC UC,10,SEDE PLAZA OESTE,39,DISEÑO GRAFICO,Presencial,Diurna,1,Plan Regular,8,1,8,Metropolitana,SANTIAGO,CERRILLOS,Pregrado,Profesional Sin Licenciatura,Carreras Profesionales,Educación Media,VIGENTE CON ALUMNOS NUEVOS,Monto en Pesos,268000,2650000,0.0,Arte y Arquitectura,Humanidades y Artes,Artes,Diseño Gráfico,Artes y Humanidades,Artes,ACREDITADA,ACREDITADA,26/08/2017 - 26/08/2024,7.0,0,0,1
2022,1142037,I111S5C6J1V1,5736590.0,1,200006,20 a 24 años,2020,1,2020,1,Institutos Profesionales,Institutos Profesionales,Institutos Profesionales,111,IP DUOC UC,5,SEDE ANTONIO VARAS,6,AUDITORIA,Presencial,Diurna,1,Plan Regular,8,1,8,Metropolitana,SANTIAGO,PROVIDENCIA,Pregrado,Profesional Sin Licenciatura,Carreras Profesionales,Educación Media,VIGENTE CON ALUMNOS NUEVOS,Monto en Pesos,268000,2330000,0.0,Administración y Comercio,"Ciencias Sociales, Enseñanza Comercial y Derecho",Enseñanza Comercial y Administración,Contador Auditor,Administración de Empresas y Derecho,Educación Comercial y Administración,NO ACREDITADA,ACREDITADA,26/08/2017 - 26/08/2024,7.0,0,0,1
2022,1194269,I111S7C352J1V1,4478050.0,2,200210,15 a 19 años,2022,1,2022,1,Institutos Profesionales,Institutos Profesionales,Institutos Profesionales,111,IP DUOC UC,7,SEDE ALAMEDA,352,INGENIERIA EN COMERCIO EXTERIOR,Presencial,Diurna,1,Plan Regular,8,1,8,Metropolitana,SANTIAGO,SANTIAGO,Pregrado,Profesional Sin Licenciatura,Carreras Profesionales,Educación Media,VIGENTE CON ALUMNOS NUEVOS,Monto en Pesos,268000,2510000,0.0,Administración y Comercio,"Ciencias Sociales, Enseñanza Comercial y Derecho",Enseñanza Comercial y Administración,Ingeniería en Comercio Exterior,Administración de Empresas y Derecho,Educación Comercial y Administración,NO ACREDITADA,ACREDITADA,26/08/2017 - 26/08/2024,7.0,0,0,1
2022,1135107,I111S12C53J1V1,4849421.0,2,199801,20 a 24 años,2021,1,2021,1,Institutos Profesionales,Institutos Profesionales,Institutos Profesionales,111,IP DUOC UC,12,SEDE PUENTE ALTO,53,INGENIERIA EN MEDIO AMBIENTE,Presencial,Diurna,1,Plan Regular,8,1,8,Metropolitana,CORDILLERA,PUENTE ALTO,Pregrado,Profesional Sin Licenciatura,Carreras Profesionales,Educación Media,VIGENTE CON ALUMNOS NUEVOS,Monto en Pesos,268000,2750000,0.0,Tecnología,Servicios,Protección del Medio Ambiente,Ingeniería en Medio Ambiente,"Ingeniería, Industria y Construcción",Ingeniería y Profesiones Afines,NO ACREDITADA,ACREDITADA,26/08/2017 - 26/08/2024,7.0,0,0,1
2022,333033,I111S20C32J1V1,14971730.0,1,199606,25 a 29 años,2021,1,2021,1,Institutos Profesionales,Institutos Profesionales,Institutos Profesionales,111,IP DUOC UC,20,SEDE SAN BERNARDO,32,TECNICO AGRICOLA,Presencial,Diurna,1,Plan Regular,5,1,5,Metropolitana,MAIPO,SAN BERNARDO,Pregrado,Técnico de Nivel Superior,Carreras Técnicas,Educación Media,VIGENTE CON ALUMNOS NUEVOS,Monto en Pesos,204000,2310000,0.0,Agropecuaria,Agricultura,"Agricultura, Silvicultura y Pesca",Técnico Agropecuario,"Agricultura, Silvicultura, Pesca y Veterinaria",Agricultura,NO ACREDITADA,ACREDITADA,26/08/2017 - 26/08/2024,7.0,0,0,1
2022,691700,I111S12C21J1V1,11328558.0,1,200103,20 a 24 años,2021,1,2021,1,Institutos Profesionales,Institutos Profesionales,Institutos Profesionales,111,IP DUOC UC,12,SEDE PUENTE ALTO,21,TECNICO EN CONSTRUCCION,Presencial,Diurna,1,Plan Regular,5,1,5,Metropolitana,CORDILLERA,PUENTE ALTO,Pregrado,Técnico de Nivel Superior,Carreras Técnicas,Educación Media,VIGENTE CON ALUMNOS NUEVOS,Monto en Pesos,204000,2150000,0.0,Tecnología,"Ingeniería, Industria y Construcción",Arquitectura y Construcción,Técnico en Construcción y Obras Civiles,"Ingeniería, Industria y Construcción",Arquitectura y Construcción,NO ACREDITADA,ACREDITADA,26/08/2017 - 26/08/2024,7.0,0,0,1
2022,815796,I111S12C417J1V1,2524841.0,2,200204,20 a 24 años,2020,1,2020,1,Institutos Profesionales,Institutos Profesionales,Institutos Profesionales,111,IP DUOC UC,12,SEDE PUENTE ALTO,417,TECNICO EN CALIDAD DE ALIMENTOS,Presencial,Diurna,1,Plan Regular,5,1,5,Metropolitana,CORDILLERA,PUENTE ALTO,Pregrado,Técnico de Nivel Superior,Carreras Técnicas,Educación Media,VIGENTE CON ALUMNOS NUEVOS,Monto en Pesos,204000,2220000,0.0,Tecnología,"Ingeniería, Industria y Construcción",Industria y Producción,Técnico en Alimentos,"Ingeniería, Industria y Construcción",Industria y Producción,NO ACREDITADA,ACREDITADA,26/08/2017 - 26/08/2024,7.0,0,0,1
2022,1153885,I111S6C107J1V1,15240251.0,2,200005,20 a 24 años,2020,1,2020,1,Institutos Profesionales,Institutos Profesionales,Institutos Profesionales,111,IP DUOC UC,6,SEDE SAN CARLOS DE APOQUINDO,107,TECNICO EN ODONTOLOGIA,Presencial,Diurna,1,Plan Regular,5,1,5,Metropolitana,SANTIAGO,LAS CONDES,Pregrado,Técnico de Nivel Superior,Carreras Técnicas,Educación Media,VIGENTE CON ALUMNOS NUEVOS,Monto en Pesos,204000,2210000,0.0,Salud,Salud y Servicios Sociales,Medicina,Técnico Dental y Asistente de Odontología,Salud y Bienestar,Salud,ACREDITADA,ACREDITADA,26/08/2017 - 26/08/2024,7.0,0,0,1
2022,964769,I111S9C19J1V1,4085200.0,1,200404,15 a 19 años,2022,1,2022,1,Institutos Profesionales,Institutos Profesionales,Institutos Profesionales,111,IP DUOC UC,9,SEDE PLAZA VESPUCIO,19,CONTABILIDAD GENERAL MENCION LEGISLACION TRIBUTARIA,Presencial,Diurna,1,Plan Regular,5,1,5,Metropolitana,SANTIAGO,LA FLORIDA,Pregrado,Técnico de Nivel Superior,Carreras Técnicas,Educación Media,VIGENTE CON ALUMNOS NUEVOS,Monto en Pesos,204000,2130000,0.0,Administración y Comercio,"Ciencias Sociales, Enseñanza Comercial y Derecho",Enseñanza Comercial y Administración,Técnico en Contabilidad General,Administración de Empresas y Derecho,Educación Comercial y Administración,NO ACREDITADA,ACREDITADA,26/08/2017 - 26/08/2024,7.0,0,0,1
2022,366335,I111S2C443J1V1,10102124.0,2,199612,25 a 29 años,2017,1,2017,1,Institutos Profesionales,Institutos Profesionales,Institutos Profesionales,111,IP DUOC UC,2,SEDE VALPARAISO,443,TURISMO Y HOTELERIA,Presencial,Diurna,1,Plan Regular,8,1,8,Valparaíso,VALPARAISO,VALPARAISO,Pregrado,Profesional Sin Licenciatura,Carreras Profesionales,Educación Media,VIGENTE CON ALUMNOS NUEVOS,Monto en Pesos,228000,2820000,0.0,Administración y Comercio,Servicios,Servicios Personales,Administración Turística y Hotelera,Servicios,Servicios personales,NO ACREDITADA,ACREDITADA,26/08/2017 - 26/08/2024,7.0,0,0,1
2022,1035724,I111S25C48J1V1,589756.0,1,200312,15 a 19 años,2022,1,2022,1,Institutos Profesionales,Institutos Profesionales,Institutos Profesionales,111,IP DUOC UC,25,SEDE PUERTO MONTT,48,INGENIERIA EN INFORMATICA,Presencial,Diurna,1,Plan Regular,8,1,8,Los Lagos,LLANQUIHUE,PUERTO MONTT,Pregrado,Profesional Sin Licenciatura,Carreras Profesionales,Educación Media,VIGENTE CON ALUMNOS NUEVOS,Monto en Pesos,228000,2310000,0.0,Tecnología,Ciencias,Informática,Ingeniería en Computación e Informática,Tecnología de la Información y la Comunicación (TIC),Tecnología de la Información y la Comunicación (TIC),ACREDITADA,ACREDITADA,26/08/2017 - 26/08/2024,7.0,0,0,1
2022,714792,I111S25C492J2V1,1612749.0,1,200106,20 a 24 años,2022,1,2022,1,Institutos Profesionales,Institutos Profesionales,Institutos Profesionales,111,IP DUOC UC,25,SEDE PUERTO MONTT,492,TECNICO EN MARKETING,Presencial,Vespertina,1,Plan Regular,5,1,5,Los Lagos,LLANQUIHUE,PUERTO MONTT,Pregrado,Técnico de Nivel Superior,Carreras Técnicas,Educación Media,VIGENTE CON ALUMNOS NUEVOS,Monto en Pesos,186000,2110000,0.0,Administración y Comercio,"Ciencias Sociales, Enseñanza Comercial y Derecho",Enseñanza Comercial y Administración,Técnico en Administración en Marketing,Administración de Empresas y Derecho,Educación Comercial y Administración,NO ACREDITADA,ACREDITADA,26/08/2017 - 26/08/2024,7.0,0,0,1
2022,1074928,I111S2C393J1V1,14221013.0,2,199503,25 a 29 años,2017,1,2017,1,Institutos Profesionales,Institutos Profesionales,Institutos Profesionales,111,IP DUOC UC,2,SEDE VALPARAISO,393,RESTAURACION PATRIMONIAL,Presencial,Diurna,1,Plan Regular,5,1,5,Valparaíso,VALPARAISO,VALPARAISO,Pregrado,Técnico de Nivel Superior,Carreras Técnicas,Educación Media,VIGENTE SIN ALUMNOS NUEVOS,Monto en Pesos,186000,2020000,0.0,Arte y Arquitectura,Humanidades y Artes,Artes,Otros Técnicos de Arte y Arquitectura,Artes y Humanidades,Humanidades,ACREDITADA,ACREDITADA,26/08/2017 - 26/08/2024,7.0,0,0,1
2022,5706,I912S1C11J1V1,602237.0,1,196711,40 y más años,2022,1,2022,1,Centros de Formación Técnica,Centros de Formación Técnica,Centros de Formación Técnica Estatales,912,CFT DE LA REGION METROPOLITANA DE SANTIAGO,1,CASA CENTRAL,11,TECNICO DE NIVEL SUPERIOR EN ANALISIS Y PROGRAMACION COMPUTACIONAL,Presencial,Diurna,1,Plan Regular,5,1,5,Metropolitana,SANTIAGO,PEÑALOLEN,Pregrado,Técnico de Nivel Superior,Carreras Técnicas,Educación Media,VIGENTE CON ALUMNOS NUEVOS,Monto en Pesos,0,1500000,0.0,Tecnología,Ciencias,Informática,Técnico en Computación e Informática,Tecnología de la Información y la Comunicación (TIC),Tecnología de la Información y la Comunicación (TIC),NO ACREDITADA,BAJO TUTELA,,,0,0,1
2022,84166,I912S1C10J2V1,7717414.0,2,198409,35 a 39 años,2022,1,2022,1,Centros de Formación Técnica,Centros de Formación Técnica,Centros de Formación Técnica Estatales,912,CFT DE LA REGION METROPOLITANA DE SANTIAGO,1,CASA CENTRAL,10,TECNICO DE NIVEL SUPERIOR EN ADMINISTRACION DE EMPRESAS MENCION GESTION PUBLICA,Presencial,Vespertina,1,Plan Regular,5,1,5,Metropolitana,SANTIAGO,PEÑALOLEN,Pregrado,Técnico de Nivel Superior,Carreras Técnicas,Educación Media,VIGENTE CON ALUMNOS NUEVOS,Monto en Pesos,0,1425000,0.0,Administración y Comercio,"Ciencias Sociales, Enseñanza Comercial y Derecho",Enseñanza Comercial y Administración,Técnico en Administración de Empresas,Administración de Empresas y Derecho,Educación Comercial y Administración,NO ACREDITADA,BAJO TUTELA,,,0,0,1
2021,1206493,I917S1C2J2V1,23118663.0,1,196011,40 y más años,2020,1,2020,1,Centros de Formación Técnica,Centros de Formación Técnica,Centros de Formación Técnica Estatales,917,CFT DE LA REGION DE LOS RIOS,1,SEDE CENTRAL,2,TECNICO DE NIVEL SUPERIOR EN AGROINDUSTRIA E INNOVACION ALIMENTARIA,Presencial,Vespertina,1,Plan Regular,5,1,5,Los Ríos,DEL RANCO,LA UNION,Pregrado,Técnico de Nivel Superior,Carreras Técnicas,Educación Media,VIGENTE CON ALUMNOS NUEVOS,,100000,1500000,0.0,Tecnología,"Ingeniería, Industria y Construcción",Industria y Producción,Técnico en Agroindustria,"Ingeniería, Industria y Construcción",Industria y Producción,SIN INFORMACIÓN,BAJO TUTELA,,,0,0,1
2022,1063125,I430S26C39J1V2,10281046.0,2,200406,15 a 19 años,2022,1,2022,1,Centros de Formación Técnica,Centros de Formación Técnica,Centros de Formación Técnica,430,CFT INACAP,26,SEDE TALCA,39,TECNICO EN ENFERMERIA,Presencial,Diurna,2,Plan Regular,5,0,5,Maule,TALCA,TALCA,Pregrado,Técnico de Nivel Superior,Carreras Técnicas,Educación Media,VIGENTE CON ALUMNOS NUEVOS,Monto en Pesos,230000,2122000,0.0,Salud,Salud y Servicios Sociales,Medicina,Técnico en Enfermería,Salud y Bienestar,Salud,NO ACREDITADA,ACREDITADA,05/01/2018 - 05/01/2025,7.0,0,0,1
2022,1063242,I144S10C49J1V1,7079965.0,1,200406,15 a 19 años,2022,1,2022,1,Institutos Profesionales,Institutos Profesionales,Institutos Profesionales,144,IP ARCOS,10,SEDE V REGION,49,DISEÑO DE VIDEO JUEGOS,Presencial,Diurna,1,Plan Regular,8,0,8,Valparaíso,VALPARAISO,VIÑA DEL MAR,Pregrado,Profesional Sin Licenciatura,Carreras Profesionales,Educación Media,VIGENTE CON ALUMNOS NUEVOS,Monto en Pesos,182000,3048350,0.0,Arte y Arquitectura,Humanidades y Artes,Artes,Diseño Gráfico,Artes y Humanidades,Artes,NO ACREDITADA,ACREDITADA,08/09/2021 - 08/09/2025,4.0,0,0,1
2022,566699,I139S3C151J2V1,8547342.0,1,200001,20 a 24 años,2021,1,2021,1,Institutos Profesionales,Institutos Profesionales,Institutos Profesionales,139,IP DR. VIRGINIO GOMEZ G.,3,CASA CENTRAL (CONCEPCION),151,TECNICO EN MANTENIMIENTO INDUSTRIAL,Presencial,Vespertina,1,Plan Regular,4,0,4,Biobío,CONCEPCION,CONCEPCION,Pregrado,Técnico de Nivel Superior,Carreras Técnicas,Educación Media,VIGENTE CON ALUMNOS NUEVOS,Monto en Pesos,150000,1800000,0.0,Tecnología,"Ingeniería, Industria y Construcción",Ingeniería y Profesiones Afines,Técnico en Mantenimiento Industrial,"Ingeniería, Industria y Construcción",Ingeniería y Profesiones Afines,NO ACREDITADA,ACREDITADA,17/03/2021 - 17/03/2025,4.0,0,0,1
2022,1061256,I70S1C64J1V1,3157870.0,1,200406,15 a 19 años,2022,1,2022,1,Universidades,Universidades CRUCH,Universidades Estatales CRUCH,70,UNIVERSIDAD DE CHILE,1,SANTIAGO,64,INGENIERIA Y CIENCIAS - PLAN COMUN,Presencial,Diurna,1,Plan Regular,12,0,12,Metropolitana,SANTIAGO,SANTIAGO,Pregrado,"Bachillerato, Ciclo Inicial o Plan Común",Carreras Profesionales,Educación Media,VIGENTE SIN ALUMNOS NUEVOS,Monto en Pesos,157900,6354700,0.0,Tecnología,"Ingeniería, Industria y Construcción",Ingeniería y Profesiones Afines,"Ingeniería Civil, plan común y licenciatura en Ciencias de la Ingeniería","Ingeniería, Industria y Construcción",Ingeniería y Profesiones Afines,NO ACREDITADA,ACREDITADA,22/12/2018 - 22/12/2025,7.0,0,0,1
2021,1123033,I367S2C16J2V1,24816245.0,2,199207,25 a 29 años,2019,1,2019,1,Centros de Formación Técnica,Centros de Formación Técnica,Centros de Formación Técnica,367,CFT SAN AGUSTIN,2,SEDE CAUQUENES,16,TECNICO EN PARVULOS Y BASICA,Presencial,Vespertina,1,Plan Regular,5,0,5,Maule,CAUQUENES,CAUQUENES,Pregrado,Técnico de Nivel Superior,Carreras Técnicas,Educación Media,VIGENTE CON ALUMNOS NUEVOS,,55000,1740800,0.0,Educación,Educación,Formación de Personal Docente y Ciencias de la Educación,Técnico Asistente del Educador de Párvulos,Educación,Educación,SIN INFORMACIÓN,ACREDITADA,11/12/2018 - 11/12/2023,5.0,0,0,1
2022,450386,I367S2C181J1V1,747728.0,2,199805,20 a 24 años,2021,1,2021,1,Centros de Formación Técnica,Centros de Formación Técnica,Centros de Formación Técnica,367,CFT SAN AGUSTIN,2,SEDE CAUQUENES,181,TECNICO EN TRABAJO SOCIAL,Presencial,Diurna,1,Plan Regular,5,0,5,Maule,CAUQUENES,CAUQUENES,Pregrado,Técnico de Nivel Superior,Carreras Técnicas,Educación Media,VIGENTE CON ALUMNOS NUEVOS,Monto en Pesos,55000,1810000,0.0,Ciencias Sociales,Salud y Servicios Sociales,Servicios Sociales,Técnico en Servicio Social,Salud y Bienestar,Bienestar,NO ACREDITADA,ACREDITADA,11/12/2018 - 11/12/2023,5.0,0,0,1
2022,1103023,I367S1C181J2V1,13972690.0,2,198512,35 a 39 años,2022,1,2022,1,Centros de Formación Técnica,Centros de Formación Técnica,Centros de Formación Técnica,367,CFT SAN AGUSTIN,1,CASA CENTRAL (TALCA),181,TECNICO EN TRABAJO SOCIAL,Presencial,Vespertina,1,Plan Regular,5,0,5,Maule,TALCA,TALCA,Pregrado,Técnico de Nivel Superior,Carreras Técnicas,Educación Media,VIGENTE CON ALUMNOS NUEVOS,Monto en Pesos,55000,1810000,0.0,Ciencias Sociales,Salud y Servicios Sociales,Servicios Sociales,Técnico en Servicio Social,Salud y Bienestar,Bienestar,NO ACREDITADA,ACREDITADA,11/12/2018 - 11/12/2023,5.0,0,0,1
2022,1200391,I367S3C16J2V1,3432871.0,2,197910,40 y más años,2022,1,2022,1,Centros de Formación Técnica,Centros de Formación Técnica,Centros de Formación Técnica,367,CFT SAN AGUSTIN,3,SEDE LINARES,16,TECNICO EN PARVULOS Y BASICA,Presencial,Vespertina,1,Plan Regular,5,0,5,Maule,LINARES,LINARES,Pregrado,Técnico de Nivel Superior,Carreras Técnicas,Educación Media,VIGENTE CON ALUMNOS NUEVOS,Monto en Pesos,55000,1810000,0.0,Educación,Educación,Formación de Personal Docente y Ciencias de la Educación,Técnico Asistente del Educador de Párvulos,Educación,Educación,NO ACREDITADA,ACREDITADA,11/12/2018 - 11/12/2023,5.0,0,0,1
2021,1079434,I260S12C108J1V1,22505583.0,1,199802,20 a 24 años,2018,1,2018,1,Centros de Formación Técnica,Centros de Formación Técnica,Centros de Formación Técnica,260,CFT SANTO TOMAS,12,SEDE VALDIVIA,108,PREPARADOR FISICO,Presencial,Diurna,1,Plan Regular,5,0,5,Los Ríos,VALDIVIA,VALDIVIA,Pregrado,Técnico de Nivel Superior,Carreras Técnicas,Educación Media,VIGENTE CON ALUMNOS NUEVOS,,64000,1621000,0.0,Educación,Servicios,Servicios Personales,"Técnico en Deporte, Recreación y Preparación Física",Servicios,Servicios personales,NO ACREDITADA,ACREDITADA,20/12/2019 - 20/12/2024,5.0,0,0,1
2021,1089715,I260S2C100J2V1,21852250.0,2,200001,20 a 24 años,2020,1,2020,1,Centros de Formación Técnica,Centros de Formación Técnica,Centros de Formación Técnica,260,CFT SANTO TOMAS,2,SEDE IQUIQUE,100,TECNICO JURIDICO,Presencial,Vespertina,1,Plan Regular,5,0,5,Tarapacá,IQUIQUE,IQUIQUE,Pregrado,Técnico de Nivel Superior,Carreras Técnicas,Educación Media,VIGENTE CON ALUMNOS NUEVOS,,64000,1488000,0.0,Derecho,"Ciencias Sociales, Enseñanza Comercial y Derecho",Derecho,Técnico Jurídico,Administración de Empresas y Derecho,Derecho,NO ACREDITADA,ACREDITADA,20/12/2019 - 20/12/2024,5.0,0,0,1
2021,1106207,I260S45C320J1V1,20734673.0,2,200007,20 a 24 años,2020,1,2020,1,Centros de Formación Técnica,Centros de Formación Técnica,Centros de Formación Técnica,260,CFT SANTO TOMAS,45,SEDE CONCEPCION,320,TECNICO EN EDUCACION PARVULARIA 1° Y 2° BASICO,Presencial,Diurna,1,Plan Regular,5,0,5,Biobío,CONCEPCION,CONCEPCION,Pregrado,Técnico de Nivel Superior,Carreras Técnicas,Educación Media,VIGENTE CON ALUMNOS NUEVOS,,64000,1306000,0.0,Educación,Educación,Formación de Personal Docente y Ciencias de la Educación,Técnico Asistente del Educador de Párvulos,Educación,Educación,NO ACREDITADA,ACREDITADA,20/12/2019 - 20/12/2024,5.0,0,0,1
2021,1109075,I260S47C320J2V1,21956603.0,2,199807,20 a 24 años,2021,1,2021,1,Centros de Formación Técnica,Centros de Formación Técnica,Centros de Formación Técnica,260,CFT SANTO TOMAS,47,SEDE PUENTE ALTO,320,TECNICO EN EDUCACION PARVULARIA 1° Y 2° BASICO,Presencial,Vespertina,1,Plan Regular,5,0,5,Metropolitana,CORDILLERA,PUENTE ALTO,Pregrado,Técnico de Nivel Superior,Carreras Técnicas,Educación Media,VIGENTE CON ALUMNOS NUEVOS,,64000,1399000,0.0,Educación,Educación,Formación de Personal Docente y Ciencias de la Educación,Técnico Asistente del Educador de Párvulos,Educación,Educación,NO ACREDITADA,ACREDITADA,20/12/2019 - 20/12/2024,5.0,0,0,1
2021,1105261,I260S45C120J2V1,23006176.0,1,199609,20 a 24 años,2021,1,2021,1,Centros de Formación Técnica,Centros de Formación Técnica,Centros de Formación Técnica,260,CFT SANTO TOMAS,45,SEDE CONCEPCION,120,TECNICO EN ADMINISTRACION,Presencial,Vespertina,1,Plan Regular,5,0,5,Biobío,CONCEPCION,CONCEPCION,Pregrado,Técnico de Nivel Superior,Carreras Técnicas,Educación Media,VIGENTE CON ALUMNOS NUEVOS,,64000,1471000,0.0,Administración y Comercio,"Ciencias Sociales, Enseñanza Comercial y Derecho",Enseñanza Comercial y Administración,Técnico en Administración de Empresas,Administración de Empresas y Derecho,Educación Comercial y Administración,ACREDITADA,ACREDITADA,20/12/2019 - 20/12/2024,5.0,0,0,1
2021,1086823,I260S22C120J2V1,23468355.0,2,199901,20 a 24 años,2021,1,2021,1,Centros de Formación Técnica,Centros de Formación Técnica,Centros de Formación Técnica,260,CFT SANTO TOMAS,22,SEDE LA SERENA,120,TECNICO EN ADMINISTRACION,Presencial,Vespertina,1,Plan Regular,5,0,5,Coquimbo,ELQUI,LA SERENA,Pregrado,Técnico de Nivel Superior,Carreras Técnicas,Educación Media,VIGENTE CON ALUMNOS NUEVOS,,64000,1500000,0.0,Administración y Comercio,"Ciencias Sociales, Enseñanza Comercial y Derecho",Enseñanza Comercial y Administración,Técnico en Administración de Empresas,Administración de Empresas y Derecho,Educación Comercial y Administración,ACREDITADA,ACREDITADA,20/12/2019 - 20/12/2024,5.0,0,0,1
2021,1111437,I260S5C285J1V1,26103116.0,2,199610,20 a 24 años,2021,1,2021,1,Centros de Formación Técnica,Centros de Formación Técnica,Centros de Formación Técnica,260,CFT SANTO TOMAS,5,SEDE OVALLE,285,TECNICO EN VETERINARIA Y PRODUCCION PECUARIA,Presencial,Diurna,1,Plan Regular,5,0,5,Coquimbo,LIMARI,OVALLE,Pregrado,Técnico de Nivel Superior,Carreras Técnicas,Educación Media,VIGENTE CON ALUMNOS NUEVOS,,64000,1703000,0.0,Agropecuaria,Agricultura,Veterinaria,Técnico Veterinario,"Agricultura, Silvicultura, Pesca y Veterinaria",Veterinaria,ACREDITADA,ACREDITADA,20/12/2019 - 20/12/2024,5.0,0,0,1
2021,1093101,I260S35C280J1V1,22218855.0,2,200302,15 a 19 años,2021,1,2021,1,Centros de Formación Técnica,Centros de Formación Técnica,Centros de Formación Técnica,260,CFT SANTO TOMAS,35,SEDE OSORNO,280,GASTRONOMIA INTERNACIONAL Y TRADICIONAL CHILENA,Presencial,Diurna,1,Plan Regular,5,0,5,Los Lagos,OSORNO,OSORNO,Pregrado,Técnico de Nivel Superior,Carreras Técnicas,Educación Media,VIGENTE CON ALUMNOS NUEVOS,,64000,2049000,0.0,Administración y Comercio,Servicios,Servicios Personales,Técnico en Gastronomía y Cocina,Servicios,Servicios personales,NO ACREDITADA,ACREDITADA,20/12/2019 - 20/12/2024,5.0,0,0,1
2021,1076434,I260S11C108J1V1,24144981.0,2,200104,20 a 24 años,2021,1,2021,1,Centros de Formación Técnica,Centros de Formación Técnica,Centros de Formación Técnica,260,CFT SANTO TOMAS,11,SEDE TEMUCO,108,PREPARADOR FISICO,Presencial,Diurna,1,Plan Regular,5,0,5,La Araucanía,CAUTIN,TEMUCO,Pregrado,Técnico de Nivel Superior,Carreras Técnicas,Educación Media,VIGENTE CON ALUMNOS NUEVOS,,64000,1698000,0.0,Educación,Servicios,Servicios Personales,"Técnico en Deporte, Recreación y Preparación Física",Servicios,Servicios personales,NO ACREDITADA,ACREDITADA,20/12/2019 - 20/12/2024,5.0,0,0,1
2022,817803,I116S15C207J1V1,6673329.0,1,200112,20 a 24 años,2020,1,2020,1,Institutos Profesionales,Institutos Profesionales,Institutos Profesionales,116,IP SANTO TOMAS,15,SEDE LOS ANGELES,207,INGENIERIA AGRICOLA,Presencial,Diurna,1,Plan Regular,8,0,8,Biobío,BIOBIO,LOS ANGELES,Pregrado,Profesional Sin Licenciatura,Carreras Profesionales,Educación Media,VIGENTE CON ALUMNOS NUEVOS,Monto en Pesos,95000,1995000,0.0,Agropecuaria,Agricultura,"Agricultura, Silvicultura y Pesca",Ingeniería Agrícola,"Agricultura, Silvicultura, Pesca y Veterinaria",Agricultura,NO ACREDITADA,ACREDITADA,20/01/2021 - 20/01/2026,5.0,0,0,1
2022,203088,I116S10C147J2V1,10962258.0,1,199211,25 a 29 años,2021,1,2021,1,Institutos Profesionales,Institutos Profesionales,Institutos Profesionales,116,IP SANTO TOMAS,10,SEDE ANTOFAGASTA,147,INGENIERIA EN MANTENIMIENTO INDUSTRIAL,Presencial,Vespertina,1,Plan Regular,8,0,8,Antofagasta,ANTOFAGASTA,ANTOFAGASTA,Pregrado,Profesional Sin Licenciatura,Carreras Profesionales,Educación Media,VIGENTE CON ALUMNOS NUEVOS,Monto en Pesos,95000,2264000,0.0,Tecnología,"Ingeniería, Industria y Construcción",Ingeniería y Profesiones Afines,Ingeniería Industrial,"Ingeniería, Industria y Construcción",Ingeniería y Profesiones Afines,NO ACREDITADA,ACREDITADA,20/01/2021 - 20/01/2026,5.0,0,0,1
2022,1181897,I116S16C196J1V1,4501743.0,2,200212,15 a 19 años,2022,1,2022,1,Institutos Profesionales,Institutos Profesionales,Institutos Profesionales,116,IP SANTO TOMAS,16,SEDE OSORNO,196,PSICOPEDAGOGIA,Presencial,Diurna,1,Plan Regular,8,0,8,Los Lagos,OSORNO,OSORNO,Pregrado,Profesional Sin Licenciatura,Carreras Profesionales,Educación Media,VIGENTE CON ALUMNOS NUEVOS,Monto en Pesos,95000,1793000,0.0,Educación,Educación,Formación de Personal Docente y Ciencias de la Educación,Psicopedagogía,Educación,Educación,NO ACREDITADA,ACREDITADA,20/01/2021 - 20/01/2026,5.0,0,0,1
2022,426963,I116S25C4J1V1,12879282.0,2,199806,20 a 24 años,2022,1,2022,1,Institutos Profesionales,Institutos Profesionales,Institutos Profesionales,116,IP SANTO TOMAS,25,SEDE RANCAGUA,4,SERVICIO SOCIAL,Presencial,Diurna,1,Plan Regular,8,0,8,Lib. Gral. B. O'Higgins,CACHAPOAL,RANCAGUA,Pregrado,Profesional Sin Licenciatura,Carreras Profesionales,Educación Media,VIGENTE CON ALUMNOS NUEVOS,Monto en Pesos,95000,1953000,0.0,Ciencias Sociales,Salud y Servicios Sociales,Servicios Sociales,Trabajo Social,Salud y Bienestar,Bienestar,NO ACREDITADA,ACREDITADA,20/01/2021 - 20/01/2026,5.0,0,0,1
2021,852563,I116S10C149J1V1,21990573.0,2,199905,20 a 24 años,2020,1,2020,1,Institutos Profesionales,Institutos Profesionales,Institutos Profesionales,116,IP SANTO TOMAS,10,SEDE ANTOFAGASTA,149,INGENIERIA EN QUIMICA INDUSTRIAL,Presencial,Diurna,1,Plan Regular,8,0,8,Antofagasta,ANTOFAGASTA,ANTOFAGASTA,Pregrado,Profesional Sin Licenciatura,Carreras Profesionales,Educación Media,VIGENTE CON ALUMNOS NUEVOS,,89000,2014000,0.0,Tecnología,"Ingeniería, Industria y Construcción",Ingeniería y Profesiones Afines,Ingeniería en Química,"Ingeniería, Industria y Construcción",Ingeniería y Profesiones Afines,NO ACREDITADA,ACREDITADA,20/01/2021 - 20/01/2026,5.0,0,0,1
2022,511003,I116S16C17J1V1,511584.0,2,199906,20 a 24 años,2020,1,2020,1,Institutos Profesionales,Institutos Profesionales,Institutos Profesionales,116,IP SANTO TOMAS,16,SEDE OSORNO,17,TECNICO EN TRABAJO SOCIAL,Presencial,Diurna,1,Plan Regular,5,0,5,Los Lagos,OSORNO,OSORNO,Pregrado,Técnico de Nivel Superior,Carreras Técnicas,Educación Media,VIGENTE SIN ALUMNOS NUEVOS,Monto en Pesos,62000,1371000,0.0,Ciencias Sociales,Salud y Servicios Sociales,Servicios Sociales,Técnico en Servicio Social,Salud y Bienestar,Bienestar,NO ACREDITADA,ACREDITADA,20/01/2021 - 20/01/2026,5.0,0,0,1
2022,264779,I260S21C47J2V1,11504027.0,2,199412,25 a 29 años,2019,1,2019,1,Centros de Formación Técnica,Centros de Formación Técnica,Centros de Formación Técnica,260,CFT SANTO TOMAS,21,SEDE SANTIAGO,47,TECNICO EN ENFERMERIA,Presencial,Vespertina,1,Plan Regular,5,0,5,Metropolitana,SANTIAGO,SANTIAGO,Pregrado,Técnico de Nivel Superior,Carreras Técnicas,Educación Media,VIGENTE CON ALUMNOS NUEVOS,Monto en Pesos,68000,1904000,0.0,Salud,Salud y Servicios Sociales,Medicina,Técnico en Enfermería,Salud y Bienestar,Salud,ACREDITADA,ACREDITADA,20/12/2019 - 20/12/2024,5.0,0,0,1
2022,198343,I260S47C320J2V1,10991308.0,2,199205,30 a 34 años,2020,1,2020,1,Centros de Formación Técnica,Centros de Formación Técnica,Centros de Formación Técnica,260,CFT SANTO TOMAS,47,SEDE PUENTE ALTO,320,TECNICO EN EDUCACION PARVULARIA 1° Y 2° BASICO,Presencial,Vespertina,1,Plan Regular,5,0,5,Metropolitana,CORDILLERA,PUENTE ALTO,Pregrado,Técnico de Nivel Superior,Carreras Técnicas,Educación Media,VIGENTE CON ALUMNOS NUEVOS,Monto en Pesos,68000,1493000,0.0,Educación,Educación,Formación de Personal Docente y Ciencias de la Educación,Técnico Asistente del Educador de Párvulos,Educación,Educación,NO ACREDITADA,ACREDITADA,20/12/2019 - 20/12/2024,5.0,0,0,1
2022,216101,I260S42C320J1V1,11392748.0,2,199305,25 a 29 años,2020,1,2020,1,Centros de Formación Técnica,Centros de Formación Técnica,Centros de Formación Técnica,260,CFT SANTO TOMAS,42,SEDE CHILLAN,320,TECNICO EN EDUCACION PARVULARIA 1° Y 2° BASICO,Presencial,Diurna,1,Plan Regular,5,0,5,Ñuble,DIGUILLIN,CHILLAN,Pregrado,Técnico de Nivel Superior,Carreras Técnicas,Educación Media,VIGENTE CON ALUMNOS NUEVOS,Monto en Pesos,68000,1471000,0.0,Educación,Educación,Formación de Personal Docente y Ciencias de la Educación,Técnico Asistente del Educador de Párvulos,Educación,Educación,NO ACREDITADA,ACREDITADA,20/12/2019 - 20/12/2024,5.0,0,0,1
2022,475230,I260S37C280J1V1,8708017.0,2,199809,20 a 24 años,2020,1,2020,1,Centros de Formación Técnica,Centros de Formación Técnica,Centros de Formación Técnica,260,CFT SANTO TOMAS,37,SEDE PUERTO MONTT,280,GASTRONOMIA INTERNACIONAL Y TRADICIONAL CHILENA,Presencial,Diurna,1,Plan Regular,5,0,5,Los Lagos,LLANQUIHUE,PUERTO MONTT,Pregrado,Técnico de Nivel Superior,Carreras Técnicas,Educación Media,VIGENTE CON ALUMNOS NUEVOS,Monto en Pesos,68000,2311000,0.0,Administración y Comercio,Servicios,Servicios Personales,Técnico en Gastronomía y Cocina,Servicios,Servicios personales,NO ACREDITADA,ACREDITADA,20/12/2019 - 20/12/2024,5.0,0,0,1
2022,838568,I260S3C115J1V1,15387397.0,2,200112,20 a 24 años,2020,1,2020,1,Centros de Formación Técnica,Centros de Formación Técnica,Centros de Formación Técnica,260,CFT SANTO TOMAS,3,SEDE ANTOFAGASTA,115,TECNICO EN LABORATORIO CLINICO BANCO DE SANGRE E IMAGENOLOGIA,Presencial,Diurna,1,Plan Regular,5,0,5,Antofagasta,ANTOFAGASTA,ANTOFAGASTA,Pregrado,Técnico de Nivel Superior,Carreras Técnicas,Educación Media,VIGENTE CON ALUMNOS NUEVOS,Monto en Pesos,68000,2082000,0.0,Salud,Salud y Servicios Sociales,Medicina,Técnico en Laboratorio Clínico,Salud y Bienestar,Salud,NO ACREDITADA,ACREDITADA,20/12/2019 - 20/12/2024,5.0,0,0,1
2022,711424,I260S11C78J1V1,9491901.0,1,200106,20 a 24 años,2021,1,2021,1,Centros de Formación Técnica,Centros de Formación Técnica,Centros de Formación Técnica,260,CFT SANTO TOMAS,11,SEDE TEMUCO,78,TECNICO EN CONSTRUCCIONES CIVILES,Presencial,Diurna,1,Plan Regular,5,0,5,La Araucanía,CAUTIN,TEMUCO,Pregrado,Técnico de Nivel Superior,Carreras Técnicas,Educación Media,VIGENTE CON ALUMNOS NUEVOS,Monto en Pesos,68000,1553000,0.0,Tecnología,"Ingeniería, Industria y Construcción",Arquitectura y Construcción,Técnico en Construcción y Obras Civiles,"Ingeniería, Industria y Construcción",Arquitectura y Construcción,NO ACREDITADA,ACREDITADA,20/12/2019 - 20/12/2024,5.0,0,0,1
2022,32241,I260S44C120J1V1,346869.0,2,197910,40 y más años,2021,1,2021,1,Centros de Formación Técnica,Centros de Formación Técnica,Centros de Formación Técnica,260,CFT SANTO TOMAS,44,SEDE PUNTA ARENAS,120,TECNICO EN ADMINISTRACION,Presencial,Diurna,1,Plan Regular,5,0,5,Magallanes,MAGALLANES,PUNTA ARENAS,Pregrado,Técnico de Nivel Superior,Carreras Técnicas,Educación Media,VIGENTE CON ALUMNOS NUEVOS,Monto en Pesos,68000,1703000,0.0,Administración y Comercio,"Ciencias Sociales, Enseñanza Comercial y Derecho",Enseñanza Comercial y Administración,Técnico en Administración de Empresas,Administración de Empresas y Derecho,Educación Comercial y Administración,ACREDITADA,ACREDITADA,20/12/2019 - 20/12/2024,5.0,0,0,1
2022,208,I260S38C285J1V1,5412377.0,2,197507,40 y más años,2021,1,2021,1,Centros de Formación Técnica,Centros de Formación Técnica,Centros de Formación Técnica,260,CFT SANTO TOMAS,38,SEDE VIÑA DEL MAR,285,TECNICO EN VETERINARIA Y PRODUCCION PECUARIA,Presencial,Diurna,1,Plan Regular,5,0,5,Valparaíso,VALPARAISO,VIÑA DEL MAR,Pregrado,Técnico de Nivel Superior,Carreras Técnicas,Educación Media,VIGENTE CON ALUMNOS NUEVOS,Monto en Pesos,68000,1924000,0.0,Agropecuaria,Agricultura,Veterinaria,Técnico Veterinario,"Agricultura, Silvicultura, Pesca y Veterinaria",Veterinaria,ACREDITADA,ACREDITADA,20/12/2019 - 20/12/2024,5.0,0,0,1
2022,202457,I260S25C47J1V1,1403759.0,2,199207,25 a 29 años,2021,1,2021,1,Centros de Formación Técnica,Centros de Formación Técnica,Centros de Formación Técnica,260,CFT SANTO TOMAS,25,SEDE TALCA,47,TECNICO EN ENFERMERIA,Presencial,Diurna,1,Plan Regular,5,0,5,Maule,TALCA,TALCA,Pregrado,Técnico de Nivel Superior,Carreras Técnicas,Educación Media,VIGENTE CON ALUMNOS NUEVOS,Monto en Pesos,68000,2139000,0.0,Salud,Salud y Servicios Sociales,Medicina,Técnico en Enfermería,Salud y Bienestar,Salud,ACREDITADA,ACREDITADA,20/12/2019 - 20/12/2024,5.0,0,0,1
2022,242033,I260S21C47J1V1,10098221.0,2,199409,25 a 29 años,2021,1,2021,1,Centros de Formación Técnica,Centros de Formación Técnica,Centros de Formación Técnica,260,CFT SANTO TOMAS,21,SEDE SANTIAGO,47,TECNICO EN ENFERMERIA,Presencial,Diurna,1,Plan Regular,5,0,5,Metropolitana,SANTIAGO,SANTIAGO,Pregrado,Técnico de Nivel Superior,Carreras Técnicas,Educación Media,VIGENTE CON ALUMNOS NUEVOS,Monto en Pesos,68000,1998000,0.0,Salud,Salud y Servicios Sociales,Medicina,Técnico en Enfermería,Salud y Bienestar,Salud,ACREDITADA,ACREDITADA,20/12/2019 - 20/12/2024,5.0,0,0,1
2022,1161203,I260S11C276J1V1,9379633.0,1,200101,20 a 24 años,2022,1,2022,1,Centros de Formación Técnica,Centros de Formación Técnica,Centros de Formación Técnica,260,CFT SANTO TOMAS,11,SEDE TEMUCO,276,TECNICO EN ODONTOLOGIA MENCION HIGIENISTA DENTAL,Presencial,Diurna,1,Plan Regular,5,0,5,La Araucanía,CAUTIN,TEMUCO,Pregrado,Técnico de Nivel Superior,Carreras Técnicas,Educación Media,VIGENTE CON ALUMNOS NUEVOS,Monto en Pesos,68000,1982000,0.0,Salud,Salud y Servicios Sociales,Medicina,Técnico Dental y Asistente de Odontología,Salud y Bienestar,Salud,NO ACREDITADA,ACREDITADA,20/12/2019 - 20/12/2024,5.0,0,0,1
2022,867234,I260S21C118J1V1,9414369.0,2,200204,20 a 24 años,2022,1,2022,1,Centros de Formación Técnica,Centros de Formación Técnica,Centros de Formación Técnica,260,CFT SANTO TOMAS,21,SEDE SANTIAGO,118,TECNICO EN ENFERMERIA GINECO-OBSTETRICA Y NEONATAL,Presencial,Diurna,1,Plan Regular,5,0,5,Metropolitana,SANTIAGO,SANTIAGO,Pregrado,Técnico de Nivel Superior,Carreras Técnicas,Educación Media,VIGENTE CON ALUMNOS NUEVOS,Monto en Pesos,68000,2063000,0.0,Salud,Salud y Servicios Sociales,Medicina,Técnico en Enfermería,Salud y Bienestar,Salud,ACREDITADA,ACREDITADA,20/12/2019 - 20/12/2024,5.0,0,0,1
2022,1037448,I260S21C280J1V1,2549367.0,1,200401,15 a 19 años,2022,1,2022,1,Centros de Formación Técnica,Centros de Formación Técnica,Centros de Formación Técnica,260,CFT SANTO TOMAS,21,SEDE SANTIAGO,280,GASTRONOMIA INTERNACIONAL Y TRADICIONAL CHILENA,Presencial,Diurna,1,Plan Regular,5,0,5,Metropolitana,SANTIAGO,SANTIAGO,Pregrado,Técnico de Nivel Superior,Carreras Técnicas,Educación Media,VIGENTE CON ALUMNOS NUEVOS,Monto en Pesos,68000,2126000,0.0,Administración y Comercio,Servicios,Servicios Personales,Técnico en Gastronomía y Cocina,Servicios,Servicios personales,NO ACREDITADA,ACREDITADA,20/12/2019 - 20/12/2024,5.0,0,0,1
2022,335186,I116S39C163J1V1,15561335.0,1,199609,25 a 29 años,2020,1,2020,1,Institutos Profesionales,Institutos Profesionales,Institutos Profesionales,116,IP SANTO TOMAS,39,SEDE SAN JOAQUIN,163,TECNICO EN DISEÑO DIGITAL Y PUBLICITARIO,Presencial,Diurna,1,Plan Regular,5,0,5,Metropolitana,SANTIAGO,SAN JOAQUIN,Pregrado,Técnico de Nivel Superior,Carreras Técnicas,Educación Media,VIGENTE CON ALUMNOS NUEVOS,Monto en Pesos,68000,1772000,0.0,Arte y Arquitectura,Humanidades y Artes,Artes,Técnico en Diseño Gráfico,Artes y Humanidades,Artes,NO ACREDITADA,ACREDITADA,20/01/2021 - 20/01/2026,5.0,0,0,1
2022,949682,I116S18C57J1V1,7784390.0,1,200301,15 a 19 años,2022,1,2022,1,Institutos Profesionales,Institutos Profesionales,Institutos Profesionales,116,IP SANTO TOMAS,18,SEDE OVALLE,57,ANALISTA PROGRAMADOR,Presencial,Diurna,1,Plan Regular,5,0,5,Coquimbo,LIMARI,OVALLE,Pregrado,Técnico de Nivel Superior,Carreras Técnicas,Educación Media,VIGENTE CON ALUMNOS NUEVOS,Monto en Pesos,68000,1545000,0.0,Tecnología,Ciencias,Informática,Técnico en Computación e Informática,Tecnología de la Información y la Comunicación (TIC),Tecnología de la Información y la Comunicación (TIC),NO ACREDITADA,ACREDITADA,20/01/2021 - 20/01/2026,5.0,0,0,1
2022,1127239,I116S17C57J1V1,13771961.0,1,199606,25 a 29 años,2022,1,2022,1,Institutos Profesionales,Institutos Profesionales,Institutos Profesionales,116,IP SANTO TOMAS,17,SEDE TEMUCO,57,ANALISTA PROGRAMADOR,Presencial,Diurna,1,Plan Regular,5,0,5,La Araucanía,CAUTIN,TEMUCO,Pregrado,Técnico de Nivel Superior,Carreras Técnicas,Educación Media,VIGENTE CON ALUMNOS NUEVOS,Monto en Pesos,68000,1568000,0.0,Tecnología,Ciencias,Informática,Técnico en Computación e Informática,Tecnología de la Información y la Comunicación (TIC),Tecnología de la Información y la Comunicación (TIC),NO ACREDITADA,ACREDITADA,20/01/2021 - 20/01/2026,5.0,0,0,1
2021,852730,I116S10C201J2V1,22182911.0,1,198405,35 a 39 años,2020,1,2020,1,Institutos Profesionales,Institutos Profesionales,Institutos Profesionales,116,IP SANTO TOMAS,10,SEDE ANTOFAGASTA,201,"INGENIERIA EN LOGISTICA, PROGRAMA EJECUTIVO SEMIPRESENCIAL",Semipresencial,Vespertina,1,Plan Regular de Continuidad,4,0,4,Antofagasta,ANTOFAGASTA,ANTOFAGASTA,Pregrado,Profesional Sin Licenciatura,Carreras Profesionales,Técnico de Nivel Superior,VIGENTE CON ALUMNOS NUEVOS,,89000,2236000,0.0,Administración y Comercio,"Ciencias Sociales, Enseñanza Comercial y Derecho",Enseñanza Comercial y Administración,Ingeniería en Logística,Administración de Empresas y Derecho,Educación Comercial y Administración,NO ACREDITADA,ACREDITADA,20/01/2021 - 20/01/2026,5.0,0,0,1
2021,930900,I139S3C48J2V1,24389981.0,2,198311,35 a 39 años,2021,1,2021,1,Institutos Profesionales,Institutos Profesionales,Institutos Profesionales,139,IP DR. VIRGINIO GOMEZ G.,3,CASA CENTRAL (CONCEPCION),48,INGENIERIA DE EJECUCION EN PREVENCION DE RIESGOS-PE,Presencial,Vespertina,1,Plan Especial,5,0,5,Biobío,CONCEPCION,CONCEPCION,Pregrado,Profesional Sin Licenciatura,Carreras Profesionales,Técnico de Nivel Superior,VIGENTE CON ALUMNOS NUEVOS,,154000,1896000,0.0,Tecnología,Servicios,Servicios de Seguridad,Ingeniería en Prevención de Riesgos,Servicios,Servicios de Higiene y Salud Ocupacional,NO ACREDITADA,ACREDITADA,17/03/2021 - 17/03/2024,3.0,0,0,1
2022,181262,I139S3C197J2V1,15108543.0,2,199106,30 a 34 años,2021,1,2021,1,Institutos Profesionales,Institutos Profesionales,Institutos Profesionales,139,IP DR. VIRGINIO GOMEZ G.,3,CASA CENTRAL (CONCEPCION),197,INGENIERIA DE EJECUCION EN LOGISTICA MARITIMA PORTUARIA-PE,Presencial,Vespertina,1,Plan Especial,5,0,5,Biobío,CONCEPCION,CONCEPCION,Pregrado,Profesional Sin Licenciatura,Carreras Profesionales,Técnico de Nivel Superior,VIGENTE CON ALUMNOS NUEVOS,Monto en Pesos,160000,1842000,0.0,Administración y Comercio,"Ciencias Sociales, Enseñanza Comercial y Derecho",Enseñanza Comercial y Administración,Ingeniería en Logística,Administración de Empresas y Derecho,Educación Comercial y Administración,NO ACREDITADA,ACREDITADA,17/03/2021 - 17/03/2025,4.0,0,0,1
2022,1239825,I45S4C1052J3V1,10197558.0,2,199312,25 a 29 años,2022,1,2022,1,Universidades,Universidades Privadas,Universidades Privadas,45,UNIVERSIDAD DEL DESARROLLO,4,SEDE SANTIAGO (S.C. APOQUINDO),1052,DIPLOMADO EN IMPLANTOLOGIA QUIRURGICA,Semipresencial,Semipresencial,1,Plan Regular,1,0,1,Metropolitana,SANTIAGO,LAS CONDES,Postítulo,Diplomado (desde un semestre),Postítulo,Licenciatura,VIGENTE CON ALUMNOS NUEVOS,Monto en Pesos,80000,2500000,0.0,Salud,Salud y Servicios Sociales,Medicina,Postítulo en Salud,Salud y Bienestar,Salud,NO ACREDITADA,ACREDITADA,16/12/2021 - 16/12/2027,6.0,0,0,1
2021,1734107,I34S1C288J1V1,24328960.0,2,198903,30 a 34 años,2021,1,2021,1,Universidades,Universidades CRUCH,Universidades Privadas CRUCH,34,UNIVERSIDAD DE LOS ANDES,1,CASA CENTRAL (SANTIAGO),288,DIPLOMADO EN NEFROLOGIA Y DIALISIS,Presencial,Diurna,1,Plan Regular,2,0,2,Metropolitana,SANTIAGO,LAS CONDES,Postítulo,Diplomado (desde un semestre),Postítulo,Título Profesional,VIGENTE CON ALUMNOS NUEVOS,,145252,1946378,0.0,Salud,Salud y Servicios Sociales,Medicina,Postítulo en Salud,Salud y Bienestar,Salud,NO ACREDITADA,ACREDITADA,13/12/2017 - 13/12/2022,5.0,0,0,1
2022,1220782,I34S1C355J4V1,11621168.0,1,199107,30 a 34 años,2022,1,2022,1,Universidades,Universidades CRUCH,Universidades Privadas CRUCH,34,UNIVERSIDAD DE LOS ANDES,1,CASA CENTRAL (SANTIAGO),355,DIPLOMADO EN GESTION DE ORGANIZACIONES DE SALUD PUBLICAS Y PRIVADAS (E-CLASS),No Presencial,A Distancia,1,Plan Regular,2,0,2,Metropolitana,SANTIAGO,LAS CONDES,Postítulo,Diplomado (desde un semestre),Postítulo,Título Profesional,VIGENTE CON ALUMNOS NUEVOS,Monto en UF,0,70,0.0,Administración y Comercio,"Ciencias Sociales, Enseñanza Comercial y Derecho",Enseñanza Comercial y Administración,Postítulo en Administración y Comercio,Administración de Empresas y Derecho,Educación Comercial y Administración,NO ACREDITADA,ACREDITADA,13/12/2017 - 13/12/2022,5.0,0,0,1
2022,1288813,I86S1C816J3V1,4407875.0,2,199105,30 a 34 años,2022,1,2022,1,Universidades,Universidades CRUCH,Universidades Privadas CRUCH,86,PONTIFICIA UNIVERSIDAD CATOLICA DE CHILE,1,CASA CENTRAL,816,DIPLOMADO EN FUNDAMENTOS BASADOS EN LA EVIDENCIA PARA LOS CUIDADOS DE ENFERMERIA EN UNIDAD DE PACIENTE CRITICO,Semipresencial,Semipresencial,1,Plan Regular,2,0,2,Metropolitana,SANTIAGO,SANTIAGO,Postítulo,Diplomado (desde un semestre),Postítulo,Título Profesional,VIGENTE CON ALUMNOS NUEVOS,Monto en Pesos,0,0,0.0,Salud,Salud y Servicios Sociales,Medicina,Postítulo en Salud,Salud y Bienestar,Salud,NO ACREDITADA,ACREDITADA,01/12/2018 - 01/12/2025,7.0,0,0,1
2022,657109,I86S5C561J1V1,3018497.0,1,200008,20 a 24 años,2019,1,2019,1,Universidades,Universidades CRUCH,Universidades Privadas CRUCH,86,PONTIFICIA UNIVERSIDAD CATOLICA DE CHILE,5,CAMPUS SAN JOAQUIN,561,ANTROPOLOGIA,Presencial,Diurna,1,Plan Regular,10,0,10,Metropolitana,SANTIAGO,MACUL,Pregrado,Profesional Con Licenciatura,Carreras Profesionales,Educación Media,VIGENTE SIN ALUMNOS NUEVOS,Monto en Pesos,31200,5560000,0.0,Ciencias Sociales,"Ciencias Sociales, Enseñanza Comercial y Derecho",Ciencias Sociales y del Comportamiento,Antropología,"Ciencias Sociales, Periodismo e Información",Ciencias Sociales y del Comportamiento,NO ACREDITADA,ACREDITADA,01/12/2018 - 01/12/2025,7.0,0,0,9
2022,114865,I116S31C4J1V2,7467502.0,2,198708,30 a 34 años,2016,1,2021,1,Institutos Profesionales,Institutos Profesionales,Institutos Profesionales,116,IP SANTO TOMAS,31,SEDE SANTIAGO,4,SERVICIO SOCIAL,Presencial,Diurna,2,Plan Regular de Continuidad,4,0,4,Metropolitana,SANTIAGO,SANTIAGO,Pregrado,Profesional Sin Licenciatura,Carreras Profesionales,Técnico de Nivel Superior,VIGENTE CON ALUMNOS NUEVOS,Monto en Pesos,95000,1835000,0.0,Ciencias Sociales,Salud y Servicios Sociales,Servicios Sociales,Trabajo Social,Salud y Bienestar,Bienestar,NO ACREDITADA,ACREDITADA,20/01/2021 - 20/01/2026,5.0,0,0,11
2022,5225,I113S8C430J2V1,13867283.0,2,196709,40 y más años,2018,1,2020,1,Institutos Profesionales,Institutos Profesionales,Institutos Profesionales,113,IP IPG,8,SEDE RANCAGUA,430,INGENIERIA EN ADMINISTRACION GENERAL NIVEL PROFESIONAL PLAN CONTINUIDAD,Presencial,Vespertina,1,Plan Regular de Continuidad,5,1,5,Lib. Gral. B. O'Higgins,CACHAPOAL,RANCAGUA,Pregrado,Profesional Sin Licenciatura,Carreras Profesionales,Técnico de Nivel Superior,VIGENTE SIN ALUMNOS NUEVOS,Monto en Pesos,55000,1516000,0.0,Administración y Comercio,"Ciencias Sociales, Enseñanza Comercial y Derecho",Enseñanza Comercial y Administración,Administración de Empresas e Ing. Asociadas,Administración de Empresas y Derecho,Educación Comercial y Administración,NO ACREDITADA,ACREDITADA,22/09/2021 - 22/09/2025,4.0,758000,0,11
2021,2402338,I50S2C352J4V1,24946957.0,1,197405,40 y más años,2021,1,2021,1,Universidades,Universidades Privadas,Universidades Privadas,50,UNIVERSIDAD BERNARDO O'HIGGINS,2,CAMPUS RONDIZZONI,352,MAGISTER EN GENERO E INTERVENCION SOCIAL CON MENCION,No Presencial,A Distancia,1,Plan Regular,4,1,4,Metropolitana,SANTIAGO,SANTIAGO,Postgrado,Magister,Magister,Licenciatura,VIGENTE CON ALUMNOS NUEVOS,,150000,1750000,0.0,Ciencias Sociales,"Ciencias Sociales, Enseñanza Comercial y Derecho",Ciencias Sociales y del Comportamiento,Magister en Ciencias Sociales,"Ciencias Sociales, Periodismo e Información",Ciencias Sociales y del Comportamiento,NO ACREDITADA,ACREDITADA,23/07/2018 - 23/07/2022,4.0,604464,0,1
2022,681974,I100S19C150J1V1,10712875.0,1,200009,20 a 24 años,2020,1,2021,2,Institutos Profesionales,Institutos Profesionales,Institutos Profesionales,100,IP INACAP,19,SEDE APOQUINDO,150,ADMINISTRACION GASTRONOMICA INTERNACIONAL,Presencial,Diurna,1,Plan Regular,8,0,8,Metropolitana,SANTIAGO,LAS CONDES,Pregrado,Profesional Sin Licenciatura,Carreras Profesionales,Educación Media,VIGENTE SIN ALUMNOS NUEVOS,Monto en Pesos,272000,3110000,0.0,Administración y Comercio,Servicios,Servicios Personales,Administración Gastronómica,Servicios,Servicios personales,NO ACREDITADA,ACREDITADA,11/12/2016 - 11/12/2022,6.0,72000,0,4
2022,151237,I176S7C766J3V2,10574861.0,2,198910,30 a 34 años,2022,1,2022,1,Institutos Profesionales,Institutos Profesionales,Institutos Profesionales,176,IP DEL VALLE CENTRAL,7,CASA CENTRAL (CONCEPCION),766,TECNICO DE NIVEL SUPERIOR EN ADMINISTRACION DE EMPRESAS,Semipresencial,Semipresencial,2,Plan Especial,5,1,5,Biobío,CONCEPCION,CONCEPCION,Pregrado,Técnico de Nivel Superior,Carreras Técnicas,Educación Media,VIGENTE CON ALUMNOS NUEVOS,Monto en Pesos,47000,900000,0.0,Administración y Comercio,"Ciencias Sociales, Enseñanza Comercial y Derecho",Enseñanza Comercial y Administración,Técnico en Administración de Empresas,Administración de Empresas y Derecho,Educación Comercial y Administración,NO ACREDITADA,NO ACREDITADA,,,77000,0,5
2022,1106003,I101S1C202J4V2,1356931.0,2,198810,30 a 34 años,2021,2,2021,2,Institutos Profesionales,Institutos Profesionales,Institutos Profesionales,101,IP LIBERTADOR DE LOS ANDES,1,CASA CENTRAL (LOS ANDES),202,TECNICO DE NIVEL SUPERIOR EN EDUCACION PARVULARIA,No Presencial,A Distancia,2,Plan Especial,5,1,5,Valparaíso,LOS ANDES,LOS ANDES,Pregrado,Técnico de Nivel Superior,Carreras Técnicas,Educación Media,VIGENTE CON ALUMNOS NUEVOS,Monto en Pesos,30000,600000,0.0,Educación,Educación,Formación de Personal Docente y Ciencias de la Educación,Técnico Asistente del Educador de Párvulos,Educación,Educación,NO ACREDITADA,NO ACREDITADA,,,200000,0,5
2021,953837,I143S17C23J2V2,20959217.0,2,200010,20 a 24 años,2019,1,2021,1,Institutos Profesionales,Institutos Profesionales,Institutos Profesionales,143,IP AIEP,17,SEDE LA SERENA,23,CONSTRUCCION CIVIL,Presencial,Vespertina,2,Plan Regular,8,1,8,Coquimbo,ELQUI,LA SERENA,Pregrado,Profesional Sin Licenciatura,Carreras Profesionales,Educación Media,VIGENTE CON ALUMNOS NUEVOS,,190000,1760000,0.0,Tecnología,"Ingeniería, Industria y Construcción",Arquitectura y Construcción,Construcción Civil,"Ingeniería, Industria y Construcción",Arquitectura y Construcción,NO ACREDITADA,ACREDITADA,22/10/2017 - 22/10/2022,5.0,190000,0,11
2021,975149,I143S26C111J2V2,21262922.0,1,199911,20 a 24 años,2018,1,2020,1,Institutos Profesionales,Institutos Profesionales,Institutos Profesionales,143,IP AIEP,26,SEDE BELLAVISTA,111,INGENIERIA DE EJECUCION EN ADMINISTRACION DE EMPRESAS MENCION FINANZAS,Presencial,Vespertina,2,Plan Regular,8,1,8,Metropolitana,SANTIAGO,SANTIAGO,Pregrado,Profesional Sin Licenciatura,Carreras Profesionales,Educación Media,VIGENTE CON ALUMNOS NUEVOS,,190000,1880000,0.0,Administración y Comercio,"Ciencias Sociales, Enseñanza Comercial y Derecho",Enseñanza Comercial y Administración,Administración de Empresas e Ing. Asociadas,Administración de Empresas y Derecho,Educación Comercial y Administración,NO ACREDITADA,ACREDITADA,22/10/2017 - 22/10/2022,5.0,190000,0,3
2021,958109,I143S20C113J2V2,21797455.0,1,199104,30 a 34 años,2012,1,2020,1,Institutos Profesionales,Institutos Profesionales,Institutos Profesionales,143,IP AIEP,20,SEDE TEMUCO,113,INGENIERIA DE EJECUCION EN ADMINISTRACION DE EMPRESAS MENCION RECURSOS HUMANOS,Presencial,Vespertina,2,Plan Regular,8,1,8,La Araucanía,CAUTIN,TEMUCO,Pregrado,Profesional Sin Licenciatura,Carreras Profesionales,Educación Media,VIGENTE CON ALUMNOS NUEVOS,,190000,1700000,0.0,Administración y Comercio,"Ciencias Sociales, Enseñanza Comercial y Derecho",Enseñanza Comercial y Administración,Administración de Empresas e Ing. Asociadas,Administración de Empresas y Derecho,Educación Comercial y Administración,NO ACREDITADA,ACREDITADA,22/10/2017 - 22/10/2022,5.0,190000,0,3
2022,1132391,I143S13C92J2V1,459726.0,1,199801,20 a 24 años,2019,1,2022,1,Institutos Profesionales,Institutos Profesionales,Institutos Profesionales,143,IP AIEP,13,SEDE CONCEPCION,92,TECNICO EN ODONTOLOGIA,Presencial,Vespertina,1,Plan Regular,5,1,5,Biobío,CONCEPCION,CONCEPCION,Pregrado,Técnico de Nivel Superior,Carreras Técnicas,Educación Media,VIGENTE CON ALUMNOS NUEVOS,Monto en Pesos,200000,1880000,0.0,Salud,Salud y Servicios Sociales,Medicina,Técnico Dental y Asistente de Odontología,Salud y Bienestar,Salud,NO ACREDITADA,ACREDITADA,22/10/2017 - 22/10/2022,5.0,619000,0,3
2022,514133,I143S9C28J2V2,14905152.0,2,199908,20 a 24 años,2018,1,2020,1,Institutos Profesionales,Institutos Profesionales,Institutos Profesionales,143,IP AIEP,9,SEDE RANCAGUA,28,TRABAJO SOCIAL,Presencial,Vespertina,2,Plan Regular,8,1,8,Lib. Gral. B. O'Higgins,CACHAPOAL,RANCAGUA,Pregrado,Profesional Sin Licenciatura,Carreras Profesionales,Educación Media,VIGENTE CON ALUMNOS NUEVOS,Monto en Pesos,200000,1840000,0.0,Ciencias Sociales,Salud y Servicios Sociales,Servicios Sociales,Trabajo Social,Salud y Bienestar,Bienestar,NO ACREDITADA,ACREDITADA,22/10/2017 - 22/10/2022,5.0,200000,0,3
2022,1150260,I100S23C300J1V1,7913960.0,2,200003,20 a 24 años,2019,1,2022,1,Institutos Profesionales,Institutos Profesionales,Institutos Profesionales,100,IP INACAP,23,SEDE RANCAGUA,300,INGENIERIA EN ADMINISTRACION DE EMPRESAS,Presencial,Diurna,1,Plan Regular,8,0,8,Lib. Gral. B. O'Higgins,CACHAPOAL,RANCAGUA,Pregrado,Profesional Sin Licenciatura,Carreras Profesionales,Educación Media,VIGENTE CON ALUMNOS NUEVOS,Monto en Pesos,272000,2292000,0.0,Administración y Comercio,"Ciencias Sociales, Enseñanza Comercial y Derecho",Enseñanza Comercial y Administración,Administración de Empresas e Ing. Asociadas,Administración de Empresas y Derecho,Educación Comercial y Administración,NO ACREDITADA,ACREDITADA,11/12/2016 - 11/12/2022,6.0,36000,0,11
2021,723941,I100S40C2J1V1,22193262.0,2,199806,20 a 24 años,2018,1,2020,1,Institutos Profesionales,Institutos Profesionales,Institutos Profesionales,100,IP INACAP,40,SEDE PUENTE ALTO,2,DISEÑO GRAFICO PROFESIONAL,Presencial,Diurna,1,Plan Regular,8,0,8,Metropolitana,CORDILLERA,PUENTE ALTO,Pregrado,Profesional Sin Licenciatura,Carreras Profesionales,Educación Media,VIGENTE SIN ALUMNOS NUEVOS,,260000,2268000,0.0,Arte y Arquitectura,Humanidades y Artes,Artes,Diseño Gráfico,Artes y Humanidades,Artes,NO ACREDITADA,ACREDITADA,11/12/2016 - 11/12/2022,6.0,36000,0,11
2022,1068647,I430S15C2J2V1,329964.0,2,199912,20 a 24 años,2019,1,2020,1,Centros de Formación Técnica,Centros de Formación Técnica,Centros de Formación Técnica,430,CFT INACAP,15,SEDE SANTIAGO CENTRO,2,COMERCIO EXTERIOR,Presencial,Vespertina,1,Plan Regular,4,0,4,Metropolitana,SANTIAGO,SANTIAGO,Pregrado,Técnico de Nivel Superior,Carreras Técnicas,Educación Media,VIGENTE CON ALUMNOS NUEVOS,Monto en Pesos,272000,2304000,0.0,Administración y Comercio,"Ciencias Sociales, Enseñanza Comercial y Derecho",Enseñanza Comercial y Administración,Técnico en Comercio Exterior,Administración de Empresas y Derecho,Educación Comercial y Administración,NO ACREDITADA,ACREDITADA,05/01/2018 - 05/01/2025,7.0,36000,0,4
2022,552359,I54S25C48J2V2,9620613.0,1,199911,20 a 24 años,2018,1,2022,1,Universidades,Universidades Privadas,Universidades Privadas,54,UNIVERSIDAD TECNOLOGICA DE CHILE INACAP,25,SEDE SANTIAGO CENTRO,48,INGENIERIA EN INFORMATICA,Presencial,Vespertina,2,Plan Regular,8,0,8,Metropolitana,SANTIAGO,SANTIAGO,Pregrado,Profesional Con Licenciatura,Carreras Profesionales,Educación Media,VIGENTE SIN ALUMNOS NUEVOS,Monto en Pesos,260000,2348000,0.0,Tecnología,Ciencias,Informática,Ingeniería en Computación e Informática,Tecnología de la Información y la Comunicación (TIC),Tecnología de la Información y la Comunicación (TIC),ACREDITADA,NO ACREDITADA,,,36000,0,11
2022,93949,I103S5C4J2V4,1381019.0,2,198603,35 a 39 años,2020,1,2020,1,Institutos Profesionales,Institutos Profesionales,Institutos Profesionales,103,IP INSTITUTO DE ESTUDIOS BANCARIOS GUILLERMO SUBERCASEAUX,5,SEDE CONCEPCION,4,INGENIERIA FINANCIERA,Presencial,Vespertina,4,Plan Regular,9,0,9,Biobío,CONCEPCION,CONCEPCION,Pregrado,Profesional Sin Licenciatura,Carreras Profesionales,Educación Media,VIGENTE SIN ALUMNOS NUEVOS,Monto en Pesos,190000,2020000,0.0,Administración y Comercio,"Ciencias Sociales, Enseñanza Comercial y Derecho",Enseñanza Comercial y Administración,Ingeniería en Finanzas,Administración de Empresas y Derecho,Educación Comercial y Administración,NO ACREDITADA,ACREDITADA,17/12/2017 - 17/12/2022,5.0,200000,0,1
2022,501700,I46S19C215J2V1,11817604.0,2,199906,20 a 24 años,2021,1,2021,1,Universidades,Universidades Privadas,Universidades Privadas,46,UNIVERSIDAD DE ACONCAGUA,19,SEDE SAN FELIPE,215,TECNICO NIVEL SUPERIOR EN AGRONOMIA,Presencial,Vespertina,1,Plan Regular,5,1,6,Valparaíso,SAN FELIPE DE ACONCAGUA,SAN FELIPE,Pregrado,Técnico de Nivel Superior,Carreras Técnicas,Educación Media,VIGENTE CON ALUMNOS NUEVOS,Monto en Pesos,133354,1620087,0.0,Agropecuaria,Agricultura,"Agricultura, Silvicultura y Pesca",Técnico Agropecuario,"Agricultura, Silvicultura, Pesca y Veterinaria",Agricultura,NO ACREDITADA,NO ACREDITADA,,,180000,0,1
2022,145712,I629S5C141J2V1,3621214.0,2,198908,30 a 34 años,2019,1,2019,1,Centros de Formación Técnica,Centros de Formación Técnica,Centros de Formación Técnica,629,CFT PUCV,5,CAMPUS LIMACHE,141,TECNICO EN ENFERMERIA,Presencial,Vespertina,1,Plan Regular,5,1,6,Valparaíso,MARGA MARGA,LIMACHE,Pregrado,Técnico de Nivel Superior,Carreras Técnicas,Educación Media,VIGENTE CON ALUMNOS NUEVOS,Monto en Pesos,155300,1940400,0.0,Salud,Salud y Servicios Sociales,Medicina,Técnico en Enfermería,Salud y Bienestar,Salud,NO ACREDITADA,ACREDITADA,12/01/2022 - 12/01/2027,5.0,970200,0,1
2022,434398,I629S4C141J1V1,10433315.0,2,199803,20 a 24 años,2018,1,2018,1,Centros de Formación Técnica,Centros de Formación Técnica,Centros de Formación Técnica,629,CFT PUCV,4,CAMPUS QUILLOTA,141,TECNICO EN ENFERMERIA,Presencial,Diurna,1,Plan Regular,5,1,6,Valparaíso,QUILLOTA,QUILLOTA,Pregrado,Técnico de Nivel Superior,Carreras Técnicas,Educación Media,VIGENTE CON ALUMNOS NUEVOS,Monto en Pesos,155300,1940400,0.0,Salud,Salud y Servicios Sociales,Medicina,Técnico en Enfermería,Salud y Bienestar,Salud,NO ACREDITADA,ACREDITADA,12/01/2022 - 12/01/2027,5.0,970200,0,1
2022,532947,I676S2C0J1V1,8659547.0,2,199910,20 a 24 años,2020,1,2020,1,Institutos Profesionales,Institutos Profesionales,Institutos Profesionales,676,IP INSTITUTO INTERNACIONAL DE ARTES CULINARIAS Y SERVICIOS,2,SEDE VIÑA DEL MAR,0,ADMINISTRACION DE ARTES CULINARIAS Y SERVICIOS,Presencial,Diurna,1,Plan Regular,8,1,8,Valparaíso,VALPARAISO,VIÑA DEL MAR,Pregrado,Profesional Sin Licenciatura,Carreras Profesionales,Educación Media,VIGENTE CON ALUMNOS NUEVOS,Monto en UF,174,152,0.0,Administración y Comercio,Servicios,Servicios Personales,Administración Gastronómica,Servicios,Servicios personales,NO ACREDITADA,ACREDITADA,09/03/2021 - 09/03/2025,4.0,10,0,1
2021,687545,I100S10C176J1V1,22541682.0,1,200008,20 a 24 años,2019,1,2019,1,Institutos Profesionales,Institutos Profesionales,Institutos Profesionales,100,IP INACAP,10,SEDE PUNTA ARENAS,176,CONSTRUCCION CIVIL,Presencial,Diurna,1,Plan Regular,8,0,8,Magallanes,MAGALLANES,PUNTA ARENAS,Pregrado,Profesional Sin Licenciatura,Carreras Profesionales,Educación Media,VIGENTE CON ALUMNOS NUEVOS,,220000,1976000,0.0,Tecnología,"Ingeniería, Industria y Construcción",Arquitectura y Construcción,Construcción Civil,"Ingeniería, Industria y Construcción",Arquitectura y Construcción,SIN INFORMACIÓN,ACREDITADA,11/12/2016 - 11/12/2022,6.0,72000,0,1
2022,380005,I910S1C4J2V1,1389906.0,1,199707,20 a 24 años,2021,1,2021,1,Centros de Formación Técnica,Centros de Formación Técnica,Centros de Formación Técnica Estatales,910,CFT DE LA REGION DE COQUIMBO,1,SEDE OVALLE,4,TECNICO DE NIVEL SUPERIOR EN ENERGIAS RENOVABLES Y EFICIENCIA ENERGETICA,Presencial,Vespertina,1,Plan Regular,4,1,5,Coquimbo,LIMARI,OVALLE,Pregrado,Técnico de Nivel Superior,Carreras Técnicas,Educación Media,VIGENTE CON ALUMNOS NUEVOS,Monto en Pesos,0,1512002,0.0,Tecnología,"Ingeniería, Industria y Construcción",Ingeniería y Profesiones Afines,Técnico en Energía,"Ingeniería, Industria y Construcción",Ingeniería y Profesiones Afines,NO ACREDITADA,BAJO TUTELA,,,59000,0,1
2022,502226,I910S1C2J1V1,5382969.0,1,199903,20 a 24 años,2019,1,2019,1,Centros de Formación Técnica,Centros de Formación Técnica,Centros de Formación Técnica Estatales,910,CFT DE LA REGION DE COQUIMBO,1,SEDE OVALLE,2,TECNICO DE NIVEL SUPERIOR EN GESTION DE RECURSOS HIDRICOS,Presencial,Diurna,1,Plan Regular,4,1,5,Coquimbo,LIMARI,OVALLE,Pregrado,Técnico de Nivel Superior,Carreras Técnicas,Educación Media,VIGENTE CON ALUMNOS NUEVOS,Monto en Pesos,0,1601719,0.0,Agropecuaria,Agricultura,"Agricultura, Silvicultura y Pesca",Técnico Agropecuario,"Agricultura, Silvicultura, Pesca y Veterinaria",Agricultura,NO ACREDITADA,BAJO TUTELA,,,59000,0,1
2022,270576,I629S3C113J1V1,10107625.0,2,199501,25 a 29 años,2021,1,2021,1,Centros de Formación Técnica,Centros de Formación Técnica,Centros de Formación Técnica,629,CFT PUCV,3,SEDE VIÑA DEL MAR,113,TECNICO EN ADMINISTRACION DE EMPRESAS,Presencial,Diurna,1,Plan Regular,4,1,5,Valparaíso,VALPARAISO,VIÑA DEL MAR,Pregrado,Técnico de Nivel Superior,Carreras Técnicas,Educación Media,VIGENTE CON ALUMNOS NUEVOS,Monto en Pesos,155300,1563400,0.0,Administración y Comercio,"Ciencias Sociales, Enseñanza Comercial y Derecho",Enseñanza Comercial y Administración,Técnico en Administración de Empresas,Administración de Empresas y Derecho,Educación Comercial y Administración,NO ACREDITADA,ACREDITADA,12/01/2022 - 12/01/2027,5.0,781700,0,1
2022,327409,I629S4C113J2V1,6376871.0,2,199702,25 a 29 años,2021,1,2021,1,Centros de Formación Técnica,Centros de Formación Técnica,Centros de Formación Técnica,629,CFT PUCV,4,CAMPUS QUILLOTA,113,TECNICO EN ADMINISTRACION DE EMPRESAS,Presencial,Vespertina,1,Plan Regular,4,1,5,Valparaíso,QUILLOTA,QUILLOTA,Pregrado,Técnico de Nivel Superior,Carreras Técnicas,Educación Media,VIGENTE CON ALUMNOS NUEVOS,Monto en Pesos,155300,1563400,0.0,Administración y Comercio,"Ciencias Sociales, Enseñanza Comercial y Derecho",Enseñanza Comercial y Administración,Técnico en Administración de Empresas,Administración de Empresas y Derecho,Educación Comercial y Administración,NO ACREDITADA,ACREDITADA,12/01/2022 - 12/01/2027,5.0,781700,0,1
2022,88597,I456S1C14J1V1,3456032.0,1,198507,35 a 39 años,2021,1,2021,1,Centros de Formación Técnica,Centros de Formación Técnica,Centros de Formación Técnica,456,CFT CEDUC - UCN,1,CASA CENTRAL (COQUIMBO),14,GEOMINERIA,Presencial,Diurna,1,Plan Regular,5,0,5,Coquimbo,ELQUI,COQUIMBO,Pregrado,Técnico de Nivel Superior,Carreras Técnicas,Educación Media,VIGENTE CON ALUMNOS NUEVOS,Monto en Pesos,120995,1579829,0.0,Ciencias Básicas,Ciencias,Ciencias Físicas,Técnico en Geominería,"Ciencias naturales, matemáticas y estadística",Ciencias Físicas,NO ACREDITADA,ACREDITADA,04/11/2021 - 04/11/2026,5.0,362986,0,1
2021,807263,I111S2C471J2V1,23230612.0,2,199109,25 a 29 años,2018,1,2018,1,Institutos Profesionales,Institutos Profesionales,Institutos Profesionales,111,IP DUOC UC,2,SEDE VALPARAISO,471,DIBUJO Y MODELAMIENTO ARQUITECTONICO Y ESTRUCTURAL,Presencial,Vespertina,1,Plan Regular,5,1,5,Valparaíso,VALPARAISO,VALPARAISO,Pregrado,Técnico de Nivel Superior,Carreras Técnicas,Educación Media,VIGENTE CON ALUMNOS NUEVOS,,176000,1940000,0.0,Arte y Arquitectura,"Ingeniería, Industria y Construcción",Arquitectura y Construcción,Técnico en Dibujo Arquitectónico,"Ingeniería, Industria y Construcción",Arquitectura y Construcción,ACREDITADA,ACREDITADA,26/08/2017 - 26/08/2024,7.0,25000,0,1
2022,1052970,I902S1C12J1V1,13676335.0,2,200403,15 a 19 años,2022,1,2022,1,Centros de Formación Técnica,Centros de Formación Técnica,Centros de Formación Técnica Estatales,902,CFT DE LA REGION DE ARICA Y PARINACOTA,1,CAMPUS LAS ACACIAS,12,TECNICO DE NIVEL SUPERIOR EN ENFERMERIA CON MENCION EN GERONTOLOGIA,Presencial,Diurna,1,Plan Regular,5,1,5,Arica y Parinacota,ARICA,ARICA,Pregrado,Técnico de Nivel Superior,Carreras Técnicas,Educación Media,VIGENTE CON ALUMNOS NUEVOS,Monto en Pesos,0,1735263,0.0,Salud,Salud y Servicios Sociales,Medicina,Técnico en Enfermería,Salud y Bienestar,Salud,NO ACREDITADA,BAJO TUTELA,,,10000,0,1
2021,1076001,I257S1C80J2V1,24560972.0,1,199010,30 a 34 años,2019,1,2019,1,Centros de Formación Técnica,Centros de Formación Técnica,Centros de Formación Técnica,257,CFT JUAN BOHON,1,CASA CENTRAL (LA SERENA),80,ELECTRICIDAD Y ELECTRONICA INDUSTRIAL,Presencial,Vespertina,1,Plan Regular,5,1,5,Coquimbo,ELQUI,LA SERENA,Pregrado,Técnico de Nivel Superior,Carreras Técnicas,Educación Media,VIGENTE CON ALUMNOS NUEVOS,,0,1379170,0.0,Tecnología,"Ingeniería, Industria y Construcción",Ingeniería y Profesiones Afines,Técnico en Electricidad y Electricidad Industrial,"Ingeniería, Industria y Construcción",Ingeniería y Profesiones Afines,SIN INFORMACIÓN,ACREDITADA,29/08/2019 - 29/08/2022,3.0,744585,0,1
2021,1001400,I143S2C69J2V1,25703997.0,2,198909,30 a 34 años,2018,1,2018,1,Institutos Profesionales,Institutos Profesionales,Institutos Profesionales,143,IP AIEP,2,SEDE ANTOFAGASTA,69,TECNICO EN ENFERMERIA MENCION EN URGENCIA,Presencial,Vespertina,1,Plan Regular,5,1,5,Antofagasta,ANTOFAGASTA,ANTOFAGASTA,Pregrado,Técnico de Nivel Superior,Carreras Técnicas,Educación Media,VIGENTE CON ALUMNOS NUEVOS,,190000,2050000,0.0,Salud,Salud y Servicios Sociales,Medicina,Técnico en Enfermería,Salud y Bienestar,Salud,NO ACREDITADA,ACREDITADA,22/10/2017 - 22/10/2022,5.0,691798,0,1
2021,962720,I143S21C619J1V1,23687596.0,1,199905,20 a 24 años,2019,1,2019,1,Institutos Profesionales,Institutos Profesionales,Institutos Profesionales,143,IP AIEP,21,SEDE SAN FELIPE,619,TECNICO EN MINERIA,Presencial,Diurna,1,Plan Regular,4,1,4,Valparaíso,SAN FELIPE DE ACONCAGUA,SAN FELIPE,Pregrado,Técnico de Nivel Superior,Carreras Técnicas,Educación Media,VIGENTE CON ALUMNOS NUEVOS,,190000,1870550,0.0,Tecnología,"Ingeniería, Industria y Construcción",Industria y Producción,Técnico en Minería,"Ingeniería, Industria y Construcción",Industria y Producción,NO ACREDITADA,ACREDITADA,22/10/2017 - 22/10/2022,5.0,190000,0,1
2022,109434,I143S6C113J2V2,14466696.0,1,197905,40 y más años,2019,1,2019,1,Institutos Profesionales,Institutos Profesionales,Institutos Profesionales,143,IP AIEP,6,SEDE VIÑA DEL MAR,113,INGENIERIA DE EJECUCION EN ADMINISTRACION DE EMPRESAS MENCION RECURSOS HUMANOS,Presencial,Vespertina,2,Plan Regular,8,1,8,Valparaíso,VALPARAISO,VIÑA DEL MAR,Pregrado,Profesional Sin Licenciatura,Carreras Profesionales,Educación Media,VIGENTE CON ALUMNOS NUEVOS,Monto en Pesos,200000,1955000,0.0,Administración y Comercio,"Ciencias Sociales, Enseñanza Comercial y Derecho",Enseñanza Comercial y Administración,Administración de Empresas e Ing. Asociadas,Administración de Empresas y Derecho,Educación Comercial y Administración,NO ACREDITADA,ACREDITADA,22/10/2017 - 22/10/2022,5.0,200000,0,1
2022,862243,I143S9C251J1V1,2437131.0,2,200204,20 a 24 años,2022,1,2022,1,Institutos Profesionales,Institutos Profesionales,Institutos Profesionales,143,IP AIEP,9,SEDE RANCAGUA,251,ESTETICA PROFESIONAL,Presencial,Diurna,1,Plan Regular,8,1,8,Lib. Gral. B. O'Higgins,CACHAPOAL,RANCAGUA,Pregrado,Profesional Sin Licenciatura,Carreras Profesionales,Educación Media,VIGENTE CON ALUMNOS NUEVOS,Monto en Pesos,200000,1960000,0.0,Arte y Arquitectura,Servicios,Servicios Personales,Otros Profesionales de Arte y Arquitectura,Servicios,Servicios personales,NO ACREDITADA,ACREDITADA,22/10/2017 - 22/10/2022,5.0,200000,0,1
2022,110791,I143S22C29J2V1,4371398.0,2,198610,35 a 39 años,2020,1,2020,1,Institutos Profesionales,Institutos Profesionales,Institutos Profesionales,143,IP AIEP,22,SEDE TALCA,29,ASISTENTE DE PARVULOS,Presencial,Vespertina,1,Plan Regular,5,1,5,Maule,TALCA,TALCA,Pregrado,Técnico de Nivel Superior,Carreras Técnicas,Educación Media,VIGENTE CON ALUMNOS NUEVOS,Monto en Pesos,200000,1830000,0.0,Educación,Educación,Formación de Personal Docente y Ciencias de la Educación,Técnico Asistente del Educador de Párvulos,Educación,Educación,NO ACREDITADA,ACREDITADA,22/10/2017 - 22/10/2022,5.0,601000,0,1
2022,824575,I143S20C651J1V1,14089843.0,2,200111,20 a 24 años,2020,1,2020,1,Institutos Profesionales,Institutos Profesionales,Institutos Profesionales,143,IP AIEP,20,SEDE TEMUCO,651,TECNICO EN ADMINISTRACION DE EMPRESAS,Presencial,Diurna,1,Plan Regular,5,1,5,La Araucanía,CAUTIN,TEMUCO,Pregrado,Técnico de Nivel Superior,Carreras Técnicas,Educación Media,VIGENTE CON ALUMNOS NUEVOS,Monto en Pesos,200000,1710000,0.0,Administración y Comercio,"Ciencias Sociales, Enseñanza Comercial y Derecho",Enseñanza Comercial y Administración,Técnico en Administración de Empresas,Administración de Empresas y Derecho,Educación Comercial y Administración,NO ACREDITADA,ACREDITADA,22/10/2017 - 22/10/2022,5.0,566000,0,1
2022,1036747,I143S2C609J1V1,3687340.0,1,200401,15 a 19 años,2022,1,2022,1,Institutos Profesionales,Institutos Profesionales,Institutos Profesionales,143,IP AIEP,2,SEDE ANTOFAGASTA,609,GASTRONOMIA INTERNACIONAL,Presencial,Diurna,1,Plan Regular,5,1,5,Antofagasta,ANTOFAGASTA,ANTOFAGASTA,Pregrado,Técnico de Nivel Superior,Carreras Técnicas,Educación Media,VIGENTE CON ALUMNOS NUEVOS,Monto en Pesos,200000,1890000,0.0,Administración y Comercio,Servicios,Servicios Personales,Técnico en Gastronomía y Cocina,Servicios,Servicios personales,NO ACREDITADA,ACREDITADA,22/10/2017 - 22/10/2022,5.0,200000,0,1
2022,1020942,I143S12C34J1V1,5653296.0,2,200310,15 a 19 años,2022,1,2022,1,Institutos Profesionales,Institutos Profesionales,Institutos Profesionales,143,IP AIEP,12,SEDE PUERTO MONTT,34,TECNICO EN ENFERMERIA,Presencial,Diurna,1,Plan Regular,5,1,5,Los Lagos,LLANQUIHUE,PUERTO MONTT,Pregrado,Técnico de Nivel Superior,Carreras Técnicas,Educación Media,VIGENTE CON ALUMNOS NUEVOS,Monto en Pesos,200000,2160000,0.0,Salud,Salud y Servicios Sociales,Medicina,Técnico en Enfermería,Salud y Bienestar,Salud,NO ACREDITADA,ACREDITADA,22/10/2017 - 22/10/2022,5.0,691000,0,1
2021,1159082,I430S2C43J2V1,22227154.0,1,199805,20 a 24 años,2020,1,2020,1,Centros de Formación Técnica,Centros de Formación Técnica,Centros de Formación Técnica,430,CFT INACAP,2,SEDE ARICA,43,AUTOMATIZACION Y CONTROL INDUSTRIAL,Presencial,Vespertina,1,Plan Regular,4,0,4,Arica y Parinacota,ARICA,ARICA,Pregrado,Técnico de Nivel Superior,Carreras Técnicas,Educación Media,VIGENTE SIN ALUMNOS NUEVOS,,220000,2052000,0.0,Tecnología,"Ingeniería, Industria y Construcción",Ingeniería y Profesiones Afines,"Técnico en Instrumentación, Automatización y Control Industrial","Ingeniería, Industria y Construcción",Ingeniería y Profesiones Afines,NO ACREDITADA,ACREDITADA,05/01/2018 - 05/01/2025,7.0,36000,0,1
2022,1000814,I430S9C201J1V1,864618.0,1,200307,15 a 19 años,2022,1,2022,1,Centros de Formación Técnica,Centros de Formación Técnica,Centros de Formación Técnica,430,CFT INACAP,9,SEDE VALPARAISO,201,ADMINISTRACION DE EMPRESAS,Presencial,Diurna,1,Plan Regular,4,0,4,Valparaíso,VALPARAISO,VALPARAISO,Pregrado,Técnico de Nivel Superior,Carreras Técnicas,Educación Media,VIGENTE CON ALUMNOS NUEVOS,Monto en Pesos,262000,2168000,0.0,Administración y Comercio,"Ciencias Sociales, Enseñanza Comercial y Derecho",Enseñanza Comercial y Administración,Técnico en Administración de Empresas,Administración de Empresas y Derecho,Educación Comercial y Administración,NO ACREDITADA,ACREDITADA,05/01/2018 - 05/01/2025,7.0,36000,0,1
2022,611817,I430S16C34J2V1,15460350.0,1,199911,20 a 24 años,2022,1,2022,1,Centros de Formación Técnica,Centros de Formación Técnica,Centros de Formación Técnica,430,CFT INACAP,16,SEDE RANCAGUA,34,TECNICO EN MANTENIMIENTO INDUSTRIAL,Presencial,Vespertina,1,Plan Regular,4,0,4,Lib. Gral. B. O'Higgins,CACHAPOAL,RANCAGUA,Pregrado,Técnico de Nivel Superior,Carreras Técnicas,Educación Media,VIGENTE CON ALUMNOS NUEVOS,Monto en Pesos,272000,2402000,0.0,Tecnología,"Ingeniería, Industria y Construcción",Ingeniería y Profesiones Afines,Técnico en Mantenimiento Industrial,"Ingeniería, Industria y Construcción",Ingeniería y Profesiones Afines,NO ACREDITADA,ACREDITADA,05/01/2018 - 05/01/2025,7.0,36000,0,1
2022,834055,I430S16C42J1V2,14157108.0,1,200112,20 a 24 años,2022,1,2022,1,Centros de Formación Técnica,Centros de Formación Técnica,Centros de Formación Técnica,430,CFT INACAP,16,SEDE RANCAGUA,42,ANALISTA PROGRAMADOR,Presencial,Diurna,2,Plan Regular,4,0,4,Lib. Gral. B. O'Higgins,CACHAPOAL,RANCAGUA,Pregrado,Técnico de Nivel Superior,Carreras Técnicas,Educación Media,VIGENTE CON ALUMNOS NUEVOS,Monto en Pesos,272000,2368000,0.0,Tecnología,Ciencias,Informática,Técnico en Computación e Informática,Tecnología de la Información y la Comunicación (TIC),Tecnología de la Información y la Comunicación (TIC),ACREDITADA,ACREDITADA,05/01/2018 - 05/01/2025,7.0,36000,0,1
2022,40666,I430S16C45J2V1,10495311.0,2,197911,40 y más años,2021,1,2021,1,Centros de Formación Técnica,Centros de Formación Técnica,Centros de Formación Técnica,430,CFT INACAP,16,SEDE RANCAGUA,45,CONTABILIDAD GENERAL,Presencial,Vespertina,1,Plan Regular,4,0,4,Lib. Gral. B. O'Higgins,CACHAPOAL,RANCAGUA,Pregrado,Técnico de Nivel Superior,Carreras Técnicas,Educación Media,VIGENTE CON ALUMNOS NUEVOS,Monto en Pesos,272000,2182000,0.0,Administración y Comercio,"Ciencias Sociales, Enseñanza Comercial y Derecho",Enseñanza Comercial y Administración,Técnico en Contabilidad General,Administración de Empresas y Derecho,Educación Comercial y Administración,NO ACREDITADA,ACREDITADA,05/01/2018 - 05/01/2025,7.0,36000,0,1
2022,458446,I430S16C201J1V1,13263067.0,2,199811,20 a 24 años,2020,1,2020,1,Centros de Formación Técnica,Centros de Formación Técnica,Centros de Formación Técnica,430,CFT INACAP,16,SEDE RANCAGUA,201,ADMINISTRACION DE EMPRESAS,Presencial,Diurna,1,Plan Regular,4,0,4,Lib. Gral. B. O'Higgins,CACHAPOAL,RANCAGUA,Pregrado,Técnico de Nivel Superior,Carreras Técnicas,Educación Media,VIGENTE CON ALUMNOS NUEVOS,Monto en Pesos,272000,2292000,0.0,Administración y Comercio,"Ciencias Sociales, Enseñanza Comercial y Derecho",Enseñanza Comercial y Administración,Técnico en Administración de Empresas,Administración de Empresas y Derecho,Educación Comercial y Administración,NO ACREDITADA,ACREDITADA,05/01/2018 - 05/01/2025,7.0,36000,0,1
2021,1172060,I430S9C2J1V1,24433457.0,1,199503,25 a 29 años,2019,1,2019,1,Centros de Formación Técnica,Centros de Formación Técnica,Centros de Formación Técnica,430,CFT INACAP,9,SEDE VALPARAISO,2,COMERCIO EXTERIOR,Presencial,Diurna,1,Plan Regular,4,0,4,Valparaíso,VALPARAISO,VALPARAISO,Pregrado,Técnico de Nivel Superior,Carreras Técnicas,Educación Media,VIGENTE SIN ALUMNOS NUEVOS,,250000,2038000,0.0,Administración y Comercio,"Ciencias Sociales, Enseñanza Comercial y Derecho",Enseñanza Comercial y Administración,Técnico en Comercio Exterior,Administración de Empresas y Derecho,Educación Comercial y Administración,ACREDITADA,ACREDITADA,05/01/2018 - 05/01/2025,7.0,36000,0,1
2021,1140938,I430S16C67J1V1,22559435.0,2,199301,25 a 29 años,2021,1,2021,1,Centros de Formación Técnica,Centros de Formación Técnica,Centros de Formación Técnica,430,CFT INACAP,16,SEDE RANCAGUA,67,TECNICO EN LOGISTICA,Presencial,Diurna,1,Plan Regular,4,0,4,Lib. Gral. B. O'Higgins,CACHAPOAL,RANCAGUA,Pregrado,Técnico de Nivel Superior,Carreras Técnicas,Educación Media,VIGENTE CON ALUMNOS NUEVOS,,260000,2054000,0.0,Administración y Comercio,"Ciencias Sociales, Enseñanza Comercial y Derecho",Enseñanza Comercial y Administración,Técnico en Logística,Administración de Empresas y Derecho,Educación Comercial y Administración,SIN INFORMACIÓN,ACREDITADA,05/01/2018 - 05/01/2025,7.0,36000,0,1
2021,1173285,I430S9C78J2V1,23998176.0,1,198111,35 a 39 años,2021,1,2021,1,Centros de Formación Técnica,Centros de Formación Técnica,Centros de Formación Técnica,430,CFT INACAP,9,SEDE VALPARAISO,78,ELECTRICIDAD INDUSTRIAL MENCION INSTALACIONES ELECTRICAS,Presencial,Vespertina,1,Plan Regular,5,0,5,Valparaíso,VALPARAISO,VALPARAISO,Pregrado,Técnico de Nivel Superior,Carreras Técnicas,Educación Media,VIGENTE CON ALUMNOS NUEVOS,,250000,2164000,0.0,Tecnología,"Ingeniería, Industria y Construcción",Ingeniería y Profesiones Afines,Técnico en Electricidad y Electricidad Industrial,"Ingeniería, Industria y Construcción",Ingeniería y Profesiones Afines,SIN INFORMACIÓN,ACREDITADA,05/01/2018 - 05/01/2025,7.0,36000,0,1
2021,1156584,I430S28C78J1V1,21791807.0,1,200204,15 a 19 años,2021,1,2021,1,Centros de Formación Técnica,Centros de Formación Técnica,Centros de Formación Técnica,430,CFT INACAP,28,SEDE TEMUCO,78,ELECTRICIDAD INDUSTRIAL MENCION INSTALACIONES ELECTRICAS,Presencial,Diurna,1,Plan Regular,5,0,5,La Araucanía,CAUTIN,TEMUCO,Pregrado,Técnico de Nivel Superior,Carreras Técnicas,Educación Media,VIGENTE CON ALUMNOS NUEVOS,,220000,2146000,0.0,Tecnología,"Ingeniería, Industria y Construcción",Ingeniería y Profesiones Afines,Técnico en Electricidad y Electricidad Industrial,"Ingeniería, Industria y Construcción",Ingeniería y Profesiones Afines,SIN INFORMACIÓN,ACREDITADA,05/01/2018 - 05/01/2025,7.0,36000,0,1
2022,625524,I100S40C149J1V1,6300325.0,1,200004,20 a 24 años,2018,1,2018,1,Institutos Profesionales,Institutos Profesionales,Institutos Profesionales,100,IP INACAP,40,SEDE PUENTE ALTO,149,"INGENIERIA EN MAQUINARIA, VEHICULOS AUTOMOTRICES Y SISTEMAS ELECTRONICOS",Presencial,Diurna,1,Plan Regular,8,0,8,Metropolitana,CORDILLERA,PUENTE ALTO,Pregrado,Profesional Sin Licenciatura,Carreras Profesionales,Educación Media,VIGENTE SIN ALUMNOS NUEVOS,Monto en Pesos,272000,2314000,0.0,Tecnología,"Ingeniería, Industria y Construcción",Ingeniería y Profesiones Afines,Ingeniería en Mecánica Automotriz,"Ingeniería, Industria y Construcción",Ingeniería y Profesiones Afines,NO ACREDITADA,ACREDITADA,11/12/2016 - 11/12/2022,6.0,36000,0,1
2021,718910,I100S37C169J1V1,22435951.0,2,199009,30 a 34 años,2021,1,2021,1,Institutos Profesionales,Institutos Profesionales,Institutos Profesionales,100,IP INACAP,37,SEDE LOS ANGELES,169,INGENIERIA AGRICOLA,Presencial,Diurna,1,Plan Regular,8,0,8,Biobío,BIOBIO,LOS ANGELES,Pregrado,Profesional Sin Licenciatura,Carreras Profesionales,Educación Media,VIGENTE CON ALUMNOS NUEVOS,,220000,1894000,0.0,Agropecuaria,Agricultura,"Agricultura, Silvicultura y Pesca",Ingeniería Agrícola,"Agricultura, Silvicultura, Pesca y Veterinaria",Agricultura,SIN INFORMACIÓN,ACREDITADA,11/12/2016 - 11/12/2022,6.0,36000,0,1
2022,477910,I100S33C129J1V1,5507040.0,2,199808,20 a 24 años,2019,1,2019,1,Institutos Profesionales,Institutos Profesionales,Institutos Profesionales,100,IP INACAP,33,SEDE CONCEPCION - TALCAHUANO,129,INGENIERIA EN GEOMENSURA,Presencial,Diurna,1,Plan Regular,8,0,8,Biobío,CONCEPCION,TALCAHUANO,Pregrado,Profesional Sin Licenciatura,Carreras Profesionales,Educación Media,VIGENTE SIN ALUMNOS NUEVOS,Monto en Pesos,230000,2316000,0.0,Ciencias Básicas,Ciencias,Ciencias Físicas,Ingeniería en Geomensura y Cartografía,"Ciencias naturales, matemáticas y estadística",Ciencias Físicas,ACREDITADA,ACREDITADA,11/12/2016 - 11/12/2022,6.0,36000,0,1
2022,768084,I100S4C149J1V1,4396693.0,1,200104,20 a 24 años,2019,1,2019,1,Institutos Profesionales,Institutos Profesionales,Institutos Profesionales,100,IP INACAP,4,SEDE ANTOFAGASTA,149,"INGENIERIA EN MAQUINARIA, VEHICULOS AUTOMOTRICES Y SISTEMAS ELECTRONICOS",Presencial,Diurna,1,Plan Regular,8,0,8,Antofagasta,ANTOFAGASTA,ANTOFAGASTA,Pregrado,Profesional Sin Licenciatura,Carreras Profesionales,Educación Media,VIGENTE SIN ALUMNOS NUEVOS,Monto en Pesos,230000,2450000,0.0,Tecnología,"Ingeniería, Industria y Construcción",Ingeniería y Profesiones Afines,Ingeniería en Mecánica Automotriz,"Ingeniería, Industria y Construcción",Ingeniería y Profesiones Afines,NO ACREDITADA,ACREDITADA,11/12/2016 - 11/12/2022,6.0,36000,0,1
2022,1178515,I100S32C304J1V1,11139216.0,1,200207,15 a 19 años,2021,1,2021,1,Institutos Profesionales,Institutos Profesionales,Institutos Profesionales,100,IP INACAP,32,SEDE TEMUCO,304,INGENIERIA EN MECANICA Y ELECTROMOVILIDAD AUTOMOTRIZ,Presencial,Diurna,1,Plan Regular,8,0,8,La Araucanía,CAUTIN,TEMUCO,Pregrado,Profesional Sin Licenciatura,Carreras Profesionales,Educación Media,VIGENTE CON ALUMNOS NUEVOS,Monto en Pesos,230000,2392000,0.0,Tecnología,"Ingeniería, Industria y Construcción",Ingeniería y Profesiones Afines,Ingeniería en Mecánica Automotriz,"Ingeniería, Industria y Construcción",Ingeniería y Profesiones Afines,NO ACREDITADA,ACREDITADA,11/12/2016 - 11/12/2022,6.0,36000,0,1
2022,768887,I430S25C78J1V1,8168160.0,1,200109,20 a 24 años,2020,1,2020,1,Centros de Formación Técnica,Centros de Formación Técnica,Centros de Formación Técnica,430,CFT INACAP,25,SEDE OSORNO,78,ELECTRICIDAD INDUSTRIAL MENCION INSTALACIONES ELECTRICAS,Presencial,Diurna,1,Plan Regular,5,0,5,Los Lagos,OSORNO,OSORNO,Pregrado,Técnico de Nivel Superior,Carreras Técnicas,Educación Media,VIGENTE CON ALUMNOS NUEVOS,Monto en Pesos,230000,2250000,0.0,Tecnología,"Ingeniería, Industria y Construcción",Ingeniería y Profesiones Afines,Técnico en Electricidad y Electricidad Industrial,"Ingeniería, Industria y Construcción",Ingeniería y Profesiones Afines,NO ACREDITADA,ACREDITADA,05/01/2018 - 05/01/2025,7.0,36000,0,1
2022,903214,I430S26C78J1V1,7908920.0,1,200208,15 a 19 años,2021,1,2021,1,Centros de Formación Técnica,Centros de Formación Técnica,Centros de Formación Técnica,430,CFT INACAP,26,SEDE TALCA,78,ELECTRICIDAD INDUSTRIAL MENCION INSTALACIONES ELECTRICAS,Presencial,Diurna,1,Plan Regular,5,0,5,Maule,TALCA,TALCA,Pregrado,Técnico de Nivel Superior,Carreras Técnicas,Educación Media,VIGENTE CON ALUMNOS NUEVOS,Monto en Pesos,230000,2250000,0.0,Tecnología,"Ingeniería, Industria y Construcción",Ingeniería y Profesiones Afines,Técnico en Electricidad y Electricidad Industrial,"Ingeniería, Industria y Construcción",Ingeniería y Profesiones Afines,NO ACREDITADA,ACREDITADA,05/01/2018 - 05/01/2025,7.0,36000,0,1
2022,809310,I430S23C78J1V1,2762851.0,1,200112,20 a 24 años,2022,1,2022,1,Centros de Formación Técnica,Centros de Formación Técnica,Centros de Formación Técnica,430,CFT INACAP,23,SEDE PUERTO MONTT,78,ELECTRICIDAD INDUSTRIAL MENCION INSTALACIONES ELECTRICAS,Presencial,Diurna,1,Plan Regular,5,0,5,Los Lagos,LLANQUIHUE,PUERTO MONTT,Pregrado,Técnico de Nivel Superior,Carreras Técnicas,Educación Media,VIGENTE CON ALUMNOS NUEVOS,Monto en Pesos,230000,2250000,0.0,Tecnología,"Ingeniería, Industria y Construcción",Ingeniería y Profesiones Afines,Técnico en Electricidad y Electricidad Industrial,"Ingeniería, Industria y Construcción",Ingeniería y Profesiones Afines,ACREDITADA,ACREDITADA,05/01/2018 - 05/01/2025,7.0,36000,0,1
2022,1174195,I430S30C131J1V1,8314673.0,1,200204,20 a 24 años,2020,2,2020,2,Centros de Formación Técnica,Centros de Formación Técnica,Centros de Formación Técnica,430,CFT INACAP,30,SEDE CONCEPCION - TALCAHUANO,131,GASTRONOMIA INTERNACIONAL,Presencial,Diurna,1,Plan Regular,4,0,4,Biobío,CONCEPCION,TALCAHUANO,Pregrado,Técnico de Nivel Superior,Carreras Técnicas,Educación Media,VIGENTE SIN ALUMNOS NUEVOS,Monto en Pesos,230000,2362000,0.0,Administración y Comercio,Servicios,Servicios Personales,Técnico en Gastronomía y Cocina,Servicios,Servicios personales,NO ACREDITADA,ACREDITADA,05/01/2018 - 05/01/2025,7.0,36000,0,1
2022,274558,I430S23C131J1V1,7206185.0,1,199501,25 a 29 años,2021,1,2021,1,Centros de Formación Técnica,Centros de Formación Técnica,Centros de Formación Técnica,430,CFT INACAP,23,SEDE PUERTO MONTT,131,GASTRONOMIA INTERNACIONAL,Presencial,Diurna,1,Plan Regular,4,0,4,Los Lagos,LLANQUIHUE,PUERTO MONTT,Pregrado,Técnico de Nivel Superior,Carreras Técnicas,Educación Media,VIGENTE SIN ALUMNOS NUEVOS,Monto en Pesos,230000,2362000,0.0,Administración y Comercio,Servicios,Servicios Personales,Técnico en Gastronomía y Cocina,Servicios,Servicios personales,NO ACREDITADA,ACREDITADA,05/01/2018 - 05/01/2025,7.0,36000,0,1
2022,171361,I430S1C201J2V1,2709256.0,2,199101,30 a 34 años,2021,1,2021,1,Centros de Formación Técnica,Centros de Formación Técnica,Centros de Formación Técnica,430,CFT INACAP,1,SEDE ANTOFAGASTA,201,ADMINISTRACION DE EMPRESAS,Presencial,Vespertina,1,Plan Regular,4,0,4,Antofagasta,ANTOFAGASTA,ANTOFAGASTA,Pregrado,Técnico de Nivel Superior,Carreras Técnicas,Educación Media,VIGENTE CON ALUMNOS NUEVOS,Monto en Pesos,230000,2346000,0.0,Administración y Comercio,"Ciencias Sociales, Enseñanza Comercial y Derecho",Enseñanza Comercial y Administración,Técnico en Administración de Empresas,Administración de Empresas y Derecho,Educación Comercial y Administración,NO ACREDITADA,ACREDITADA,05/01/2018 - 05/01/2025,7.0,36000,0,1
2022,345399,I430S2C201J2V1,7307677.0,2,199712,20 a 24 años,2021,1,2021,1,Centros de Formación Técnica,Centros de Formación Técnica,Centros de Formación Técnica,430,CFT INACAP,2,SEDE ARICA,201,ADMINISTRACION DE EMPRESAS,Presencial,Vespertina,1,Plan Regular,4,0,4,Arica y Parinacota,ARICA,ARICA,Pregrado,Técnico de Nivel Superior,Carreras Técnicas,Educación Media,VIGENTE CON ALUMNOS NUEVOS,Monto en Pesos,230000,1998000,0.0,Administración y Comercio,"Ciencias Sociales, Enseñanza Comercial y Derecho",Enseñanza Comercial y Administración,Técnico en Administración de Empresas,Administración de Empresas y Derecho,Educación Comercial y Administración,NO ACREDITADA,ACREDITADA,05/01/2018 - 05/01/2025,7.0,36000,0,1
2022,1173939,I430S33C201J1V1,14192344.0,2,200203,20 a 24 años,2021,1,2021,1,Centros de Formación Técnica,Centros de Formación Técnica,Centros de Formación Técnica,430,CFT INACAP,33,SEDE CURICO,201,ADMINISTRACION DE EMPRESAS,Presencial,Diurna,1,Plan Regular,4,0,4,Maule,CURICO,CURICO,Pregrado,Técnico de Nivel Superior,Carreras Técnicas,Educación Media,VIGENTE CON ALUMNOS NUEVOS,Monto en Pesos,230000,2168000,0.0,Administración y Comercio,"Ciencias Sociales, Enseñanza Comercial y Derecho",Enseñanza Comercial y Administración,Técnico en Administración de Empresas,Administración de Empresas y Derecho,Educación Comercial y Administración,NO ACREDITADA,ACREDITADA,05/01/2018 - 05/01/2025,7.0,36000,0,1
2022,828498,I430S28C61J1V1,2978671.0,1,200109,20 a 24 años,2022,1,2022,1,Centros de Formación Técnica,Centros de Formación Técnica,Centros de Formación Técnica,430,CFT INACAP,28,SEDE TEMUCO,61,TOPOGRAFIA,Presencial,Diurna,1,Plan Regular,4,0,4,La Araucanía,CAUTIN,TEMUCO,Pregrado,Técnico de Nivel Superior,Carreras Técnicas,Educación Media,VIGENTE CON ALUMNOS NUEVOS,Monto en Pesos,230000,2170000,0.0,Tecnología,"Ingeniería, Industria y Construcción",Arquitectura y Construcción,Técnico en Topografía,"Ingeniería, Industria y Construcción",Arquitectura y Construcción,ACREDITADA,ACREDITADA,05/01/2018 - 05/01/2025,7.0,36000,0,1
2022,114406,I430S28C149J2V1,13118785.0,1,198711,30 a 34 años,2022,1,2022,1,Centros de Formación Técnica,Centros de Formación Técnica,Centros de Formación Técnica,430,CFT INACAP,28,SEDE TEMUCO,149,TECNICO EN CONSTRUCCION,Presencial,Vespertina,1,Plan Regular,4,0,4,La Araucanía,CAUTIN,TEMUCO,Pregrado,Técnico de Nivel Superior,Carreras Técnicas,Educación Media,VIGENTE CON ALUMNOS NUEVOS,Monto en Pesos,230000,2304000,0.0,Tecnología,"Ingeniería, Industria y Construcción",Arquitectura y Construcción,Técnico en Construcción y Obras Civiles,"Ingeniería, Industria y Construcción",Arquitectura y Construcción,NO ACREDITADA,ACREDITADA,05/01/2018 - 05/01/2025,7.0,36000,0,1
2022,840732,I430S22C316J1V1,8058035.0,1,200201,20 a 24 años,2022,1,2022,1,Centros de Formación Técnica,Centros de Formación Técnica,Centros de Formación Técnica,430,CFT INACAP,22,SEDE CHILLAN,316,ELECTROMECANICA,Presencial,Diurna,1,Plan Regular,4,0,4,Ñuble,DIGUILLIN,CHILLAN,Pregrado,Técnico de Nivel Superior,Carreras Técnicas,Educación Media,VIGENTE CON ALUMNOS NUEVOS,Monto en Pesos,230000,2250000,0.0,Tecnología,"Ingeniería, Industria y Construcción",Ingeniería y Profesiones Afines,Técnico en Electromecánica,"Ingeniería, Industria y Construcción",Ingeniería y Profesiones Afines,ACREDITADA,ACREDITADA,05/01/2018 - 05/01/2025,7.0,36000,0,1
2022,864674,I430S1C325J2V1,3192750.0,1,200204,20 a 24 años,2022,1,2022,1,Centros de Formación Técnica,Centros de Formación Técnica,Centros de Formación Técnica,430,CFT INACAP,1,SEDE ANTOFAGASTA,325,TECNICO EN AUTOMATIZACION Y ROBOTICA,Presencial,Vespertina,1,Plan Regular,4,0,4,Antofagasta,ANTOFAGASTA,ANTOFAGASTA,Pregrado,Técnico de Nivel Superior,Carreras Técnicas,Educación Media,VIGENTE CON ALUMNOS NUEVOS,Monto en Pesos,230000,2374000,0.0,Tecnología,"Ingeniería, Industria y Construcción",Ingeniería y Profesiones Afines,"Técnico en Instrumentación, Automatización y Control Industrial","Ingeniería, Industria y Construcción",Ingeniería y Profesiones Afines,NO ACREDITADA,ACREDITADA,05/01/2018 - 05/01/2025,7.0,36000,0,1
2022,929851,I100S38C294J2V1,1807682.0,1,200211,15 a 19 años,2021,1,2021,1,Institutos Profesionales,Institutos Profesionales,Institutos Profesionales,100,IP INACAP,38,SEDE SANTIAGO SUR,294,INGENIERIA ELECTRICA,Presencial,Vespertina,1,Plan Regular,8,0,8,Metropolitana,SANTIAGO,MACUL,Pregrado,Profesional Sin Licenciatura,Carreras Profesionales,Educación Media,VIGENTE CON ALUMNOS NUEVOS,Monto en Pesos,272000,2374000,0.0,Tecnología,"Ingeniería, Industria y Construcción",Ingeniería y Profesiones Afines,Ingeniería en Electricidad,"Ingeniería, Industria y Construcción",Ingeniería y Profesiones Afines,NO ACREDITADA,ACREDITADA,11/12/2016 - 11/12/2022,6.0,36000,0,1
2022,988843,I430S12C326J1V1,2987214.0,1,200305,15 a 19 años,2022,1,2022,1,Centros de Formación Técnica,Centros de Formación Técnica,Centros de Formación Técnica,430,CFT INACAP,12,SEDE MAIPU,326,TECNICO EN MECANICA Y ELECTROMOVILIDAD AUTOMOTRIZ,Presencial,Diurna,1,Plan Regular,4,0,4,Metropolitana,SANTIAGO,MAIPU,Pregrado,Técnico de Nivel Superior,Carreras Técnicas,Educación Media,VIGENTE CON ALUMNOS NUEVOS,Monto en Pesos,272000,2318000,0.0,Tecnología,"Ingeniería, Industria y Construcción",Ingeniería y Profesiones Afines,Técnico en Mecánica Automotriz,"Ingeniería, Industria y Construcción",Ingeniería y Profesiones Afines,NO ACREDITADA,ACREDITADA,05/01/2018 - 05/01/2025,7.0,36000,0,1
2022,232944,I430S12C149J1V1,9022307.0,2,199403,25 a 29 años,2022,1,2022,1,Centros de Formación Técnica,Centros de Formación Técnica,Centros de Formación Técnica,430,CFT INACAP,12,SEDE MAIPU,149,TECNICO EN CONSTRUCCION,Presencial,Diurna,1,Plan Regular,4,0,4,Metropolitana,SANTIAGO,MAIPU,Pregrado,Técnico de Nivel Superior,Carreras Técnicas,Educación Media,VIGENTE CON ALUMNOS NUEVOS,Monto en Pesos,272000,2298000,0.0,Tecnología,"Ingeniería, Industria y Construcción",Arquitectura y Construcción,Técnico en Construcción y Obras Civiles,"Ingeniería, Industria y Construcción",Arquitectura y Construcción,NO ACREDITADA,ACREDITADA,05/01/2018 - 05/01/2025,7.0,36000,0,1
2021,1132038,I430S12C131J1V1,22217892.0,1,200009,20 a 24 años,2020,1,2020,1,Centros de Formación Técnica,Centros de Formación Técnica,Centros de Formación Técnica,430,CFT INACAP,12,SEDE MAIPU,131,GASTRONOMIA INTERNACIONAL,Presencial,Diurna,1,Plan Regular,4,0,4,Metropolitana,SANTIAGO,MAIPU,Pregrado,Técnico de Nivel Superior,Carreras Técnicas,Educación Media,VIGENTE CON ALUMNOS NUEVOS,,260000,2606000,0.0,Administración y Comercio,Servicios,Servicios Personales,Técnico en Gastronomía y Cocina,Servicios,Servicios personales,SIN INFORMACIÓN,ACREDITADA,05/01/2018 - 05/01/2025,7.0,36000,0,1
2022,219603,I435S1C2J1V1,1941206.0,1,199304,25 a 29 años,2019,1,2019,1,Centros de Formación Técnica,Centros de Formación Técnica,Centros de Formación Técnica,435,CFT DEL MEDIO AMBIENTE,1,CASA CENTRAL (SANTIAGO),2,ECOTURISMO,Presencial,Diurna,1,Plan Regular,5,1,5,Metropolitana,SANTIAGO,ÑUÑOA,Pregrado,Técnico de Nivel Superior,Carreras Técnicas,Educación Media,VIGENTE SIN ALUMNOS NUEVOS,Monto en Pesos,160000,2020000,0.0,Administración y Comercio,Servicios,Servicios Personales,Técnico en Turismo y Hotelería,Servicios,Servicios personales,NO ACREDITADA,ACREDITADA,23/07/2020 - 23/07/2023,3.0,1010000,0,1
2022,1099280,I19S3C133J5V1,4469863.0,2,198302,35 a 39 años,2021,1,2021,1,Universidades,Universidades Privadas,Universidades Privadas,19,UNIVERSIDAD DE LAS AMERICAS,3,CAMPUS MAIPU,133,INGENIERIA DE EJECUCION EN ADMINISTRACION DE EMPRESAS,Presencial,Otra,1,Plan Regular,8,0,8,Metropolitana,SANTIAGO,MAIPU,Pregrado,Profesional Con Licenciatura,Carreras Profesionales,Educación Media,VIGENTE CON ALUMNOS NUEVOS,Monto en Pesos,180000,3012000,0.0,Administración y Comercio,"Ciencias Sociales, Enseñanza Comercial y Derecho",Enseñanza Comercial y Administración,Administración de Empresas e Ing. Asociadas,Administración de Empresas y Derecho,Educación Comercial y Administración,NO ACREDITADA,ACREDITADA,17/03/2019 - 17/03/2023,4.0,146473,0,1
2021,993526,I143S28C665J4V1,22384000.0,1,198203,35 a 39 años,2021,1,2021,1,Institutos Profesionales,Institutos Profesionales,Institutos Profesionales,143,IP AIEP,28,CAMPUS VIRTUAL SANTIAGO NORTE,665,INGENIERIA EN GESTION DE OPERACIONES LOGISTICAS,No Presencial,A Distancia,1,Plan Regular,8,1,8,Metropolitana,SANTIAGO,CONCHALI,Pregrado,Profesional Sin Licenciatura,Carreras Profesionales,Educación Media,VIGENTE CON ALUMNOS NUEVOS,,190000,1760000,0.0,Administración y Comercio,"Ciencias Sociales, Enseñanza Comercial y Derecho",Enseñanza Comercial y Administración,Ingeniería en Logística,Administración de Empresas y Derecho,Educación Comercial y Administración,NO ACREDITADA,ACREDITADA,22/10/2017 - 22/10/2022,5.0,190000,0,1
2021,996898,I143S29C59J1V1,23602179.0,2,199908,20 a 24 años,2019,1,2019,1,Institutos Profesionales,Institutos Profesionales,Institutos Profesionales,143,IP AIEP,29,SEDE MAIPU,59,COSMETOLOGIA,Presencial,Diurna,1,Plan Regular,5,1,5,Metropolitana,SANTIAGO,MAIPU,Pregrado,Técnico de Nivel Superior,Carreras Técnicas,Educación Media,VIGENTE CON ALUMNOS NUEVOS,,190000,2580000,0.0,Arte y Arquitectura,Servicios,Servicios Personales,Técnico en Peluquería y Estética,Servicios,Servicios personales,NO ACREDITADA,ACREDITADA,22/10/2017 - 22/10/2022,5.0,902013,0,1
2022,1101329,I143S28C95J4V1,5006946.0,2,198405,35 a 39 años,2020,2,2020,2,Institutos Profesionales,Institutos Profesionales,Institutos Profesionales,143,IP AIEP,28,CAMPUS VIRTUAL SANTIAGO NORTE,95,INGENIERIA EN ADMINISTRACION DE EMPRESAS,No Presencial,A Distancia,1,Plan Regular,8,1,8,Metropolitana,SANTIAGO,CONCHALI,Pregrado,Profesional Sin Licenciatura,Carreras Profesionales,Educación Media,VIGENTE CON ALUMNOS NUEVOS,Monto en Pesos,200000,1890000,0.0,Administración y Comercio,"Ciencias Sociales, Enseñanza Comercial y Derecho",Enseñanza Comercial y Administración,Administración de Empresas e Ing. Asociadas,Administración de Empresas y Derecho,Educación Comercial y Administración,NO ACREDITADA,ACREDITADA,22/10/2017 - 22/10/2022,5.0,200000,0,1
2022,41696,I143S28C83J4V1,2738548.0,1,198103,40 y más años,2020,1,2020,1,Institutos Profesionales,Institutos Profesionales,Institutos Profesionales,143,IP AIEP,28,CAMPUS VIRTUAL SANTIAGO NORTE,83,TECNICO EN TRABAJO SOCIAL,No Presencial,A Distancia,1,Plan Regular,5,1,5,Metropolitana,SANTIAGO,CONCHALI,Pregrado,Técnico de Nivel Superior,Carreras Técnicas,Educación Media,VIGENTE CON ALUMNOS NUEVOS,Monto en Pesos,200000,1850000,0.0,Ciencias Sociales,Salud y Servicios Sociales,Servicios Sociales,Técnico en Servicio Social,Salud y Bienestar,Bienestar,NO ACREDITADA,ACREDITADA,22/10/2017 - 22/10/2022,5.0,594000,0,1
2022,106800,I143S28C83J4V1,10909134.0,1,198705,35 a 39 años,2022,1,2022,1,Institutos Profesionales,Institutos Profesionales,Institutos Profesionales,143,IP AIEP,28,CAMPUS VIRTUAL SANTIAGO NORTE,83,TECNICO EN TRABAJO SOCIAL,No Presencial,A Distancia,1,Plan Regular,5,1,5,Metropolitana,SANTIAGO,CONCHALI,Pregrado,Técnico de Nivel Superior,Carreras Técnicas,Educación Media,VIGENTE CON ALUMNOS NUEVOS,Monto en Pesos,200000,1850000,0.0,Ciencias Sociales,Salud y Servicios Sociales,Servicios Sociales,Técnico en Servicio Social,Salud y Bienestar,Bienestar,NO ACREDITADA,ACREDITADA,22/10/2017 - 22/10/2022,5.0,594000,0,1
2021,103806,I19S1C13J1V1,26098290.0,1,199206,25 a 29 años,2020,1,2020,1,Universidades,Universidades Privadas,Universidades Privadas,19,UNIVERSIDAD DE LAS AMERICAS,1,CAMPUS PROVIDENCIA,13,ARQUITECTURA,Presencial,Diurna,1,Plan Regular,11,0,11,Metropolitana,SANTIAGO,PROVIDENCIA,Pregrado,Profesional Con Licenciatura,Carreras Profesionales,Educación Media,VIGENTE CON ALUMNOS NUEVOS,,170000,4420000,0.0,Arte y Arquitectura,"Ingeniería, Industria y Construcción",Arquitectura y Construcción,Arquitectura,"Ingeniería, Industria y Construcción",Arquitectura y Construcción,NO ACREDITADA,ACREDITADA,17/03/2019 - 17/03/2023,4.0,142345,0,1
2021,103297,I19S1C132J4V1,21805400.0,2,199209,25 a 29 años,2021,1,2021,1,Universidades,Universidades Privadas,Universidades Privadas,19,UNIVERSIDAD DE LAS AMERICAS,1,CAMPUS PROVIDENCIA,132,INGENIERIA COMERCIAL,No Presencial,A Distancia,1,Plan Regular,10,0,10,Metropolitana,SANTIAGO,PROVIDENCIA,Pregrado,Profesional Con Licenciatura,Carreras Profesionales,Educación Media,VIGENTE CON ALUMNOS NUEVOS,,170000,3800000,0.0,Administración y Comercio,"Ciencias Sociales, Enseñanza Comercial y Derecho",Enseñanza Comercial y Administración,Ingeniería Comercial,Administración de Empresas y Derecho,Educación Comercial y Administración,NO ACREDITADA,ACREDITADA,17/03/2019 - 17/03/2023,4.0,142345,0,1
2022,193628,I113S7C496J4V1,3454807.0,1,199203,30 a 34 años,2020,2,2020,2,Institutos Profesionales,Institutos Profesionales,Institutos Profesionales,113,IP IPG,7,SEDE PROVIDENCIA,496,TECNICO DE NIVEL SUPERIOR EN GESTION LOGISTICA,No Presencial,A Distancia,1,Plan Regular,5,1,5,Metropolitana,SANTIAGO,PROVIDENCIA,Pregrado,Técnico de Nivel Superior,Carreras Técnicas,Educación Media,VIGENTE CON ALUMNOS NUEVOS,Monto en Pesos,0,1331000,0.0,Administración y Comercio,"Ciencias Sociales, Enseñanza Comercial y Derecho",Enseñanza Comercial y Administración,Técnico en Logística,Administración de Empresas y Derecho,Educación Comercial y Administración,NO ACREDITADA,ACREDITADA,22/09/2021 - 22/09/2025,4.0,665500,0,1
2022,1156417,I143S7C251J1V1,11256589.0,2,200009,20 a 24 años,2019,1,2019,1,Institutos Profesionales,Institutos Profesionales,Institutos Profesionales,143,IP AIEP,7,SEDE PROVIDENCIA,251,ESTETICA PROFESIONAL,Presencial,Diurna,1,Plan Regular,8,1,8,Metropolitana,SANTIAGO,PROVIDENCIA,Pregrado,Profesional Sin Licenciatura,Carreras Profesionales,Educación Media,VIGENTE CON ALUMNOS NUEVOS,Monto en Pesos,200000,2724000,0.0,Arte y Arquitectura,Servicios,Servicios Personales,Otros Profesionales de Arte y Arquitectura,Servicios,Servicios personales,NO ACREDITADA,ACREDITADA,22/10/2017 - 22/10/2022,5.0,200000,0,1
2021,895349,I117S1C73J4V1,22090684.0,1,197709,40 y más años,2021,1,2021,1,Institutos Profesionales,Institutos Profesionales,Institutos Profesionales,117,IP IACC,1,CASA CENTRAL (SANTIAGO),73,TECNICO DE NIVEL SUPERIOR EN PROCESOS MINEROS,No Presencial,A Distancia,1,Plan Regular,5,1,5,Metropolitana,SANTIAGO,PROVIDENCIA,Pregrado,Técnico de Nivel Superior,Carreras Técnicas,Educación Media,VIGENTE CON ALUMNOS NUEVOS,,80000,1472000,0.0,Tecnología,"Ingeniería, Industria y Construcción",Industria y Producción,Técnico en Minería,"Ingeniería, Industria y Construcción",Industria y Producción,SIN INFORMACIÓN,ACREDITADA,09/10/2019 - 09/10/2021,2.0,87000,0,1
2022,182,I117S1C2J4V1,13934000.0,1,197607,40 y más años,2019,1,2019,1,Institutos Profesionales,Institutos Profesionales,Institutos Profesionales,117,IP IACC,1,CASA CENTRAL (SANTIAGO),2,INGENIERIA EN ADMINISTRACION DE EMPRESAS,No Presencial,A Distancia,1,Plan Regular,8,1,8,Metropolitana,SANTIAGO,PROVIDENCIA,Pregrado,Profesional Sin Licenciatura,Carreras Profesionales,Educación Media,VIGENTE CON ALUMNOS NUEVOS,Monto en Pesos,90000,1710000,0.0,Administración y Comercio,"Ciencias Sociales, Enseñanza Comercial y Derecho",Enseñanza Comercial y Administración,Administración de Empresas e Ing. Asociadas,Administración de Empresas y Derecho,Educación Comercial y Administración,NO ACREDITADA,ACREDITADA,09/10/2019 - 09/10/2021,2.0,90000,0,1
2022,289070,I117S1C62J4V1,12256142.0,2,199601,25 a 29 años,2021,1,2021,1,Institutos Profesionales,Institutos Profesionales,Institutos Profesionales,117,IP IACC,1,CASA CENTRAL (SANTIAGO),62,TECNICO DE NIVEL SUPERIOR EN TRABAJO SOCIAL,No Presencial,A Distancia,1,Plan Regular,5,1,5,Metropolitana,SANTIAGO,PROVIDENCIA,Pregrado,Técnico de Nivel Superior,Carreras Técnicas,Educación Media,VIGENTE CON ALUMNOS NUEVOS,Monto en Pesos,80000,1560000,0.0,Ciencias Sociales,Salud y Servicios Sociales,Servicios Sociales,Técnico en Servicio Social,Salud y Bienestar,Bienestar,NO ACREDITADA,ACREDITADA,09/10/2019 - 09/10/2021,2.0,90000,0,1
2022,1210659,I117S1C1J4V1,8338012.0,2,196810,40 y más años,2022,1,2022,1,Institutos Profesionales,Institutos Profesionales,Institutos Profesionales,117,IP IACC,1,CASA CENTRAL (SANTIAGO),1,TECNICO SUPERIOR EN ADMINISTRACION DE EMPRESAS,No Presencial,A Distancia,1,Plan Regular,5,1,5,Metropolitana,SANTIAGO,PROVIDENCIA,Pregrado,Técnico de Nivel Superior,Carreras Técnicas,Educación Media,VIGENTE CON ALUMNOS NUEVOS,Monto en Pesos,80000,1620000,0.0,Administración y Comercio,"Ciencias Sociales, Enseñanza Comercial y Derecho",Enseñanza Comercial y Administración,Técnico en Administración de Empresas,Administración de Empresas y Derecho,Educación Comercial y Administración,ACREDITADA,ACREDITADA,09/10/2019 - 09/10/2021,2.0,90000,0,1
2021,1040577,I152S10C369J4V1,22840242.0,1,199303,25 a 29 años,2021,1,2021,1,Institutos Profesionales,Institutos Profesionales,Institutos Profesionales,152,IP LATINOAMERICANO DE COMERCIO EXTERIOR - IPLACEX,10,SEDE SANTIAGO,369,INGENIERIA EN CONTROL AUTOMATICO Y GESTION INDUSTRIAL,No Presencial,A Distancia,1,Plan Regular,8,0,8,Metropolitana,SANTIAGO,SANTIAGO,Pregrado,Profesional Sin Licenciatura,Carreras Profesionales,Educación Media,VIGENTE CON ALUMNOS NUEVOS,,106800,1629000,0.0,Tecnología,"Ingeniería, Industria y Construcción",Ingeniería y Profesiones Afines,"Ingeniería en Automatización, Instrumentación y Control","Ingeniería, Industria y Construcción",Ingeniería y Profesiones Afines,NO ACREDITADA,ACREDITADA,13/12/2017 - 13/13/2020,3.0,174000,0,1
2021,716822,I100S34C300J1V1,22081605.0,2,200009,20 a 24 años,2021,1,2021,1,Institutos Profesionales,Institutos Profesionales,Institutos Profesionales,100,IP INACAP,34,SEDE SANTIAGO CENTRO,300,INGENIERIA EN ADMINISTRACION DE EMPRESAS,Presencial,Diurna,1,Plan Regular,8,0,8,Metropolitana,SANTIAGO,SANTIAGO,Pregrado,Profesional Sin Licenciatura,Carreras Profesionales,Educación Media,VIGENTE CON ALUMNOS NUEVOS,,260000,2188000,0.0,Administración y Comercio,"Ciencias Sociales, Enseñanza Comercial y Derecho",Enseñanza Comercial y Administración,Administración de Empresas e Ing. Asociadas,Administración de Empresas y Derecho,Educación Comercial y Administración,SIN INFORMACIÓN,ACREDITADA,11/12/2016 - 11/12/2022,6.0,36000,0,1
2021,790102,I111S22C352J1V1,25511065.0,1,199910,20 a 24 años,2019,1,2019,1,Institutos Profesionales,Institutos Profesionales,Institutos Profesionales,111,IP DUOC UC,22,SEDE PADRE ALONSO DE OVALLE,352,INGENIERIA EN COMERCIO EXTERIOR,Presencial,Diurna,1,Plan Regular,8,1,8,Metropolitana,SANTIAGO,SANTIAGO,Pregrado,Profesional Sin Licenciatura,Carreras Profesionales,Educación Media,VIGENTE CON ALUMNOS NUEVOS,,254000,2380000,0.0,Administración y Comercio,"Ciencias Sociales, Enseñanza Comercial y Derecho",Enseñanza Comercial y Administración,Ingeniería en Comercio Exterior,Administración de Empresas y Derecho,Educación Comercial y Administración,ACREDITADA,ACREDITADA,26/08/2017 - 26/08/2024,7.0,30000,0,1
2021,979441,I143S26C469J1V1,22872213.0,2,200012,20 a 24 años,2021,1,2021,1,Institutos Profesionales,Institutos Profesionales,Institutos Profesionales,143,IP AIEP,26,SEDE BELLAVISTA,469,TECNICO ASISTENTE EN EDUCACION ESPECIAL,Presencial,Diurna,1,Plan Regular,5,1,5,Metropolitana,SANTIAGO,SANTIAGO,Pregrado,Técnico de Nivel Superior,Carreras Técnicas,Educación Media,VIGENTE CON ALUMNOS NUEVOS,,190000,1740000,0.0,Educación,Educación,Formación de Personal Docente y Ciencias de la Educación,Técnico Asistente del Educador Diferencial,Educación,Educación,NO ACREDITADA,ACREDITADA,22/10/2017 - 22/10/2022,5.0,592424,0,1
2022,797430,I143S15C29J1V1,5803691.0,2,200108,20 a 24 años,2021,1,2021,1,Institutos Profesionales,Institutos Profesionales,Institutos Profesionales,143,IP AIEP,15,SEDE BARRIO UNIVERSITARIO,29,ASISTENTE DE PARVULOS,Presencial,Diurna,1,Plan Regular,5,1,5,Metropolitana,SANTIAGO,SANTIAGO,Pregrado,Técnico de Nivel Superior,Carreras Técnicas,Educación Media,VIGENTE CON ALUMNOS NUEVOS,Monto en Pesos,200000,1840000,0.0,Educación,Educación,Formación de Personal Docente y Ciencias de la Educación,Técnico Asistente del Educador de Párvulos,Educación,Educación,NO ACREDITADA,ACREDITADA,22/10/2017 - 22/10/2022,5.0,580000,0,1
2022,153658,I143S26C39J2V2,12828879.0,2,199001,30 a 34 años,2018,1,2018,1,Institutos Profesionales,Institutos Profesionales,Institutos Profesionales,143,IP AIEP,26,SEDE BELLAVISTA,39,COMUNICACION Y RELACIONES PUBLICAS,Presencial,Vespertina,2,Plan Regular,5,1,5,Metropolitana,SANTIAGO,SANTIAGO,Pregrado,Técnico de Nivel Superior,Carreras Técnicas,Educación Media,VIGENTE CON ALUMNOS NUEVOS,Monto en Pesos,200000,1890000,0.0,Ciencias Sociales,"Ciencias Sociales, Enseñanza Comercial y Derecho",Enseñanza Comercial y Administración,Técnico en Relaciones Públicas,Administración de Empresas y Derecho,Educación Comercial y Administración,NO ACREDITADA,ACREDITADA,22/10/2017 - 22/10/2022,5.0,622000,0,1
2022,630655,I382S1C7J1V1,1113383.0,1,200005,20 a 24 años,2018,1,2018,1,Centros de Formación Técnica,Centros de Formación Técnica,Centros de Formación Técnica,382,CFT ALPES,1,CASA CENTRAL (SANTIAGO),7,ILUSTRACION ARTISTICA,Presencial,Diurna,1,Plan Regular,5,2,7,Metropolitana,SANTIAGO,SANTIAGO,Pregrado,Técnico de Nivel Superior,Carreras Técnicas,Educación Media,VIGENTE SIN ALUMNOS NUEVOS,Monto en Pesos,160000,1825200,0.0,Arte y Arquitectura,Humanidades y Artes,Artes,Otros Técnicos de Arte y Arquitectura,Artes y Humanidades,Artes,NO ACREDITADA,ACREDITADA,09/03/2022 - 09/03/2025,3.0,357150,0,1
2022,133149,I214S1C316J4V2,3638613.0,1,198804,30 a 34 años,2022,1,2022,1,Centros de Formación Técnica,Centros de Formación Técnica,Centros de Formación Técnica,214,CFT INSTITUTO CENTRAL DE CAPACITACION EDUCACIONAL ICCE,1,CASA CENTRAL (SANTIAGO),316,TECNICO EN ELECTRICIDAD,No Presencial,A Distancia,2,Plan Especial,3,1,3,Metropolitana,SANTIAGO,SANTIAGO,Pregrado,Técnico de Nivel Superior,Carreras Técnicas,Educación Media,VIGENTE CON ALUMNOS NUEVOS,Monto en Pesos,60000,1392000,0.0,Tecnología,"Ingeniería, Industria y Construcción",Ingeniería y Profesiones Afines,Técnico en Electricidad y Electricidad Industrial,"Ingeniería, Industria y Construcción",Ingeniería y Profesiones Afines,NO ACREDITADA,NO ACREDITADA,,,450000,0,1
2021,1118956,I312S1C96J4V2,21790672.0,1,198603,35 a 39 años,2020,2,2020,2,Centros de Formación Técnica,Centros de Formación Técnica,Centros de Formación Técnica,312,CFT CENCO,1,CASA CENTRAL (SANTIAGO),96,TECNICO DE NIVEL SUPERIOR EN OPERACION DE TRANSPORTE Y TRANSITO,No Presencial,A Distancia,2,Plan Especial,4,1,4,Metropolitana,SANTIAGO,SANTIAGO,Pregrado,Técnico de Nivel Superior,Carreras Técnicas,Educación Media,VIGENTE CON ALUMNOS NUEVOS,,40000,500000,0.0,Tecnología,Servicios,Servicios de Transporte,Otros Técnicos de Tecnología,Servicios,Servicios de Transportes,NO ACREDITADA,NO ACREDITADA,,,150000,0,1
2022,105661,I312S1C89J4V1,4362260.0,2,198611,35 a 39 años,2021,2,2021,2,Centros de Formación Técnica,Centros de Formación Técnica,Centros de Formación Técnica,312,CFT CENCO,1,CASA CENTRAL (SANTIAGO),89,TECNICO DE NIVEL SUPERIOR EN TRABAJO SOCIAL,No Presencial,A Distancia,1,Plan Regular,4,1,5,Metropolitana,SANTIAGO,SANTIAGO,Pregrado,Técnico de Nivel Superior,Carreras Técnicas,Educación Media,VIGENTE CON ALUMNOS NUEVOS,Monto en Pesos,62500,875000,0.0,Ciencias Sociales,Salud y Servicios Sociales,Servicios Sociales,Técnico en Servicio Social,Salud y Bienestar,Bienestar,NO ACREDITADA,NO ACREDITADA,,,150000,0,1
2022,89894,I312S1C89J4V2,8275512.0,1,198504,35 a 39 años,2021,2,2021,2,Centros de Formación Técnica,Centros de Formación Técnica,Centros de Formación Técnica,312,CFT CENCO,1,CASA CENTRAL (SANTIAGO),89,TECNICO DE NIVEL SUPERIOR EN TRABAJO SOCIAL,No Presencial,A Distancia,2,Plan Especial,4,1,4,Metropolitana,SANTIAGO,SANTIAGO,Pregrado,Técnico de Nivel Superior,Carreras Técnicas,Educación Media,VIGENTE CON ALUMNOS NUEVOS,Monto en Pesos,76923,760008,0.0,Ciencias Sociales,Salud y Servicios Sociales,Servicios Sociales,Técnico en Servicio Social,Salud y Bienestar,Bienestar,NO ACREDITADA,NO ACREDITADA,,,150000,0,1
2022,53599,I312S1C84J4V2,4991386.0,2,198106,40 y más años,2021,2,2021,2,Centros de Formación Técnica,Centros de Formación Técnica,Centros de Formación Técnica,312,CFT CENCO,1,CASA CENTRAL (SANTIAGO),84,TECNICO DE NIVEL SUPERIOR EN FARMACIA,No Presencial,A Distancia,2,Plan Especial,4,1,4,Metropolitana,SANTIAGO,SANTIAGO,Pregrado,Técnico de Nivel Superior,Carreras Técnicas,Educación Media,VIGENTE CON ALUMNOS NUEVOS,Monto en Pesos,76923,760008,0.0,Salud,Salud y Servicios Sociales,Medicina,Técnico en Farmacia,Salud y Bienestar,Salud,NO ACREDITADA,NO ACREDITADA,,,150000,0,1
2022,130111,I312S1C89J4V2,10027191.0,2,198807,30 a 34 años,2021,2,2021,2,Centros de Formación Técnica,Centros de Formación Técnica,Centros de Formación Técnica,312,CFT CENCO,1,CASA CENTRAL (SANTIAGO),89,TECNICO DE NIVEL SUPERIOR EN TRABAJO SOCIAL,No Presencial,A Distancia,2,Plan Especial,4,1,4,Metropolitana,SANTIAGO,SANTIAGO,Pregrado,Técnico de Nivel Superior,Carreras Técnicas,Educación Media,VIGENTE CON ALUMNOS NUEVOS,Monto en Pesos,76923,760008,0.0,Ciencias Sociales,Salud y Servicios Sociales,Servicios Sociales,Técnico en Servicio Social,Salud y Bienestar,Bienestar,NO ACREDITADA,NO ACREDITADA,,,150000,0,1
2022,92309,I312S1C83J4V2,13442522.0,2,198502,35 a 39 años,2021,2,2021,2,Centros de Formación Técnica,Centros de Formación Técnica,Centros de Formación Técnica,312,CFT CENCO,1,CASA CENTRAL (SANTIAGO),83,TECNICO DE NIVEL SUPERIOR EN CONTABILIDAD GENERAL MENCION CONTABILIDAD PUBLICA,No Presencial,A Distancia,2,Plan Especial,4,1,4,Metropolitana,SANTIAGO,SANTIAGO,Pregrado,Técnico de Nivel Superior,Carreras Técnicas,Educación Media,VIGENTE CON ALUMNOS NUEVOS,Monto en Pesos,76923,760008,0.0,Administración y Comercio,"Ciencias Sociales, Enseñanza Comercial y Derecho",Enseñanza Comercial y Administración,Técnico en Contabilidad General,Administración de Empresas y Derecho,Educación Comercial y Administración,NO ACREDITADA,NO ACREDITADA,,,150000,0,1
2022,1035654,I218S1C124J1V2,3087155.0,1,200312,15 a 19 años,2022,1,2022,1,Centros de Formación Técnica,Centros de Formación Técnica,Centros de Formación Técnica,218,CFT DE ENAC,1,CASA CENTRAL (SANTIAGO),124,TECNICO EN HOTELERIA Y TURISMO,Presencial,Diurna,2,Plan Regular,5,0,5,Metropolitana,SANTIAGO,SANTIAGO,Pregrado,Técnico de Nivel Superior,Carreras Técnicas,Educación Media,VIGENTE CON ALUMNOS NUEVOS,Monto en Pesos,0,2265000,0.0,Administración y Comercio,Servicios,Servicios Personales,Técnico en Turismo y Hotelería,Servicios,Servicios personales,NO ACREDITADA,ACREDITADA,25/10/2016 - 25/10/2022,6.0,120000,0,1
2022,654511,I218S1C124J2V2,8067232.0,2,200006,20 a 24 años,2022,1,2022,1,Centros de Formación Técnica,Centros de Formación Técnica,Centros de Formación Técnica,218,CFT DE ENAC,1,CASA CENTRAL (SANTIAGO),124,TECNICO EN HOTELERIA Y TURISMO,Presencial,Vespertina,2,Plan Regular,5,0,5,Metropolitana,SANTIAGO,SANTIAGO,Pregrado,Técnico de Nivel Superior,Carreras Técnicas,Educación Media,VIGENTE CON ALUMNOS NUEVOS,Monto en Pesos,0,2265000,0.0,Administración y Comercio,Servicios,Servicios Personales,Técnico en Turismo y Hotelería,Servicios,Servicios personales,NO ACREDITADA,ACREDITADA,25/10/2016 - 25/10/2022,6.0,120000,0,1
2022,147759,I218S1C113J2V2,5212057.0,2,198909,30 a 34 años,2022,1,2022,1,Centros de Formación Técnica,Centros de Formación Técnica,Centros de Formación Técnica,218,CFT DE ENAC,1,CASA CENTRAL (SANTIAGO),113,TECNICO EN PODOLOGIA CLINICA,Presencial,Vespertina,2,Plan Regular,5,0,5,Metropolitana,SANTIAGO,SANTIAGO,Pregrado,Técnico de Nivel Superior,Carreras Técnicas,Educación Media,VIGENTE CON ALUMNOS NUEVOS,Monto en Pesos,0,1929000,0.0,Salud,Salud y Servicios Sociales,Medicina,Técnico en Podología,Salud y Bienestar,Salud,NO ACREDITADA,ACREDITADA,25/10/2016 - 25/10/2022,6.0,120000,0,1
2022,112205,I152S10C319J4V3,10884456.0,2,198704,35 a 39 años,2021,1,2021,1,Institutos Profesionales,Institutos Profesionales,Institutos Profesionales,152,IP LATINOAMERICANO DE COMERCIO EXTERIOR - IPLACEX,10,SEDE SANTIAGO,319,"INGENIERIA EN PREVENCION DE RIESGOS, CALIDAD Y MEDIO AMBIENTE",No Presencial,A Distancia,3,Plan Regular,8,0,8,Metropolitana,SANTIAGO,SANTIAGO,Pregrado,Profesional Sin Licenciatura,Carreras Profesionales,Educación Media,VIGENTE CON ALUMNOS NUEVOS,Monto en Pesos,113000,1742000,0.0,Tecnología,Servicios,Servicios de Seguridad,Ingeniería en Prevención de Riesgos,Servicios,Servicios de Higiene y Salud Ocupacional,NO ACREDITADA,ACREDITADA,06/10/2021 - 06/10/2025,4.0,184000,0,1
2022,67024,I152S10C321J4V3,5894185.0,2,198212,35 a 39 años,2022,1,2022,1,Institutos Profesionales,Institutos Profesionales,Institutos Profesionales,152,IP LATINOAMERICANO DE COMERCIO EXTERIOR - IPLACEX,10,SEDE SANTIAGO,321,TECNICO EN RECURSOS HUMANOS,No Presencial,A Distancia,3,Plan Regular,4,0,4,Metropolitana,SANTIAGO,SANTIAGO,Pregrado,Técnico de Nivel Superior,Carreras Técnicas,Educación Media,VIGENTE CON ALUMNOS NUEVOS,Monto en Pesos,100000,1512000,0.0,Administración y Comercio,"Ciencias Sociales, Enseñanza Comercial y Derecho",Enseñanza Comercial y Administración,Técnico en Administración de Recursos Humanos y Personal,Administración de Empresas y Derecho,Educación Comercial y Administración,NO ACREDITADA,ACREDITADA,06/10/2021 - 06/10/2025,4.0,184000,0,1
2022,33612,I152S10C370J2V1,8817799.0,2,197812,40 y más años,2022,1,2022,1,Institutos Profesionales,Institutos Profesionales,Institutos Profesionales,152,IP LATINOAMERICANO DE COMERCIO EXTERIOR - IPLACEX,10,SEDE SANTIAGO,370,TECNICO EN ALIMENTACION Y NUTRICION,Semipresencial,Vespertina,1,Plan Regular,4,0,4,Metropolitana,SANTIAGO,SANTIAGO,Pregrado,Técnico de Nivel Superior,Carreras Técnicas,Educación Media,VIGENTE CON ALUMNOS NUEVOS,Monto en Pesos,100000,1656000,0.0,Salud,Salud y Servicios Sociales,Medicina,Técnico en Nutrición y Dietética,Salud y Bienestar,Salud,NO ACREDITADA,ACREDITADA,06/10/2021 - 06/10/2025,4.0,184000,0,1
2021,1113982,I280S10C356J2V2,21500759.0,2,199802,20 a 24 años,2021,1,2021,1,Centros de Formación Técnica,Centros de Formación Técnica,Centros de Formación Técnica,280,CFT LOS LAGOS,10,SEDE TALCA,356,TECNICO EN EDUCACION DIFERENCIAL,Presencial,Vespertina,2,Plan Regular,5,1,5,Maule,TALCA,TALCA,Pregrado,Técnico de Nivel Superior,Carreras Técnicas,Educación Media,VIGENTE CON ALUMNOS NUEVOS,,99000,990000,0.0,Educación,Educación,Formación de Personal Docente y Ciencias de la Educación,Técnico Asistente del Educador Diferencial,Educación,Educación,NO ACREDITADA,NO ACREDITADA,,,241000,186000,1
2022,430452,I280S9C356J2V2,3033178.0,2,199805,20 a 24 años,2021,1,2021,1,Centros de Formación Técnica,Centros de Formación Técnica,Centros de Formación Técnica,280,CFT LOS LAGOS,9,SEDE SAN FERNANDO,356,TECNICO EN EDUCACION DIFERENCIAL,Presencial,Vespertina,2,Plan Regular,5,1,5,Lib. Gral. B. O'Higgins,COLCHAGUA,SAN FERNANDO,Pregrado,Técnico de Nivel Superior,Carreras Técnicas,Educación Media,VIGENTE CON ALUMNOS NUEVOS,Monto en Pesos,104000,1040000,0.0,Educación,Educación,Formación de Personal Docente y Ciencias de la Educación,Técnico Asistente del Educador Diferencial,Educación,Educación,NO ACREDITADA,NO ACREDITADA,,,241000,186000,1
2022,125745,I31S3C155J2V1,5780649.0,2,198801,30 a 34 años,2018,1,2018,1,Universidades,Universidades Privadas,Universidades Privadas,31,UNIVERSIDAD AUTONOMA DE CHILE,3,CAMPUS EL LLANO,155,AUDITORIA E INGENIERIA EN CONTROL DE GESTION,Presencial,Vespertina,1,Plan Regular,9,1,9,Metropolitana,SANTIAGO,SAN MIGUEL,Pregrado,Profesional Con Licenciatura,Carreras Profesionales,Educación Media,VIGENTE SIN ALUMNOS NUEVOS,Monto en Pesos,255000,3391000,0.0,Administración y Comercio,"Ciencias Sociales, Enseñanza Comercial y Derecho",Enseñanza Comercial y Administración,Contador Auditor,Administración de Empresas y Derecho,Educación Comercial y Administración,NO ACREDITADA,ACREDITADA,29/10/2019 - 29/10/2024,5.0,186505,82000,1
2022,632826,I31S3C2J1V1,763376.0,2,200004,20 a 24 años,2018,1,2018,1,Universidades,Universidades Privadas,Universidades Privadas,31,UNIVERSIDAD AUTONOMA DE CHILE,3,CAMPUS EL LLANO,2,DERECHO,Presencial,Diurna,1,Plan Regular,10,2,12,Metropolitana,SANTIAGO,SAN MIGUEL,Pregrado,Profesional Con Licenciatura,Carreras Profesionales,Educación Media,VIGENTE SIN ALUMNOS NUEVOS,Monto en Pesos,255000,4518000,0.0,Derecho,"Ciencias Sociales, Enseñanza Comercial y Derecho",Derecho,Derecho,Administración de Empresas y Derecho,Derecho,ACREDITADA,ACREDITADA,29/10/2019 - 29/10/2024,5.0,248490,82000,1
2022,193455,I155S2C65J2V1,14185786.0,2,199211,25 a 29 años,2022,1,2022,1,Institutos Profesionales,Institutos Profesionales,Institutos Profesionales,155,IP LOS LEONES,2,CASA CENTRAL (SANTIAGO),65,TECNICO EN EDUCACION PARVULARIA,Presencial,Vespertina,1,Plan Regular,5,1,5,Metropolitana,SANTIAGO,SANTIAGO,Pregrado,Técnico de Nivel Superior,Carreras Técnicas,Educación Media,VIGENTE CON ALUMNOS NUEVOS,Monto en Pesos,100000,1050000,0.0,Educación,Educación,Formación de Personal Docente y Ciencias de la Educación,Técnico Asistente del Educador de Párvulos,Educación,Educación,NO ACREDITADA,ACREDITADA,22/04/2020 - 22/04/2023,3.0,50000,2500,1
2022,91226,I155S2C7J1V1,894530.0,2,198509,35 a 39 años,2021,1,2021,1,Institutos Profesionales,Institutos Profesionales,Institutos Profesionales,155,IP LOS LEONES,2,CASA CENTRAL (SANTIAGO),7,PSICOPEDAGOGIA,Presencial,Diurna,1,Plan Regular,8,1,8,Metropolitana,SANTIAGO,SANTIAGO,Pregrado,Profesional Sin Licenciatura,Carreras Profesionales,Educación Media,VIGENTE CON ALUMNOS NUEVOS,Monto en Pesos,100000,1100000,0.0,Educación,Educación,Formación de Personal Docente y Ciencias de la Educación,Psicopedagogía,Educación,Educación,NO ACREDITADA,ACREDITADA,22/04/2020 - 22/04/2023,3.0,50000,2500,1
2021,1119661,I331S1C145J1V1,24595635.0,2,199905,20 a 24 años,2021,1,2021,1,Centros de Formación Técnica,Centros de Formación Técnica,Centros de Formación Técnica,331,CFT IPROSEC,1,CASA CENTRAL (OSORNO),145,PELUQUERIA Y ESTETICA,Presencial,Diurna,1,Plan Regular,5,1,5,Los Lagos,OSORNO,OSORNO,Pregrado,Técnico de Nivel Superior,Carreras Técnicas,Educación Media,VIGENTE CON ALUMNOS NUEVOS,,145000,1390000,0.0,Arte y Arquitectura,Servicios,Servicios Personales,Técnico en Peluquería y Estética,Servicios,Servicios personales,NO ACREDITADA,ACREDITADA,11/07/2019 - 11/07/2021,2.0,695000,140000,1
2022,517669,I81S1C70J2V1,6427613.0,1,199908,20 a 24 años,2020,1,2020,1,Universidades,Universidades CRUCH,Universidades Estatales CRUCH,81,UNIVERSIDAD ARTURO PRAT,1,CASA CENTRAL (IQUIQUE),70,TECNICO DE NIVEL SUPERIOR OPERACIONES MINA,Presencial,Vespertina,1,Plan Regular,5,0,5,Tarapacá,IQUIQUE,IQUIQUE,Pregrado,Técnico de Nivel Superior,Carreras Técnicas,Educación Media,VIGENTE SIN ALUMNOS NUEVOS,Monto en Pesos,129000,1629000,0.0,Tecnología,"Ingeniería, Industria y Construcción",Industria y Producción,Técnico en Minería,"Ingeniería, Industria y Construcción",Industria y Producción,NO ACREDITADA,ACREDITADA,21/12/2017 - 21/12/2021,4.0,129000,268000,1
2022,463234,I450S1C50J2V1,3897902.0,2,199906,20 a 24 años,2022,1,2022,1,Centros de Formación Técnica,Centros de Formación Técnica,Centros de Formación Técnica,450,CFT LOTA-ARAUCO,1,CASA CENTRAL (LOTA),50,GESTION PORTUARIA Y PESQUERA,Presencial,Vespertina,1,Plan Regular,5,1,5,Biobío,CONCEPCION,LOTA,Pregrado,Técnico de Nivel Superior,Carreras Técnicas,Educación Media,VIGENTE CON ALUMNOS NUEVOS,Monto en Pesos,30000,1553000,0.0,Tecnología,Servicios,Servicios de Transporte,Técnico en Transporte Marítimo y Puertos,Servicios,Servicios de Transportes,NO ACREDITADA,ACREDITADA,21/07/2019 - 21/07/2023,4.0,50000,12500,1
2022,1215820,I90S1C571J1V1,12553096.0,1,199311,25 a 29 años,2022,1,2022,1,Universidades,Universidades CRUCH,Universidades Privadas CRUCH,90,UNIVERSIDAD AUSTRAL DE CHILE,1,CASA CENTRAL,571,MAGISTER EN CIENCIAS MENCION BOSQUES Y MEDIO AMBIENTE,Presencial,Diurna,1,Plan Regular,4,0,4,Los Ríos,VALDIVIA,VALDIVIA,Postgrado,Magister,Magister,Licenciatura,VIGENTE CON ALUMNOS NUEVOS,Monto en Pesos,190000,2588000,0.0,Ciencias Básicas,Ciencias,Ciencias de la Vida,Magister en Ciencias Básicas,"Ciencias naturales, matemáticas y estadística",Medio Ambiente,ACREDITADA,ACREDITADA,12/11/2015 - 12/11/2021,6.0,180000,19000,1
2022,1215983,I90S1C499J1V1,12570360.0,1,199405,25 a 29 años,2019,1,2019,1,Universidades,Universidades CRUCH,Universidades Privadas CRUCH,90,UNIVERSIDAD AUSTRAL DE CHILE,1,CASA CENTRAL,499,DOCTORADO EN CIENCIAS MENCION ECOLOGIA Y EVOLUCION,Presencial,Diurna,1,Plan Regular,8,0,8,Los Ríos,VALDIVIA,VALDIVIA,Postgrado,Doctorado,Doctorado,Licenciatura,VIGENTE CON ALUMNOS NUEVOS,Monto en Pesos,190000,4285000,0.0,Ciencias Básicas,Ciencias,Ciencias de la Vida,Doctorado en Ciencias Básicas,"Ciencias naturales, matemáticas y estadística",Medio Ambiente,ACREDITADA,ACREDITADA,12/11/2015 - 12/11/2021,6.0,180000,19000,1
2021,75727,I13S16C384J2V2,24933515.0,2,199612,20 a 24 años,2021,1,2021,1,Universidades,Universidades Privadas,Universidades Privadas,13,UNIVERSIDAD SANTO TOMAS,16,SEDE CONCEPCION,384,PROGRAMA DE LICENCIATURA DE TRABAJO SOCIAL,Presencial,Vespertina,2,Plan Regular de Continuidad,2,0,2,Biobío,CONCEPCION,CONCEPCION,Pregrado,Licenciatura No Conducente a Título,Carreras Profesionales,Título Profesional,VIGENTE CON ALUMNOS NUEVOS,,93000,1855000,0.0,Ciencias Sociales,Salud y Servicios Sociales,Servicios Sociales,Trabajo Social,Salud y Bienestar,Bienestar,NO ACREDITADA,ACREDITADA,31/03/2021 - 31/03/2025,4.0,0,50000,1
2021,916341,I123S5C181J2V1,21452399.0,2,199410,25 a 29 años,2019,1,2019,1,Institutos Profesionales,Institutos Profesionales,Institutos Profesionales,123,IP DE CHILE,5,SEDE TEMUCO,181,TECNICO EN EDUCACION BASICA,Presencial,Vespertina,1,Plan Regular,5,1,5,La Araucanía,CAUTIN,TEMUCO,Pregrado,Técnico de Nivel Superior,Carreras Técnicas,Educación Media,VIGENTE CON ALUMNOS NUEVOS,,118000,1250000,0.0,Educación,Educación,Formación de Personal Docente y Ciencias de la Educación,Otros Técnicos de Educación,Educación,Educación,NO ACREDITADA,ACREDITADA,17/03/2021 - 17/03/2025,4.0,0,10000,1
2022,274651,I10S7C645J2V1,5158480.0,2,199502,25 a 29 años,2016,1,2021,2,Universidades,Universidades Privadas,Universidades Privadas,10,UNIVERSIDAD MAYOR,7,SEDE MANUEL MONTT,645,INGENIERIA EN ADMINISTRACION DE EMPRESAS,Presencial,Vespertina,1,Plan Regular de Continuidad,6,1,6,Metropolitana,SANTIAGO,PROVIDENCIA,Pregrado,Profesional Con Licenciatura,Carreras Profesionales,Técnico de Nivel Superior,VIGENTE CON ALUMNOS NUEVOS,Monto en Pesos,311000,3381180,0.0,Administración y Comercio,"Ciencias Sociales, Enseñanza Comercial y Derecho",Enseñanza Comercial y Administración,Administración de Empresas e Ing. Asociadas,Administración de Empresas y Derecho,Educación Comercial y Administración,NO ACREDITADA,ACREDITADA,27/10/2021 - 27/10/2026,5.0,0,193000,11
2022,1301688,I23S3C63J2V1,7301958.0,1,199402,25 a 29 años,2022,1,2022,1,Universidades,Universidades Privadas,Universidades Privadas,23,UNIVERSIDAD ADOLFO IBAÑEZ,3,SEDE PRESIDENTE ERRAZURIZ,63,MAGISTER EN DIRECCION FINANCIERA,Presencial,Vespertina,1,Plan Regular,2,0,2,Metropolitana,SANTIAGO,LAS CONDES,Postgrado,Magister,Magister,Licenciatura,VIGENTE CON ALUMNOS NUEVOS,Monto en UF,10,415,0.0,Administración y Comercio,"Ciencias Sociales, Enseñanza Comercial y Derecho",Enseñanza Comercial y Administración,Magister en Administración y Comercio,Administración de Empresas y Derecho,Educación Comercial y Administración,NO ACREDITADA,ACREDITADA,14/10/2021 - 14/10/2027,6.0,0,2,1
2022,220020,I10S11C287J4V1,13412294.0,2,199402,25 a 29 años,1900,0,2022,1,Universidades,Universidades Privadas,Universidades Privadas,10,UNIVERSIDAD MAYOR,11,SEDE REPUBLICA,287,INGENIERIA EN LOGISTICA,No Presencial,A Distancia,1,Plan Regular de Continuidad,5,1,5,Metropolitana,SANTIAGO,SANTIAGO,Pregrado,Profesional Con Licenciatura,Carreras Profesionales,Técnico de Nivel Superior,VIGENTE CON ALUMNOS NUEVOS,Monto en Pesos,311000,3381180,0.0,Administración y Comercio,"Ciencias Sociales, Enseñanza Comercial y Derecho",Enseñanza Comercial y Administración,Ingeniería en Logística,Administración de Empresas y Derecho,Educación Comercial y Administración,NO ACREDITADA,ACREDITADA,27/10/2021 - 27/10/2026,5.0,0,193000,11
2021,906560,I123S2C193J1V1,22084268.0,1,199812,20 a 24 años,2020,1,2020,1,Institutos Profesionales,Institutos Profesionales,Institutos Profesionales,123,IP DE CHILE,2,CASA CENTRAL (SANTIAGO),193,TECNICO EN SALUD NATURAL Y TERAPIAS COMPLEMENTARIAS,Presencial,Diurna,1,Plan Regular,5,1,5,Metropolitana,SANTIAGO,SANTIAGO,Pregrado,Técnico de Nivel Superior,Carreras Técnicas,Educación Media,VIGENTE CON ALUMNOS NUEVOS,,118000,1358000,0.0,Salud,Salud y Servicios Sociales,Medicina,Técnico en Terapias Naturales y Naturopatía,Salud y Bienestar,Salud,NO ACREDITADA,ACREDITADA,17/03/2021 - 17/03/2025,4.0,0,10000,1
2022,394169,I123S2C52J4V1,8365768.0,1,199708,20 a 24 años,2022,1,2022,1,Institutos Profesionales,Institutos Profesionales,Institutos Profesionales,123,IP DE CHILE,2,CASA CENTRAL (SANTIAGO),52,TECNICO EN CONECTIVIDAD Y REDES,No Presencial,A Distancia,1,Plan Regular,5,1,5,Metropolitana,SANTIAGO,SANTIAGO,Pregrado,Técnico de Nivel Superior,Carreras Técnicas,Educación Media,VIGENTE CON ALUMNOS NUEVOS,Monto en Pesos,125000,1300000,0.0,Tecnología,Ciencias,Informática,Técnico en Administración de Redes y Soporte,Tecnología de la Información y la Comunicación (TIC),Tecnología de la Información y la Comunicación (TIC),NO ACREDITADA,ACREDITADA,17/03/2021 - 17/03/2025,4.0,0,10600,1
2022,1257003,I72S1C463J1V1,13024273.0,1,199405,25 a 29 años,2022,1,2022,1,Universidades,Universidades CRUCH,Universidades Estatales CRUCH,72,UNIVERSIDAD DE VALPARAISO,1,CASA CENTRAL (VALPARAISO),463,ESPECIALIDAD EN PSIQUIATRIA INFANTIL Y DE LA ADOLESCENCIA,Presencial,Diurna,1,Plan Regular,4,0,4,Valparaíso,VALPARAISO,VALPARAISO,Postítulo,Especialidad Médica U Odontológica,Postítulo,Título Profesional,VIGENTE CON ALUMNOS NUEVOS,Monto en UF,14,280,0.0,Salud,Salud y Servicios Sociales,Medicina,Postítulo en Salud,Salud y Bienestar,Salud,NO ACREDITADA,ACREDITADA,25/10/2017 - 25/10/2022,5.0,0,5,1
2022,1109681,I906S1C8J2V1,11885628.0,2,199010,30 a 34 años,2022,1,2022,1,Centros de Formación Técnica,Centros de Formación Técnica,Centros de Formación Técnica Estatales,906,CFT DE LA REGION DE TARAPACA,1,SEDE CENTRAL ALTO HOSPICIO,8,TECNICO DE NIVEL SUPERIOR EN EDUCACION PARVULARIA,Presencial,Vespertina,1,Plan Regular,5,0,5,Tarapacá,IQUIQUE,ALTO HOSPICIO,Pregrado,Técnico de Nivel Superior,Carreras Técnicas,Educación Media,VIGENTE CON ALUMNOS NUEVOS,Monto en Pesos,50000,1091000,0.0,Educación,Educación,Formación de Personal Docente y Ciencias de la Educación,Técnico Asistente del Educador de Párvulos,Educación,Educación,NO ACREDITADA,BAJO TUTELA,,,0,30000,1
2021,902036,I123S1C166J1V1,24971095.0,1,199310,25 a 29 años,2020,1,2020,1,Institutos Profesionales,Institutos Profesionales,Institutos Profesionales,123,IP DE CHILE,1,SEDE LA SERENA,166,INGENIERIA EN MINAS,Presencial,Diurna,1,Plan Regular,8,1,8,Coquimbo,ELQUI,LA SERENA,Pregrado,Profesional Sin Licenciatura,Carreras Profesionales,Educación Media,VIGENTE CON ALUMNOS NUEVOS,,118000,1642000,0.0,Tecnología,"Ingeniería, Industria y Construcción",Industria y Producción,Ingeniería en Minas,"Ingeniería, Industria y Construcción",Industria y Producción,NO ACREDITADA,ACREDITADA,17/03/2021 - 17/03/2025,4.0,0,10000,1
2022,1267436,I4S1C69J4V1,6635418.0,1,196407,40 y más años,2021,2,2021,2,Universidades,Universidades Privadas,Universidades Privadas,4,UNIVERSIDAD CENTRAL DE CHILE,1,SANTIAGO,69,MAGISTER EN GESTION Y LIDERAZGO EDUCACIONAL,No Presencial,A Distancia,1,Plan Regular,4,0,4,Metropolitana,SANTIAGO,SANTIAGO,Postgrado,Magister,Magister,Licenciatura,VIGENTE CON ALUMNOS NUEVOS,Monto en Pesos,86000,2286000,0.0,Educación,Educación,Formación de Personal Docente y Ciencias de la Educación,Magister en Educación,Educación,Educación,NO ACREDITADA,ACREDITADA,13/01/2022 - 13/01/2026,4.0,0,18500,1
2021,2293498,I70S1C529J5V1,21691140.0,2,198401,35 a 39 años,2021,1,2021,1,Universidades,Universidades CRUCH,Universidades Estatales CRUCH,70,UNIVERSIDAD DE CHILE,1,SANTIAGO,529,MAGISTER EN HABITAT RESIDENCIAL,Presencial,Otra,1,Plan Regular,3,0,3,Metropolitana,SANTIAGO,SANTIAGO,Postgrado,Magister,Magister,Licenciatura,VIGENTE CON ALUMNOS NUEVOS,,149000,3570667,0.0,Arte y Arquitectura,"Ingeniería, Industria y Construcción",Arquitectura y Construcción,Magister en Arte y Arquitectura,"Ingeniería, Industria y Construcción",Arquitectura y Construcción,ACREDITADA,ACREDITADA,22/12/2018 - 22/12/2025,7.0,0,40000,1
2022,495338,I70S1C68J1V1,13138093.0,2,199811,20 a 24 años,2017,1,2017,1,Universidades,Universidades CRUCH,Universidades Estatales CRUCH,70,UNIVERSIDAD DE CHILE,1,SANTIAGO,68,ACTUACION TEATRAL,Presencial,Diurna,1,Plan Regular,10,0,10,Metropolitana,SANTIAGO,SANTIAGO,Pregrado,Profesional Con Licenciatura,Carreras Profesionales,Educación Media,VIGENTE SIN ALUMNOS NUEVOS,Monto en Pesos,157900,3982100,0.0,Arte y Arquitectura,Humanidades y Artes,Artes,Actuación y Teatro,Artes y Humanidades,Artes,NO ACREDITADA,ACREDITADA,22/12/2018 - 22/12/2025,7.0,0,50000,1
2022,589276,I31S2C155J1V1,6861068.0,2,200007,20 a 24 años,2020,1,2020,1,Universidades,Universidades Privadas,Universidades Privadas,31,UNIVERSIDAD AUTONOMA DE CHILE,2,SEDE TALCA,155,AUDITORIA E INGENIERIA EN CONTROL DE GESTION,Presencial,Diurna,1,Plan Regular,9,1,9,Maule,TALCA,TALCA,Pregrado,Profesional Con Licenciatura,Carreras Profesionales,Educación Media,VIGENTE CON ALUMNOS NUEVOS,Monto en Pesos,255000,2961000,49209.0,Administración y Comercio,"Ciencias Sociales, Enseñanza Comercial y Derecho",Enseñanza Comercial y Administración,Contador Auditor,Administración de Empresas y Derecho,Educación Comercial y Administración,NO ACREDITADA,ACREDITADA,29/10/2019 - 29/10/2024,5.0,162855,82000,1
2022,510698,I87S3C38J1V1,8940042.0,2,199902,20 a 24 años,2022,1,2022,1,Universidades,Universidades CRUCH,Universidades Privadas CRUCH,87,UNIVERSIDAD DE CONCEPCION,3,SEDE LOS ANGELES,38,ENFERMERIA,Presencial,Diurna,1,Plan Regular,10,0,10,Biobío,BIOBIO,LOS ANGELES,Pregrado,Profesional Con Licenciatura,Carreras Profesionales,Educación Media,VIGENTE CON ALUMNOS NUEVOS,Monto en Pesos,130000,4667528,13104.0,Salud,Salud y Servicios Sociales,Medicina,Enfermería,Salud y Bienestar,Salud,ACREDITADA,ACREDITADA,11/11/2016 - 11/11/2023,7.0,24500,10000,5
2021,512979,I84S2C320J1V1,24807795.0,2,200212,15 a 19 años,2021,1,2021,1,Universidades,Universidades CRUCH,Universidades Estatales CRUCH,84,UNIVERSIDAD DE LOS LAGOS,2,SEDE PUERTO MONTT,320,KINESIOLOGIA,Presencial,Diurna,1,Plan Regular,10,0,10,Los Lagos,LLANQUIHUE,PUERTO MONTT,Pregrado,Profesional Con Licenciatura,Carreras Profesionales,Educación Media,VIGENTE CON ALUMNOS NUEVOS,,137000,3757000,32002.0,Salud,Salud y Servicios Sociales,Medicina,Kinesiología,Salud y Bienestar,Salud,NO ACREDITADA,ACREDITADA,12/12/2016 - 12/12/2020,4.0,228000,81000,7
2022,394930,I73S2C35J1V1,13164750.0,1,199801,20 a 24 años,2017,1,2019,1,Universidades,Universidades CRUCH,Universidades Estatales CRUCH,73,UNIVERSIDAD DE ANTOFAGASTA,2,SEDE CAMPUS COLOSO,35,TECNOLOGIA MEDICA,Presencial,Diurna,1,Plan Regular,10,1,10,Antofagasta,ANTOFAGASTA,ANTOFAGASTA,Pregrado,Profesional Con Licenciatura,Carreras Profesionales,Educación Media,VIGENTE CON ALUMNOS NUEVOS,Monto en Pesos,174000,4051000,24033.0,Salud,Salud y Servicios Sociales,Medicina,Tecnología Médica,Salud y Bienestar,Salud,NO ACREDITADA,ACREDITADA,15/08/2017 - 15/08/2022,5.0,237000,180000,4
2022,774179,I20S3C64J1V1,8122156.0,2,200106,20 a 24 años,2019,1,2019,1,Universidades,Universidades Privadas,Universidades Privadas,20,UNIVERSIDAD ANDRES BELLO,3,SEDE VIÑA DEL MAR,64,MEDICINA VETERINARIA,Presencial,Diurna,1,Plan Regular,10,0,10,Valparaíso,VALPARAISO,VIÑA DEL MAR,Pregrado,Profesional Con Licenciatura,Carreras Profesionales,Educación Media,VIGENTE CON ALUMNOS NUEVOS,Monto en Pesos,442000,4725000,41165.0,Agropecuaria,Agricultura,Veterinaria,Medicina Veterinaria,"Agricultura, Silvicultura, Pesca y Veterinaria",Veterinaria,ACREDITADA,ACREDITADA,24/12/2017 - 24/12/2022,5.0,215432,123104,1
2022,486710,I31S3C12J1V1,13616858.0,1,199809,20 a 24 años,2019,1,2019,1,Universidades,Universidades Privadas,Universidades Privadas,31,UNIVERSIDAD AUTONOMA DE CHILE,3,CAMPUS EL LLANO,12,PSICOLOGIA,Presencial,Diurna,1,Plan Regular,10,1,10,Metropolitana,SANTIAGO,SAN MIGUEL,Pregrado,Profesional Con Licenciatura,Carreras Profesionales,Educación Media,VIGENTE CON ALUMNOS NUEVOS,Monto en Pesos,255000,4518000,49109.0,Ciencias Sociales,"Ciencias Sociales, Enseñanza Comercial y Derecho",Ciencias Sociales y del Comportamiento,Psicología,"Ciencias Sociales, Periodismo e Información",Ciencias Sociales y del Comportamiento,NO ACREDITADA,ACREDITADA,29/10/2019 - 29/10/2024,5.0,248490,82000,1
2022,650530,I91S2C33J1V1,4180632.0,1,200008,20 a 24 años,2019,1,2019,1,Universidades,Universidades CRUCH,Universidades Privadas CRUCH,91,UNIVERSIDAD CATOLICA DEL NORTE,2,SEDE COQUIMBO,33,INGENIERIA COMERCIAL,Presencial,Diurna,1,Plan Regular,10,1,10,Coquimbo,ELQUI,COQUIMBO,Pregrado,Profesional Con Licenciatura,Carreras Profesionales,Educación Media,VIGENTE CON ALUMNOS NUEVOS,Monto en Pesos,150800,4475268,18084.0,Administración y Comercio,"Ciencias Sociales, Enseñanza Comercial y Derecho",Enseñanza Comercial y Administración,Ingeniería Comercial,Administración de Empresas y Derecho,Educación Comercial y Administración,NO ACREDITADA,ACREDITADA,25/11/2016 - 25/11/2022,6.0,189040,47790,1
2022,421560,I90S2C112J1V1,5502965.0,1,199803,20 a 24 años,2017,1,2017,1,Universidades,Universidades CRUCH,Universidades Privadas CRUCH,90,UNIVERSIDAD AUSTRAL DE CHILE,2,SEDE PUERTO MONTT,112,TECNOLOGIA MEDICA,Presencial,Diurna,1,Plan Regular,10,0,10,Los Lagos,LLANQUIHUE,PUERTO MONTT,Pregrado,Profesional Con Licenciatura,Carreras Profesionales,Educación Media,VIGENTE CON ALUMNOS NUEVOS,Monto en Pesos,190000,4202000,17086.0,Salud,Salud y Servicios Sociales,Medicina,Tecnología Médica,Salud y Bienestar,Salud,NO ACREDITADA,ACREDITADA,12/11/2015 - 12/11/2021,6.0,180000,19000,1
2022,571569,I88S1C93J1V1,10039253.0,1,199906,20 a 24 años,2018,1,2018,1,Universidades,Universidades CRUCH,Universidades Privadas CRUCH,88,UNIVERSIDAD TECNICA FEDERICO SANTA MARIA,1,CAMPUS CASA CENTRAL VALPARAISO,93,INGENIERIA CIVIL TELEMATICA,Presencial,Diurna,1,Plan Regular,12,0,12,Valparaíso,VALPARAISO,VALPARAISO,Pregrado,Profesional Con Licenciatura,Carreras Profesionales,Educación Media,VIGENTE CON ALUMNOS NUEVOS,Monto en Pesos,198000,5060000,15161.0,Tecnología,"Ingeniería, Industria y Construcción",Ingeniería y Profesiones Afines,Ingeniería Civil en Telemática,"Ingeniería, Industria y Construcción",Ingeniería y Profesiones Afines,NO ACREDITADA,ACREDITADA,29/12/2016 - 29/12/2022,6.0,97000,3200,7
2022,991492,I71S1C44J1V1,8775757.0,1,200306,15 a 19 años,2022,1,2022,1,Universidades,Universidades CRUCH,Universidades Estatales CRUCH,71,UNIVERSIDAD DE SANTIAGO DE CHILE,1,CASA CENTRAL (SANTIAGO),44,PEDAGOGIA EN MATEMATICA Y COMPUTACION / LICENCIATURA EN EDUCACION EN MATEMATICA Y COMPUTACION,Presencial,Diurna,1,Plan Regular,10,2,10,Metropolitana,SANTIAGO,ESTACION CENTRAL,Pregrado,Profesional Con Licenciatura,Carreras Profesionales,Educación Media,VIGENTE CON ALUMNOS NUEVOS,Monto en Pesos,167000,3143000,16045.0,Educación,Educación,Formación de Personal Docente y Ciencias de la Educación,Pedagogía en Matemáticas y Computación,Educación,Educación,ACREDITADA,ACREDITADA,25/02/2021 - 25/02/2028,7.0,161000,161000,8
2022,684026,I71S1C2J1V1,7720197.0,1,200011,20 a 24 años,1900,0,2022,1,Universidades,Universidades CRUCH,Universidades Estatales CRUCH,71,UNIVERSIDAD DE SANTIAGO DE CHILE,1,CASA CENTRAL (SANTIAGO),2,ADMINISTRACION PUBLICA,Presencial,Diurna,1,Plan Regular,10,1,10,Metropolitana,SANTIAGO,ESTACION CENTRAL,Pregrado,Profesional Con Licenciatura,Carreras Profesionales,Educación Media,VIGENTE CON ALUMNOS NUEVOS,Monto en Pesos,167000,4113000,16034.0,Ciencias Sociales,"Ciencias Sociales, Enseñanza Comercial y Derecho",Enseñanza Comercial y Administración,Administración Pública,Administración de Empresas y Derecho,Educación Comercial y Administración,NO ACREDITADA,ACREDITADA,25/02/2021 - 25/02/2028,7.0,161000,161000,4
2022,1171241,I76S1C278J1V1,9300765.0,2,200112,20 a 24 años,2020,1,2020,1,Universidades,Universidades CRUCH,Universidades Estatales CRUCH,76,UNIVERSIDAD DE LA FRONTERA,1,CASA CENTRAL (TEMUCO),278,PEDAGOGIA EN INGLES,Presencial,Diurna,1,Plan Regular,10,0,10,La Araucanía,CAUTIN,TEMUCO,Pregrado,Profesional Con Licenciatura,Carreras Profesionales,Educación Media,VIGENTE CON ALUMNOS NUEVOS,Monto en Pesos,135000,2900000,30056.0,Educación,Educación,Formación de Personal Docente y Ciencias de la Educación,Pedagogía en Idiomas,Educación,Educación,ACREDITADA,ACREDITADA,28/11/2018 - 28/11/2024,6.0,60000,30000,8
2021,488544,I81S1C452J1V1,24948891.0,2,200302,15 a 19 años,2021,1,2021,1,Universidades,Universidades CRUCH,Universidades Estatales CRUCH,81,UNIVERSIDAD ARTURO PRAT,1,CASA CENTRAL (IQUIQUE),452,FONOAUDIOLOGIA,Presencial,Diurna,1,Plan Regular,10,0,10,Tarapacá,IQUIQUE,IQUIQUE,Pregrado,Profesional Con Licenciatura,Carreras Profesionales,Educación Media,VIGENTE CON ALUMNOS NUEVOS,,161000,2736000,23078.0,Salud,Salud y Servicios Sociales,Medicina,Fonoaudiología,Salud y Bienestar,Salud,NO ACREDITADA,ACREDITADA,21/12/2017 - 21/12/2021,4.0,161000,304000,7
2022,1020864,I93S1C51J1V1,1898626.0,2,200310,15 a 19 años,2022,1,2022,1,Universidades,Universidades CRUCH,Universidades Privadas CRUCH,93,UNIVERSIDAD CATOLICA DE LA SANTISIMA CONCEPCION,1,CASA CENTRAL (CONCEPCION),51,PEDAGOGIA EN EDUCACION MEDIA EN BIOLOGIA Y CIENCIAS NATURALES,Presencial,Diurna,1,Plan Regular,10,1,10,Biobío,CONCEPCION,CONCEPCION,Pregrado,Profesional Con Licenciatura,Carreras Profesionales,Educación Media,VIGENTE CON ALUMNOS NUEVOS,Monto en Pesos,100000,3450000,36057.0,Educación,Educación,Formación de Personal Docente y Ciencias de la Educación,Pedagogía en Ciencias,Educación,Educación,ACREDITADA,ACREDITADA,03/03/2021 - 03/03/2026,5.0,108000,0,10
2021,206900,I31S1C5J1V1,22768433.0,2,199801,20 a 24 años,2018,1,2018,1,Universidades,Universidades Privadas,Universidades Privadas,31,UNIVERSIDAD AUTONOMA DE CHILE,1,CASA CENTRAL (TEMUCO),5,PEDAGOGIA EN EDUCACION PARVULARIA,Presencial,Diurna,1,Plan Regular,8,1,8,La Araucanía,CAUTIN,TEMUCO,Pregrado,Profesional Con Licenciatura,Carreras Profesionales,Educación Media,VIGENTE CON ALUMNOS NUEVOS,,240000,2701000,49319.0,Educación,Educación,Formación de Personal Docente y Ciencias de la Educación,Pedagogía en Educación de Párvulos,Educación,Educación,ACREDITADA,ACREDITADA,29/10/2019 - 29/10/2023,4.0,148555,82000,1
2022,1191388,I76S1C371J1V1,9983279.0,1,200401,15 a 19 años,2022,1,2022,1,Universidades,Universidades CRUCH,Universidades Estatales CRUCH,76,UNIVERSIDAD DE LA FRONTERA,1,CASA CENTRAL (TEMUCO),371,INGENIERIA CIVIL INDUSTRIAL,Presencial,Diurna,1,Plan Regular,11,0,11,La Araucanía,CAUTIN,TEMUCO,Pregrado,Profesional Con Licenciatura,Carreras Profesionales,Educación Media,VIGENTE CON ALUMNOS NUEVOS,Monto en Pesos,135000,3561000,30013.0,Tecnología,"Ingeniería, Industria y Construcción",Ingeniería y Profesiones Afines,Ingeniería Civil Industrial,"Ingeniería, Industria y Construcción",Ingeniería y Profesiones Afines,NO ACREDITADA,ACREDITADA,28/11/2018 - 28/11/2024,6.0,60000,30000,1
2022,645685,I85S1C212J1V1,8662388.0,1,200005,20 a 24 años,2018,1,2018,1,Universidades,Universidades CRUCH,Universidades Estatales CRUCH,85,UNIVERSIDAD TECNOLOGICA METROPOLITANA,1,CASA CENTRAL,212,INGENIERIA CIVIL EN OBRAS CIVILES,Presencial,Diurna,1,Plan Regular,12,1,12,Metropolitana,SANTIAGO,SANTIAGO,Pregrado,Profesional Con Licenciatura,Carreras Profesionales,Educación Media,VIGENTE CON ALUMNOS NUEVOS,Monto en Pesos,175000,3692800,21074.0,Tecnología,"Ingeniería, Industria y Construcción",Arquitectura y Construcción,Ingeniería Civil en Obras Civiles,"Ingeniería, Industria y Construcción",Arquitectura y Construcción,NO ACREDITADA,ACREDITADA,01/09/2021 - 01/09/2025,4.0,31500,141500,1
2022,455020,I91S1C2J1V1,12437593.0,2,199903,20 a 24 años,2017,1,2017,1,Universidades,Universidades CRUCH,Universidades Privadas CRUCH,91,UNIVERSIDAD CATOLICA DEL NORTE,1,CASA CENTRAL,2,ARQUITECTURA,Presencial,Diurna,1,Plan Regular,12,2,12,Antofagasta,ANTOFAGASTA,ANTOFAGASTA,Pregrado,Profesional Con Licenciatura,Carreras Profesionales,Educación Media,VIGENTE CON ALUMNOS NUEVOS,Monto en Pesos,150800,4337208,18040.0,Arte y Arquitectura,"Ingeniería, Industria y Construcción",Arquitectura y Construcción,Arquitectura,"Ingeniería, Industria y Construcción",Arquitectura y Construcción,NO ACREDITADA,ACREDITADA,25/11/2016 - 25/11/2022,6.0,189040,47790,1
2022,363551,I71S1C72J1V1,8258142.0,1,199703,25 a 29 años,2020,1,2020,1,Universidades,Universidades CRUCH,Universidades Estatales CRUCH,71,UNIVERSIDAD DE SANTIAGO DE CHILE,1,CASA CENTRAL (SANTIAGO),72,PUBLICIDAD,Presencial,Diurna,1,Plan Regular,9,1,9,Metropolitana,SANTIAGO,ESTACION CENTRAL,Pregrado,Profesional Con Licenciatura,Carreras Profesionales,Educación Media,VIGENTE CON ALUMNOS NUEVOS,Monto en Pesos,167000,4372000,16066.0,Ciencias Sociales,"Ciencias Sociales, Enseñanza Comercial y Derecho",Enseñanza Comercial y Administración,Publicidad,Administración de Empresas y Derecho,Educación Comercial y Administración,ACREDITADA,ACREDITADA,25/02/2021 - 25/02/2028,7.0,161000,161000,1
2022,511986,I2S1C13J1V1,10519651.0,1,199812,20 a 24 años,2017,1,2017,1,Universidades,Universidades Privadas,Universidades Privadas,2,UNIVERSIDAD FINIS TERRAE,1,CASA CENTRAL (SANTIAGO),13,ODONTOLOGIA,Presencial,Diurna,1,Plan Regular,12,0,12,Metropolitana,SANTIAGO,PROVIDENCIA,Pregrado,Profesional Con Licenciatura,Carreras Profesionales,Educación Media,VIGENTE CON ALUMNOS NUEVOS,Monto en Pesos,764000,8360000,40080.0,Salud,Salud y Servicios Sociales,Medicina,Odontología,Salud y Bienestar,Salud,ACREDITADA,ACREDITADA,19/11/2019 - 19/11/2023,4.0,250000,0,1
2021,376326,I71S1C152J2V1,22361176.0,2,199607,20 a 24 años,2016,1,2016,1,Universidades,Universidades CRUCH,Universidades Estatales CRUCH,71,UNIVERSIDAD DE SANTIAGO DE CHILE,1,CASA CENTRAL (SANTIAGO),152,CONTADOR PUBLICO Y AUDITOR,Presencial,Vespertina,1,Plan Regular,10,2,10,Metropolitana,SANTIAGO,ESTACION CENTRAL,Pregrado,Profesional Con Licenciatura,Carreras Profesionales,Educación Media,VIGENTE CON ALUMNOS NUEVOS,,160000,4070000,16038.0,Administración y Comercio,"Ciencias Sociales, Enseñanza Comercial y Derecho",Enseñanza Comercial y Administración,Contador Auditor,Administración de Empresas y Derecho,Educación Comercial y Administración,NO ACREDITADA,ACREDITADA,25/02/2021 - 25/02/2028,7.0,114000,114000,1
2022,509730,I75S1C21J1V2,272388.0,1,199906,20 a 24 años,2017,1,2017,1,Universidades,Universidades CRUCH,Universidades Estatales CRUCH,75,UNIVERSIDAD DEL BIO-BIO,1,CASA CENTRAL (CONCEPCION),21,INGENIERIA EN CONSTRUCCION,Presencial,Diurna,2,Plan Regular,10,1,10,Biobío,CONCEPCION,CONCEPCION,Pregrado,Profesional Con Licenciatura,Carreras Profesionales,Educación Media,VIGENTE CON ALUMNOS NUEVOS,Monto en Pesos,110000,3450000,29005.0,Tecnología,"Ingeniería, Industria y Construcción",Arquitectura y Construcción,Ingeniería en Construcción,"Ingeniería, Industria y Construcción",Arquitectura y Construcción,NO ACREDITADA,ACREDITADA,28/08/2019 - 28/08/2024,5.0,25000,25000,1
2022,678132,I84S1C406J1V1,4027520.0,2,200103,20 a 24 años,2019,1,2019,1,Universidades,Universidades CRUCH,Universidades Estatales CRUCH,84,UNIVERSIDAD DE LOS LAGOS,1,CASA CENTRAL (OSORNO),406,PSICOLOGIA,Presencial,Diurna,1,Plan Regular,10,0,10,Los Lagos,OSORNO,OSORNO,Pregrado,Profesional Con Licenciatura,Carreras Profesionales,Educación Media,VIGENTE CON ALUMNOS NUEVOS,Monto en Pesos,145000,3972000,32162.0,Ciencias Sociales,"Ciencias Sociales, Enseñanza Comercial y Derecho",Ciencias Sociales y del Comportamiento,Psicología,"Ciencias Sociales, Periodismo e Información",Ciencias Sociales y del Comportamiento,NO ACREDITADA,ACREDITADA,09/09/2021 - 09/09/2026,5.0,243000,86000,1
2022,400245,I84S1C320J1V1,15089664.0,1,199804,20 a 24 años,2016,1,2016,1,Universidades,Universidades CRUCH,Universidades Estatales CRUCH,84,UNIVERSIDAD DE LOS LAGOS,1,CASA CENTRAL (OSORNO),320,KINESIOLOGIA,Presencial,Diurna,1,Plan Regular,10,0,10,Los Lagos,OSORNO,OSORNO,Pregrado,Profesional Con Licenciatura,Carreras Profesionales,Educación Media,VIGENTE CON ALUMNOS NUEVOS,Monto en Pesos,145000,3972000,32028.0,Salud,Salud y Servicios Sociales,Medicina,Kinesiología,Salud y Bienestar,Salud,NO ACREDITADA,ACREDITADA,09/09/2021 - 09/09/2026,5.0,243000,86000,1
2022,835263,I91S1C28J1V2,6367098.0,1,200112,20 a 24 años,2020,1,2020,1,Universidades,Universidades CRUCH,Universidades Privadas CRUCH,91,UNIVERSIDAD CATOLICA DEL NORTE,1,CASA CENTRAL,28,INGENIERIA CIVIL,Presencial,Diurna,2,Plan Regular,10,1,10,Antofagasta,ANTOFAGASTA,ANTOFAGASTA,Pregrado,Profesional Con Licenciatura,Carreras Profesionales,Educación Media,VIGENTE CON ALUMNOS NUEVOS,Monto en Pesos,150800,4521996,18067.0,Tecnología,"Ingeniería, Industria y Construcción",Ingeniería y Profesiones Afines,"Ingeniería Civil, plan común y licenciatura en Ciencias de la Ingeniería","Ingeniería, Industria y Construcción",Ingeniería y Profesiones Afines,NO ACREDITADA,ACREDITADA,25/11/2016 - 25/11/2022,6.0,189040,47790,1
2021,642523,I91S1C31J1V2,24411846.0,1,199512,25 a 29 años,2019,1,2019,1,Universidades,Universidades CRUCH,Universidades Privadas CRUCH,91,UNIVERSIDAD CATOLICA DEL NORTE,1,CASA CENTRAL,31,INGENIERIA CIVIL METALURGICA,Presencial,Diurna,2,Plan Regular,10,1,10,Antofagasta,ANTOFAGASTA,ANTOFAGASTA,Pregrado,Profesional Con Licenciatura,Carreras Profesionales,Educación Media,VIGENTE CON ALUMNOS NUEVOS,,142000,4361000,18069.0,Tecnología,"Ingeniería, Industria y Construcción",Ingeniería y Profesiones Afines,Ingeniería Civil Metalúrgica,"Ingeniería, Industria y Construcción",Ingeniería y Profesiones Afines,NO ACREDITADA,ACREDITADA,25/11/2016 - 25/11/2022,6.0,178000,45000,1
2022,352827,I87S1C6J1V1,7874426.0,1,199706,25 a 29 años,2018,1,2018,1,Universidades,Universidades CRUCH,Universidades Privadas CRUCH,87,UNIVERSIDAD DE CONCEPCION,1,CASA CENTRAL,6,BIOLOGIA,Presencial,Diurna,1,Plan Regular,10,0,10,Biobío,CONCEPCION,CONCEPCION,Pregrado,Profesional Con Licenciatura,Carreras Profesionales,Educación Media,VIGENTE CON ALUMNOS NUEVOS,Monto en Pesos,130000,4559356,13014.0,Ciencias Básicas,Ciencias,Ciencias de la Vida,Biología,"Ciencias naturales, matemáticas y estadística",Ciencias Biológicas y Afines,ACREDITADA,ACREDITADA,11/11/2016 - 11/11/2023,7.0,24500,10000,1
2022,429476,I87S1C105J1V1,9305852.0,2,199804,20 a 24 años,2017,1,2017,1,Universidades,Universidades CRUCH,Universidades Privadas CRUCH,87,UNIVERSIDAD DE CONCEPCION,1,CASA CENTRAL,105,OBSTETRICIA Y PUERICULTURA,Presencial,Diurna,1,Plan Regular,10,0,10,Biobío,CONCEPCION,CONCEPCION,Pregrado,Profesional Con Licenciatura,Carreras Profesionales,Educación Media,VIGENTE CON ALUMNOS NUEVOS,Monto en Pesos,130000,4667528,13088.0,Salud,Salud y Servicios Sociales,Medicina,Obstetricia y Puericultura,Salud y Bienestar,Salud,NO ACREDITADA,ACREDITADA,11/11/2016 - 11/11/2023,7.0,24500,10000,1
2022,626516,I94S1C171J1V1,9129634.0,2,200006,20 a 24 años,2018,1,2018,1,Universidades,Universidades CRUCH,Universidades Privadas CRUCH,94,UNIVERSIDAD CATOLICA DE TEMUCO,1,CASA CENTRAL (TEMUCO),171,FONOAUDIOLOGIA,Presencial,Diurna,1,Plan Regular,10,0,10,La Araucanía,CAUTIN,TEMUCO,Pregrado,Profesional Con Licenciatura,Carreras Profesionales,Educación Media,VIGENTE CON ALUMNOS NUEVOS,Monto en Pesos,174000,3631000,37065.0,Salud,Salud y Servicios Sociales,Medicina,Fonoaudiología,Salud y Bienestar,Salud,NO ACREDITADA,ACREDITADA,16/07/2019 - 16/07/2024,5.0,107763,0,1
2022,912243,I93S1C32J1V1,4801189.0,2,200302,15 a 19 años,2022,1,2022,1,Universidades,Universidades CRUCH,Universidades Privadas CRUCH,93,UNIVERSIDAD CATOLICA DE LA SANTISIMA CONCEPCION,1,CASA CENTRAL (CONCEPCION),32,PEDAGOGIA EN EDUCACION MEDIA EN LENGUAJE Y COMUNICACION,Presencial,Diurna,1,Plan Regular,10,1,10,Biobío,CONCEPCION,CONCEPCION,Pregrado,Profesional Con Licenciatura,Carreras Profesionales,Educación Media,VIGENTE CON ALUMNOS NUEVOS,Monto en Pesos,100000,2850000,36053.0,Educación,Educación,Formación de Personal Docente y Ciencias de la Educación,"Pedagogía en Lenguaje, Comunicación y/o Castellano",Educación,Educación,ACREDITADA,ACREDITADA,03/03/2021 - 03/03/2026,5.0,108000,0,1
2022,821199,I19S1C1J1V1,14763017.0,2,200110,20 a 24 años,2021,1,2021,1,Universidades,Universidades Privadas,Universidades Privadas,19,UNIVERSIDAD DE LAS AMERICAS,1,CAMPUS PROVIDENCIA,1,AGRONOMIA,Presencial,Diurna,1,Plan Regular,10,0,10,Metropolitana,SANTIAGO,PROVIDENCIA,Pregrado,Profesional Con Licenciatura,Carreras Profesionales,Educación Media,VIGENTE CON ALUMNOS NUEVOS,Monto en Pesos,180000,4429000,56102.0,Agropecuaria,Agricultura,"Agricultura, Silvicultura y Pesca",Agronomía,"Agricultura, Silvicultura, Pesca y Veterinaria",Agricultura,NO ACREDITADA,ACREDITADA,17/03/2019 - 17/03/2023,4.0,146473,0,1
2021,357977,I70S1C54J1V1,24699806.0,1,199808,20 a 24 años,2017,1,2020,1,Universidades,Universidades CRUCH,Universidades Estatales CRUCH,70,UNIVERSIDAD DE CHILE,1,SANTIAGO,54,INGENIERIA CIVIL INDUSTRIAL,Presencial,Diurna,1,Plan Regular de Continuidad,12,0,12,Metropolitana,SANTIAGO,SANTIAGO,Pregrado,Profesional Con Licenciatura,Carreras Profesionales,Plan Común,VIGENTE SIN ALUMNOS NUEVOS,,149000,5995000,11049.0,Tecnología,"Ingeniería, Industria y Construcción",Ingeniería y Profesiones Afines,Ingeniería Civil Industrial,"Ingeniería, Industria y Construcción",Ingeniería y Profesiones Afines,ACREDITADA,ACREDITADA,22/12/2018 - 22/12/2025,7.0,0,75000,2
2021,295393,I45S4C17J1V2,24355908.0,2,199710,20 a 24 años,2017,1,2018,1,Universidades,Universidades Privadas,Universidades Privadas,45,UNIVERSIDAD DEL DESARROLLO,4,SEDE SANTIAGO (S.C. APOQUINDO),17,PSICOLOGIA,Presencial,Diurna,2,Plan Regular,10,0,10,Metropolitana,SANTIAGO,LAS CONDES,Pregrado,Profesional Con Licenciatura,Carreras Profesionales,Educación Media,VIGENTE CON ALUMNOS NUEVOS,,727125,6980400,44023.0,Ciencias Sociales,"Ciencias Sociales, Enseñanza Comercial y Derecho",Ciencias Sociales y del Comportamiento,Psicología,"Ciencias Sociales, Periodismo e Información",Ciencias Sociales y del Comportamiento,ACREDITADA,ACREDITADA,15/12/2016 - 15/12/2021,5.0,0,20000,2
2022,630407,I10S6C23J1V1,9946409.0,2,200003,20 a 24 años,2021,1,2022,1,Universidades,Universidades Privadas,Universidades Privadas,10,UNIVERSIDAD MAYOR,6,SEDE HUECHURABA,23,ENFERMERIA,Presencial,Diurna,1,Plan Regular,10,0,10,Metropolitana,SANTIAGO,HUECHURABA,Pregrado,Profesional Con Licenciatura,Carreras Profesionales,Educación Media,VIGENTE CON ALUMNOS NUEVOS,Monto en Pesos,495000,5579840,39109.0,Salud,Salud y Servicios Sociales,Medicina,Enfermería,Salud y Bienestar,Salud,NO ACREDITADA,ACREDITADA,27/10/2021 - 27/10/2026,5.0,0,193000,3
2022,215541,I13S16C9J1V1,5214616.0,2,199302,25 a 29 años,2017,1,2017,1,Universidades,Universidades Privadas,Universidades Privadas,13,UNIVERSIDAD SANTO TOMAS,16,SEDE CONCEPCION,9,DERECHO,Presencial,Diurna,1,Plan Regular,10,1,11,Biobío,CONCEPCION,CONCEPCION,Pregrado,Profesional Con Licenciatura,Carreras Profesionales,Educación Media,VIGENTE CON ALUMNOS NUEVOS,Monto en Pesos,143000,3888000,55092.0,Derecho,"Ciencias Sociales, Enseñanza Comercial y Derecho",Derecho,Derecho,Administración de Empresas y Derecho,Derecho,NO ACREDITADA,ACREDITADA,31/03/2021 - 31/03/2025,4.0,0,50000,1
2022,380390,I39S6C18J1V1,4411119.0,1,199704,25 a 29 años,2016,1,2016,1,Universidades,Universidades Privadas,Universidades Privadas,39,UNIVERSIDAD SAN SEBASTIAN,6,SEDE SANTIAGO,18,ODONTOLOGIA,Presencial,Diurna,1,Plan Regular,12,1,12,Metropolitana,SANTIAGO,SANTIAGO,Pregrado,Profesional Con Licenciatura,Carreras Profesionales,Educación Media,VIGENTE CON ALUMNOS NUEVOS,Monto en Pesos,534300,8270600,50810.0,Salud,Salud y Servicios Sociales,Medicina,Odontología,Salud y Bienestar,Salud,ACREDITADA,ACREDITADA,28/10/2021 - 28/10/2026,5.0,0,126000,1
2021,293458,I45S2C4J1V1,24613131.0,1,200102,20 a 24 años,2020,1,2020,1,Universidades,Universidades Privadas,Universidades Privadas,45,UNIVERSIDAD DEL DESARROLLO,2,SEDE SANTIAGO (LAS CONDES),4,DERECHO,Presencial,Diurna,1,Plan Regular,10,2,12,Metropolitana,SANTIAGO,LAS CONDES,Pregrado,Profesional Con Licenciatura,Carreras Profesionales,Educación Media,VIGENTE CON ALUMNOS NUEVOS,,727125,6747720,44006.0,Derecho,"Ciencias Sociales, Enseñanza Comercial y Derecho",Derecho,Derecho,Administración de Empresas y Derecho,Derecho,NO ACREDITADA,ACREDITADA,15/12/2016 - 15/12/2021,5.0,0,20000,1
2022,328363,I45S2C32J1V1,11902137.0,2,199604,25 a 29 años,2016,1,2016,1,Universidades,Universidades Privadas,Universidades Privadas,45,UNIVERSIDAD DEL DESARROLLO,2,SEDE SANTIAGO (LAS CONDES),32,MEDICINA,Presencial,Diurna,1,Plan Regular,14,0,14,Metropolitana,SANTIAGO,LAS CONDES,Pregrado,Profesional Con Licenciatura,Carreras Profesionales,Educación Media,VIGENTE CON ALUMNOS NUEVOS,Monto en UF,40,314,44019.0,Salud,Salud y Servicios Sociales,Medicina,Medicina,Salud y Bienestar,Salud,ACREDITADA,ACREDITADA,16/12/2021 - 16/12/2027,6.0,0,1,1
2022,636601,I86S5C131J1V2,12743237.0,1,200006,20 a 24 años,2018,1,2018,1,Universidades,Universidades CRUCH,Universidades Privadas CRUCH,86,PONTIFICIA UNIVERSIDAD CATOLICA DE CHILE,5,CAMPUS SAN JOAQUIN,131,INGENIERIA CIVIL,Presencial,Diurna,2,Plan Regular,11,0,11,Metropolitana,SANTIAGO,MACUL,Pregrado,Profesional Con Licenciatura,Carreras Profesionales,Educación Media,VIGENTE CON ALUMNOS NUEVOS,Monto en Pesos,147000,7526000,12039.0,Tecnología,"Ingeniería, Industria y Construcción",Ingeniería y Profesiones Afines,"Ingeniería Civil, plan común y licenciatura en Ciencias de la Ingeniería","Ingeniería, Industria y Construcción",Ingeniería y Profesiones Afines,NO ACREDITADA,ACREDITADA,01/12/2018 - 01/12/2025,7.0,0,0,1
2021,504165,I83S1C56J2V1,22627032.0,2,199609,20 a 24 años,2017,1,2017,1,Universidades,Universidades CRUCH,Universidades Estatales CRUCH,83,UNIVERSIDAD DE PLAYA ANCHA DE CIENCIAS DE LA EDUCACION,1,CASA CENTRAL (VALPARAISO),56,PEDAGOGIA EN INGLES,Presencial,Vespertina,1,Plan Regular,9,1,9,Valparaíso,VALPARAISO,VALPARAISO,Pregrado,Profesional Con Licenciatura,Carreras Profesionales,Educación Media,VIGENTE SIN ALUMNOS NUEVOS,,152000,2593000,26042.0,Educación,Educación,Formación de Personal Docente y Ciencias de la Educación,Pedagogía en Idiomas,Educación,Educación,ACREDITADA,ACREDITADA,27/09/2016 - 27/09/2021,5.0,0,180800,1
2021,476336,I80S1C27J1V1,24954298.0,1,199901,20 a 24 años,2017,1,2017,1,Universidades,Universidades CRUCH,Universidades Estatales CRUCH,80,UNIVERSIDAD DE TARAPACA,1,CASA CENTRAL (ARICA),27,PSICOLOGIA,Presencial,Diurna,1,Plan Regular,11,2,11,Arica y Parinacota,ARICA,ARICA,Pregrado,Profesional Con Licenciatura,Carreras Profesionales,Educación Media,VIGENTE SIN ALUMNOS NUEVOS,,155000,3559000,22020.0,Ciencias Sociales,"Ciencias Sociales, Enseñanza Comercial y Derecho",Ciencias Sociales y del Comportamiento,Psicología,"Ciencias Sociales, Periodismo e Información",Ciencias Sociales y del Comportamiento,NO ACREDITADA,ACREDITADA,22/11/2017 - 22/11/2022,5.0,0,135000,1
2022,844061,I74S1C164J1V1,11815030.0,2,200201,20 a 24 años,2020,1,2020,1,Universidades,Universidades CRUCH,Universidades Estatales CRUCH,74,UNIVERSIDAD DE LA SERENA,1,LA SERENA,164,ODONTOLOGIA,Presencial,Diurna,1,Plan Regular,12,0,12,Coquimbo,ELQUI,LA SERENA,Pregrado,Profesional Con Licenciatura,Carreras Profesionales,Educación Media,VIGENTE CON ALUMNOS NUEVOS,Monto en Pesos,179500,5830000,25036.0,Salud,Salud y Servicios Sociales,Medicina,Odontología,Salud y Bienestar,Salud,ACREDITADA,ACREDITADA,03/11/2021 - 03/11/2026,5.0,0,197700,1
2022,1040583,I74S1C222J1V1,13257146.0,1,200401,15 a 19 años,2022,1,2022,1,Universidades,Universidades CRUCH,Universidades Estatales CRUCH,74,UNIVERSIDAD DE LA SERENA,1,LA SERENA,222,INGENIERIA MECANICA,Presencial,Diurna,1,Plan Regular,8,0,8,Coquimbo,ELQUI,LA SERENA,Pregrado,Profesional Con Licenciatura,Carreras Profesionales,Educación Media,VIGENTE CON ALUMNOS NUEVOS,Monto en Pesos,179500,3371000,25016.0,Tecnología,"Ingeniería, Industria y Construcción",Ingeniería y Profesiones Afines,Ingeniería Mecánica,"Ingeniería, Industria y Construcción",Ingeniería y Profesiones Afines,NO ACREDITADA,ACREDITADA,03/11/2021 - 03/11/2026,5.0,0,197700,1
2021,72485,I13S11C1J1V1,23238291.0,1,199809,20 a 24 años,2021,1,2021,1,Universidades,Universidades Privadas,Universidades Privadas,13,UNIVERSIDAD SANTO TOMAS,11,SEDE PUERTO MONTT,1,MEDICINA VETERINARIA,Presencial,Diurna,1,Plan Regular,10,0,10,Los Lagos,LLANQUIHUE,PUERTO MONTT,Pregrado,Profesional Con Licenciatura,Carreras Profesionales,Educación Media,VIGENTE CON ALUMNOS NUEVOS,,134000,3820000,55040.0,Agropecuaria,Agricultura,Veterinaria,Medicina Veterinaria,"Agricultura, Silvicultura, Pesca y Veterinaria",Veterinaria,NO ACREDITADA,ACREDITADA,31/03/2021 - 31/03/2025,4.0,0,110000,1
2022,758844,I13S5C2J1V1,1585831.0,1,200103,20 a 24 años,2019,1,2019,1,Universidades,Universidades Privadas,Universidades Privadas,13,UNIVERSIDAD SANTO TOMAS,5,SEDE LA SERENA,2,INGENIERIA COMERCIAL,Presencial,Diurna,1,Plan Regular,10,0,10,Coquimbo,ELQUI,LA SERENA,Pregrado,Profesional Con Licenciatura,Carreras Profesionales,Educación Media,VIGENTE CON ALUMNOS NUEVOS,Monto en Pesos,143000,3574000,55029.0,Administración y Comercio,"Ciencias Sociales, Enseñanza Comercial y Derecho",Enseñanza Comercial y Administración,Ingeniería Comercial,Administración de Empresas y Derecho,Educación Comercial y Administración,NO ACREDITADA,ACREDITADA,31/03/2021 - 31/03/2025,4.0,0,110000,1
2022,1131369,I10S6C25J1V1,6524959.0,1,199808,20 a 24 años,2019,1,2019,1,Universidades,Universidades Privadas,Universidades Privadas,10,UNIVERSIDAD MAYOR,6,SEDE HUECHURABA,25,NUTRICION Y DIETETICA,Presencial,Diurna,1,Plan Regular,10,0,10,Metropolitana,SANTIAGO,HUECHURABA,Pregrado,Profesional Con Licenciatura,Carreras Profesionales,Educación Media,VIGENTE CON ALUMNOS NUEVOS,Monto en Pesos,495000,5423800,39120.0,Salud,Salud y Servicios Sociales,Medicina,Nutrición y Dietética,Salud y Bienestar,Salud,ACREDITADA,ACREDITADA,27/10/2021 - 27/10/2026,5.0,0,193000,1
2022,503785,I10S6C24J1V1,14503119.0,2,200008,20 a 24 años,2021,1,2021,1,Universidades,Universidades Privadas,Universidades Privadas,10,UNIVERSIDAD MAYOR,6,SEDE HUECHURABA,24,KINESIOLOGIA,Presencial,Diurna,1,Plan Regular,10,1,10,Metropolitana,SANTIAGO,HUECHURABA,Pregrado,Profesional Con Licenciatura,Carreras Profesionales,Educación Media,VIGENTE CON ALUMNOS NUEVOS,Monto en Pesos,495000,5579840,39117.0,Salud,Salud y Servicios Sociales,Medicina,Kinesiología,Salud y Bienestar,Salud,ACREDITADA,ACREDITADA,27/10/2021 - 27/10/2026,5.0,0,193000,1
2022,409669,I86S5C28J1V1,9908297.0,1,199801,20 a 24 años,2016,1,2016,1,Universidades,Universidades CRUCH,Universidades Privadas CRUCH,86,PONTIFICIA UNIVERSIDAD CATOLICA DE CHILE,5,CAMPUS SAN JOAQUIN,28,CONSTRUCCION CIVIL,Presencial,Diurna,1,Plan Regular,10,0,10,Metropolitana,SANTIAGO,MACUL,Pregrado,Profesional Con Licenciatura,Carreras Profesionales,Educación Media,VIGENTE CON ALUMNOS NUEVOS,Monto en Pesos,147000,5980000,12038.0,Tecnología,"Ingeniería, Industria y Construcción",Arquitectura y Construcción,Construcción Civil,"Ingeniería, Industria y Construcción",Arquitectura y Construcción,ACREDITADA,ACREDITADA,01/12/2018 - 01/12/2025,7.0,0,0,1
2022,474061,I78S1C338J1V1,7734700.0,2,199902,20 a 24 años,2018,1,2018,1,Universidades,Universidades CRUCH,Universidades Estatales CRUCH,78,UNIVERSIDAD DE TALCA,1,CASA CENTRAL (TALCA),338,OBSTETRICIA Y PUERICULTURA,Presencial,Diurna,1,Plan Regular,10,2,10,Maule,TALCA,TALCA,Pregrado,Profesional Con Licenciatura,Carreras Profesionales,Educación Media,VIGENTE CON ALUMNOS NUEVOS,Monto en Pesos,198000,3563000,34021.0,Salud,Salud y Servicios Sociales,Medicina,Obstetricia y Puericultura,Salud y Bienestar,Salud,NO ACREDITADA,ACREDITADA,27/11/2019 - 27/11/2025,6.0,0,191800,1
2021,605193,I89S1C10J1V1,20790790.0,2,199608,20 a 24 años,2016,1,2016,1,Universidades,Universidades CRUCH,Universidades Privadas CRUCH,89,PONTIFICIA UNIVERSIDAD CATOLICA DE VALPARAISO,1,CASA CENTRAL,10,CONTADOR AUDITOR,Presencial,Diurna,1,Plan Regular,10,0,10,Valparaíso,VALPARAISO,VALPARAISO,Pregrado,Profesional Con Licenciatura,Carreras Profesionales,Educación Media,VIGENTE CON ALUMNOS NUEVOS,,208000,3525000,14006.0,Administración y Comercio,"Ciencias Sociales, Enseñanza Comercial y Derecho",Enseñanza Comercial y Administración,Contador Auditor,Administración de Empresas y Derecho,Educación Comercial y Administración,ACREDITADA,ACREDITADA,26/11/2015 - 26/11/2021,6.0,0,73000,1
2021,614727,I89S1C38J1V1,24818982.0,2,200001,20 a 24 años,2019,1,2019,1,Universidades,Universidades CRUCH,Universidades Privadas CRUCH,89,PONTIFICIA UNIVERSIDAD CATOLICA DE VALPARAISO,1,CASA CENTRAL,38,INGENIERIA COMERCIAL,Presencial,Diurna,1,Plan Regular,10,0,10,Valparaíso,VALPARAISO,VALPARAISO,Pregrado,Profesional Con Licenciatura,Carreras Profesionales,Educación Media,VIGENTE CON ALUMNOS NUEVOS,,208000,4727000,14005.0,Administración y Comercio,"Ciencias Sociales, Enseñanza Comercial y Derecho",Enseñanza Comercial y Administración,Ingeniería Comercial,Administración de Empresas y Derecho,Educación Comercial y Administración,ACREDITADA,ACREDITADA,26/11/2015 - 26/11/2021,6.0,0,73000,1
2022,746976,I72S1C4J1V1,3503985.0,2,200102,20 a 24 años,2019,1,2019,1,Universidades,Universidades CRUCH,Universidades Estatales CRUCH,72,UNIVERSIDAD DE VALPARAISO,1,CASA CENTRAL (VALPARAISO),4,DERECHO,Presencial,Diurna,1,Plan Regular,10,2,10,Valparaíso,VALPARAISO,VALPARAISO,Pregrado,Profesional Con Licenciatura,Carreras Profesionales,Educación Media,VIGENTE CON ALUMNOS NUEVOS,Monto en Pesos,176000,3678000,19030.0,Derecho,"Ciencias Sociales, Enseñanza Comercial y Derecho",Derecho,Derecho,Administración de Empresas y Derecho,Derecho,ACREDITADA,ACREDITADA,25/10/2017 - 25/10/2022,5.0,0,133000,1
2022,621134,I20S1C486J1V2,7428318.0,1,200009,20 a 24 años,2020,1,2020,1,Universidades,Universidades Privadas,Universidades Privadas,20,UNIVERSIDAD ANDRES BELLO,1,CASA CENTRAL (SANTIAGO),486,BIOLOGIA,Presencial,Diurna,2,Plan Regular,10,0,10,Metropolitana,SANTIAGO,SANTIAGO,Pregrado,Profesional Con Licenciatura,Carreras Profesionales,Educación Media,VIGENTE CON ALUMNOS NUEVOS,Monto en Pesos,483000,4557000,41007.0,Ciencias Básicas,Ciencias,Ciencias de la Vida,Biología,"Ciencias naturales, matemáticas y estadística",Ciencias Biológicas y Afines,NO ACREDITADA,ACREDITADA,24/12/2017 - 24/12/2022,5.0,0,61552,1
2022,593257,I86S1C66J1V1,11975500.0,2,199910,20 a 24 años,2018,1,2018,1,Universidades,Universidades CRUCH,Universidades Privadas CRUCH,86,PONTIFICIA UNIVERSIDAD CATOLICA DE CHILE,1,CASA CENTRAL,66,BIOLOGIA,Presencial,Diurna,1,Plan Regular,10,0,10,Metropolitana,SANTIAGO,SANTIAGO,Pregrado,Profesional Con Licenciatura,Carreras Profesionales,Educación Media,VIGENTE CON ALUMNOS NUEVOS,Monto en Pesos,147000,4188000,12011.0,Ciencias Básicas,Ciencias,Ciencias de la Vida,Biología,"Ciencias naturales, matemáticas y estadística",Ciencias Biológicas y Afines,NO ACREDITADA,ACREDITADA,01/12/2018 - 01/12/2025,7.0,0,0,1
2022,1221659,I34S1C500J3V1,17632239.0,2,198407,35 a 39 años,2022,1,2022,1,Universidades,Universidades CRUCH,Universidades Privadas CRUCH,34,UNIVERSIDAD DE LOS ANDES,1,CASA CENTRAL (SANTIAGO),500,DIPLOMADO MARKETING DIGITAL & E-COMMERCE,Semipresencial,Semipresencial,1,Plan Regular,1,0,1,Metropolitana,SANTIAGO,LAS CONDES,Postítulo,Diplomado (desde un semestre),Postítulo,Técnico de Nivel Superior,VIGENTE CON ALUMNOS NUEVOS,Monto en UF,0,82,0.0,Administración y Comercio,"Ciencias Sociales, Enseñanza Comercial y Derecho",Enseñanza Comercial y Administración,Postítulo en Administración y Comercio,Administración de Empresas y Derecho,Educación Comercial y Administración,NO ACREDITADA,ACREDITADA,13/12/2017 - 13/12/2022,5.0,0,0,1
2022,1231999,I10S6C717J4V1,19148367.0,2,199604,25 a 29 años,2021,1,2021,1,Universidades,Universidades Privadas,Universidades Privadas,10,UNIVERSIDAD MAYOR,6,SEDE HUECHURABA,717,DIPLOMADO EN ENFERMERIA ONCOLOGICA DEL ADULTO,No Presencial,A Distancia,1,Plan Regular,2,0,2,Metropolitana,SANTIAGO,HUECHURABA,Postítulo,Diplomado (desde un semestre),Postítulo,Licenciatura,VIGENTE CON ALUMNOS NUEVOS,Monto en Pesos,160500,1785000,0.0,Salud,Salud y Servicios Sociales,Medicina,Postítulo en Salud,Salud y Bienestar,Salud,NO ACREDITADA,ACREDITADA,27/10/2021 - 27/10/2026,5.0,0,0,1
2022,1217336,I26S1C237J4V1,22170744.0,1,199104,30 a 34 años,2021,2,2021,2,Universidades,Universidades Privadas,Universidades Privadas,26,"UNIVERSIDAD DE ARTES, CIENCIAS Y COMUNICACION - UNIACC",1,CASA CENTRAL (SANTIAGO),237,POSTITULO EN AGILIDAD ORGANIZACIONAL,No Presencial,A Distancia,1,Plan Regular,2,0,2,Metropolitana,SANTIAGO,PROVIDENCIA,Postítulo,Postítulo,Postítulo,Educación Media,VIGENTE CON ALUMNOS NUEVOS,Monto en Pesos,100000,1300000,0.0,Administración y Comercio,"Ciencias Sociales, Enseñanza Comercial y Derecho",Enseñanza Comercial y Administración,Postítulo en Administración y Comercio,Administración de Empresas y Derecho,Educación Comercial y Administración,NO ACREDITADA,ACREDITADA,08/01/2020 - 08/01/2023,3.0,0,0,1
2023,1308931,I34S1C394J1V1,5151151.0,1,198008,40 y más años,2022,1,2022,1,Universidades,Universidades CRUCH,Universidades Privadas CRUCH,34,UNIVERSIDAD DE LOS ANDES,1,CASA CENTRAL (SANTIAGO),394,MAGISTER EN DIRECCION Y GESTION ESCOLAR,Presencial,Diurna,1,Plan Regular,4,0,4,Metropolitana,SANTIAGO,LAS CONDES,Postgrado,Magister,Magister,Título Profesional,VIGENTE CON ALUMNOS NUEVOS,Monto en UF,15,735,0.0,Administración y Comercio,"Ciencias Sociales, Enseñanza Comercial y Derecho",Enseñanza Comercial y Administración,Magister en Administración y Comercio,Administración de Empresas y Derecho,Educación Comercial y Administración,NO ACREDITADA,ACREDITADA,14/12/2022 - 14/12/2028,6.0,0,0,1
2022,718149,I430S15C170J1V2,24853244.0,2,200011,20 a 24 años,2022,1,2022,1,Centros de Formación Técnica,Centros de Formación Técnica,Centros de Formación Técnica,430,CFT INACAP,15,SEDE SANTIAGO CENTRO,170,TECNICO EN ODONTOLOGIA,Presencial,Diurna,2,Plan Regular,5,0,5,Metropolitana,SANTIAGO,SANTIAGO,Pregrado,Técnico de Nivel Superior,Carreras Técnicas,Educación Media,VIGENTE CON ALUMNOS NUEVOS,Monto en Pesos,272000,2064000,0.0,Salud,Salud y Servicios Sociales,Medicina,Técnico Dental y Asistente de Odontología,Salud y Bienestar,Salud,NO ACREDITADA,ACREDITADA,05/01/2018 - 05/01/2025,7.0,0,0,1
2022,1261505,I20S1C650J4V1,24183288.0,1,197809,40 y más años,2021,1,2021,1,Universidades,Universidades Privadas,Universidades Privadas,20,UNIVERSIDAD ANDRES BELLO,1,CASA CENTRAL (SANTIAGO),650,MAGISTER EN DIRECCION DE EMPRESAS MBA,No Presencial,A Distancia,1,Plan Regular,3,0,3,Metropolitana,SANTIAGO,SANTIAGO,Postgrado,Magister,Magister,Título Profesional,VIGENTE CON ALUMNOS NUEVOS,Monto en Pesos,370000,9910000,0.0,Administración y Comercio,"Ciencias Sociales, Enseñanza Comercial y Derecho",Enseñanza Comercial y Administración,Magister en Administración y Comercio,Administración de Empresas y Derecho,Educación Comercial y Administración,NO ACREDITADA,ACREDITADA,24/12/2017 - 24/12/2022,5.0,0,0,1
2022,1090480,I111S5C492J3V1,26306326.0,2,199809,20 a 24 años,2021,1,2021,1,Institutos Profesionales,Institutos Profesionales,Institutos Profesionales,111,IP DUOC UC,5,SEDE ANTONIO VARAS,492,TECNICO EN MARKETING,Semipresencial,Semipresencial,1,Plan Regular,5,1,5,Metropolitana,SANTIAGO,PROVIDENCIA,Pregrado,Técnico de Nivel Superior,Carreras Técnicas,Educación Media,VIGENTE CON ALUMNOS NUEVOS,Monto en Pesos,204000,2160000,0.0,Administración y Comercio,"Ciencias Sociales, Enseñanza Comercial y Derecho",Enseñanza Comercial y Administración,Técnico en Administración en Marketing,Administración de Empresas y Derecho,Educación Comercial y Administración,NO ACREDITADA,ACREDITADA,26/08/2017 - 26/08/2024,7.0,0,0,1
2022,1099591,I111S7C104J2V2,17918391.0,2,198212,35 a 39 años,2019,1,2019,1,Institutos Profesionales,Institutos Profesionales,Institutos Profesionales,111,IP DUOC UC,7,SEDE ALAMEDA,104,INGENIERIA EN CONSTRUCCION,Presencial,Vespertina,2,Plan Regular,8,1,8,Metropolitana,SANTIAGO,SANTIAGO,Pregrado,Profesional Sin Licenciatura,Carreras Profesionales,Educación Media,VIGENTE CON ALUMNOS NUEVOS,Monto en Pesos,268000,2670000,0.0,Tecnología,"Ingeniería, Industria y Construcción",Arquitectura y Construcción,Ingeniería en Construcción,"Ingeniería, Industria y Construcción",Arquitectura y Construcción,NO ACREDITADA,ACREDITADA,26/08/2017 - 26/08/2024,7.0,0,0,1
2022,428949,I111S7C104J1V2,21093152.0,1,199805,20 a 24 años,2019,1,2019,1,Institutos Profesionales,Institutos Profesionales,Institutos Profesionales,111,IP DUOC UC,7,SEDE ALAMEDA,104,INGENIERIA EN CONSTRUCCION,Presencial,Diurna,2,Plan Regular,8,1,8,Metropolitana,SANTIAGO,SANTIAGO,Pregrado,Profesional Sin Licenciatura,Carreras Profesionales,Educación Media,VIGENTE CON ALUMNOS NUEVOS,Monto en Pesos,268000,2670000,0.0,Tecnología,"Ingeniería, Industria y Construcción",Arquitectura y Construcción,Ingeniería en Construcción,"Ingeniería, Industria y Construcción",Arquitectura y Construcción,NO ACREDITADA,ACREDITADA,26/08/2017 - 26/08/2024,7.0,0,0,1
2022,113941,I111S15C22J2V1,22612664.0,1,198707,30 a 34 años,2021,1,2021,1,Institutos Profesionales,Institutos Profesionales,Institutos Profesionales,111,IP DUOC UC,15,SEDE MAIPU,22,INGENIERIA EN MECANICA AUTOMOTRIZ Y AUTOTRONICA,Presencial,Vespertina,1,Plan Regular,8,1,8,Metropolitana,SANTIAGO,MAIPU,Pregrado,Profesional Sin Licenciatura,Carreras Profesionales,Educación Media,VIGENTE CON ALUMNOS NUEVOS,Monto en Pesos,268000,2550000,0.0,Tecnología,"Ingeniería, Industria y Construcción",Ingeniería y Profesiones Afines,Ingeniería en Mecánica Automotriz,"Ingeniería, Industria y Construcción",Ingeniería y Profesiones Afines,NO ACREDITADA,ACREDITADA,26/08/2017 - 26/08/2024,7.0,0,0,1
2022,1181219,I111S16C363J1V1,24104198.0,1,200211,15 a 19 años,2022,1,2022,1,Institutos Profesionales,Institutos Profesionales,Institutos Profesionales,111,IP DUOC UC,16,SEDE SAN JOAQUIN,363,INGENIERIA EN MAQUINARIA Y VEHICULOS PESADOS,Presencial,Diurna,1,Plan Regular,8,1,8,Metropolitana,SANTIAGO,SAN JOAQUIN,Pregrado,Profesional Sin Licenciatura,Carreras Profesionales,Educación Media,VIGENTE CON ALUMNOS NUEVOS,Monto en Pesos,268000,2600000,0.0,Tecnología,"Ingeniería, Industria y Construcción",Ingeniería y Profesiones Afines,Ingeniería en Mecánica Automotriz,"Ingeniería, Industria y Construcción",Ingeniería y Profesiones Afines,NO ACREDITADA,ACREDITADA,26/08/2017 - 26/08/2024,7.0,0,0,1
2022,271360,I111S9C145J2V1,23058260.0,2,199502,25 a 29 años,2019,1,2019,1,Institutos Profesionales,Institutos Profesionales,Institutos Profesionales,111,IP DUOC UC,9,SEDE PLAZA VESPUCIO,145,INGENIERIA EN GESTION LOGISTICA,Presencial,Vespertina,1,Plan Regular,8,1,8,Metropolitana,SANTIAGO,LA FLORIDA,Pregrado,Profesional Sin Licenciatura,Carreras Profesionales,Educación Media,VIGENTE CON ALUMNOS NUEVOS,Monto en Pesos,268000,2520000,0.0,Administración y Comercio,"Ciencias Sociales, Enseñanza Comercial y Derecho",Enseñanza Comercial y Administración,Ingeniería en Logística,Administración de Empresas y Derecho,Educación Comercial y Administración,NO ACREDITADA,ACREDITADA,26/08/2017 - 26/08/2024,7.0,0,0,1
2023,1343282,I39S7C446J2V1,5451245.0,2,199008,30 a 34 años,2023,1,2023,1,Universidades,Universidades Privadas,Universidades Privadas,39,UNIVERSIDAD SAN SEBASTIAN,7,SEDE VALDIVIA,446,MAGISTER EN GESTION DE PERSONAS Y EFECTIVIDAD ORGANIZACIONAL,Presencial,Vespertina,1,Plan Regular,4,0,4,Los Ríos,VALDIVIA,VALDIVIA,Postgrado,Magister,Magister,Licenciatura,VIGENTE CON ALUMNOS NUEVOS,Monto en Pesos,114000,7866000,0.0,Administración y Comercio,"Ciencias Sociales, Enseñanza Comercial y Derecho",Enseñanza Comercial y Administración,Magister en Administración y Comercio,Administración de Empresas y Derecho,Educación Comercial y Administración,NO ACREDITADA,ACREDITADA,28/10/2021 - 28/10/2026,5.0,0,0,1
2022,530144,I54S7C69J1V1,19916885.0,2,199908,20 a 24 años,2018,1,2018,1,Universidades,Universidades Privadas,Universidades Privadas,54,UNIVERSIDAD TECNOLOGICA DE CHILE INACAP,7,SEDE LA SERENA,69,NUTRICION Y DIETETICA,Presencial,Diurna,1,Plan Regular,10,0,10,Coquimbo,ELQUI,LA SERENA,Pregrado,Profesional Con Licenciatura,Carreras Profesionales,Educación Media,VIGENTE SIN ALUMNOS NUEVOS,Monto en Pesos,250000,2694000,0.0,Salud,Salud y Servicios Sociales,Medicina,Nutrición y Dietética,Salud y Bienestar,Salud,NO ACREDITADA,NO ACREDITADA,,,0,0,1
2022,58836,I913S1C2J1V1,23537950.0,2,198211,35 a 39 años,2022,1,2022,1,Centros de Formación Técnica,Centros de Formación Técnica,Centros de Formación Técnica Estatales,913,CFT DE LA REGION DEL LIBERTADOR GENERAL BERNARDO O'HIGGINS,1,SEDE SAN VICENTE,2,TECNICO DE NIVEL SUPERIOR EN EDUCACION PARVULARIA,Presencial,Diurna,1,Plan Regular,5,1,5,Lib. Gral. B. O'Higgins,CACHAPOAL,SAN VICENTE,Pregrado,Técnico de Nivel Superior,Carreras Técnicas,Educación Media,VIGENTE CON ALUMNOS NUEVOS,Monto en Pesos,0,1310000,0.0,Educación,Educación,Formación de Personal Docente y Ciencias de la Educación,Técnico Asistente del Educador de Párvulos,Educación,Educación,NO ACREDITADA,BAJO TUTELA,,,0,0,1
2022,936998,I430S16C39J1V2,20893073.0,2,200211,15 a 19 años,2022,1,2022,1,Centros de Formación Técnica,Centros de Formación Técnica,Centros de Formación Técnica,430,CFT INACAP,16,SEDE RANCAGUA,39,TECNICO EN ENFERMERIA,Presencial,Diurna,2,Plan Regular,5,0,5,Lib. Gral. B. O'Higgins,CACHAPOAL,RANCAGUA,Pregrado,Técnico de Nivel Superior,Carreras Técnicas,Educación Media,VIGENTE CON ALUMNOS NUEVOS,Monto en Pesos,272000,2122000,0.0,Salud,Salud y Servicios Sociales,Medicina,Técnico en Enfermería,Salud y Bienestar,Salud,NO ACREDITADA,ACREDITADA,05/01/2018 - 05/01/2025,7.0,0,0,1
2022,622410,I430S30C39J1V2,20903721.0,1,199912,20 a 24 años,2022,1,2022,1,Centros de Formación Técnica,Centros de Formación Técnica,Centros de Formación Técnica,430,CFT INACAP,30,SEDE CONCEPCION - TALCAHUANO,39,TECNICO EN ENFERMERIA,Presencial,Diurna,2,Plan Regular,5,0,5,Biobío,CONCEPCION,TALCAHUANO,Pregrado,Técnico de Nivel Superior,Carreras Técnicas,Educación Media,VIGENTE CON ALUMNOS NUEVOS,Monto en Pesos,230000,2122000,0.0,Salud,Salud y Servicios Sociales,Medicina,Técnico en Enfermería,Salud y Bienestar,Salud,NO ACREDITADA,ACREDITADA,05/01/2018 - 05/01/2025,7.0,0,0,1
2022,439832,I367S3C7J1V1,23422487.0,2,199811,20 a 24 años,2020,1,2020,1,Centros de Formación Técnica,Centros de Formación Técnica,Centros de Formación Técnica,367,CFT SAN AGUSTIN,3,SEDE LINARES,7,ADMINISTRACION DE EMPRESAS,Presencial,Diurna,1,Plan Regular,5,0,5,Maule,LINARES,LINARES,Pregrado,Técnico de Nivel Superior,Carreras Técnicas,Educación Media,VIGENTE CON ALUMNOS NUEVOS,Monto en Pesos,55000,1970000,0.0,Administración y Comercio,"Ciencias Sociales, Enseñanza Comercial y Derecho",Enseñanza Comercial y Administración,Técnico en Administración de Empresas,Administración de Empresas y Derecho,Educación Comercial y Administración,ACREDITADA,ACREDITADA,11/12/2018 - 11/12/2023,5.0,0,0,1
2022,589047,I367S1C16J1V1,22288488.0,2,200004,20 a 24 años,2020,1,2020,1,Centros de Formación Técnica,Centros de Formación Técnica,Centros de Formación Técnica,367,CFT SAN AGUSTIN,1,CASA CENTRAL (TALCA),16,TECNICO EN PARVULOS Y BASICA,Presencial,Diurna,1,Plan Regular,5,0,5,Maule,TALCA,TALCA,Pregrado,Técnico de Nivel Superior,Carreras Técnicas,Educación Media,VIGENTE CON ALUMNOS NUEVOS,Monto en Pesos,55000,1810000,0.0,Educación,Educación,Formación de Personal Docente y Ciencias de la Educación,Técnico Asistente del Educador de Párvulos,Educación,Educación,NO ACREDITADA,ACREDITADA,11/12/2018 - 11/12/2023,5.0,0,0,1
2022,567996,I116S10C51J2V1,16608419.0,1,200004,20 a 24 años,2022,1,2022,1,Institutos Profesionales,Institutos Profesionales,Institutos Profesionales,116,IP SANTO TOMAS,10,SEDE ANTOFAGASTA,51,INGENIERIA DE EJECUCION EN ADMINISTRACION,Presencial,Vespertina,1,Plan Regular,8,0,8,Antofagasta,ANTOFAGASTA,ANTOFAGASTA,Pregrado,Profesional Sin Licenciatura,Carreras Profesionales,Educación Media,VIGENTE CON ALUMNOS NUEVOS,Monto en Pesos,95000,1927000,0.0,Administración y Comercio,"Ciencias Sociales, Enseñanza Comercial y Derecho",Enseñanza Comercial y Administración,Administración de Empresas e Ing. Asociadas,Administración de Empresas y Derecho,Educación Comercial y Administración,ACREDITADA,ACREDITADA,20/01/2021 - 20/01/2026,5.0,0,0,1
2022,1028381,I116S2C4J1V1,19115324.0,2,200311,15 a 19 años,2022,1,2022,1,Institutos Profesionales,Institutos Profesionales,Institutos Profesionales,116,IP SANTO TOMAS,2,SEDE IQUIQUE,4,SERVICIO SOCIAL,Presencial,Diurna,1,Plan Regular,8,0,8,Tarapacá,IQUIQUE,IQUIQUE,Pregrado,Profesional Sin Licenciatura,Carreras Profesionales,Educación Media,VIGENTE CON ALUMNOS NUEVOS,Monto en Pesos,95000,2064000,0.0,Ciencias Sociales,Salud y Servicios Sociales,Servicios Sociales,Trabajo Social,Salud y Bienestar,Bienestar,NO ACREDITADA,ACREDITADA,20/01/2021 - 20/01/2026,5.0,0,0,1
2022,336704,I111S4C70J1V1,23976284.0,2,199606,25 a 29 años,2020,1,2020,1,Institutos Profesionales,Institutos Profesionales,Institutos Profesionales,111,IP DUOC UC,4,SEDE VIÑA DEL MAR,70,ADMINISTRACION FINANCIERA,Presencial,Diurna,1,Plan Regular,5,1,5,Valparaíso,VALPARAISO,VIÑA DEL MAR,Pregrado,Técnico de Nivel Superior,Carreras Técnicas,Educación Media,VIGENTE SIN ALUMNOS NUEVOS,Monto en Pesos,186000,2040000,0.0,Administración y Comercio,"Ciencias Sociales, Enseñanza Comercial y Derecho",Enseñanza Comercial y Administración,Técnico en Administración Financiera y Finanzas,Administración de Empresas y Derecho,Educación Comercial y Administración,NO ACREDITADA,ACREDITADA,26/08/2017 - 26/08/2024,7.0,0,0,1
2022,1137581,I111S2C471J1V1,20263945.0,2,199804,20 a 24 años,2022,1,2022,1,Institutos Profesionales,Institutos Profesionales,Institutos Profesionales,111,IP DUOC UC,2,SEDE VALPARAISO,471,DIBUJO Y MODELAMIENTO ARQUITECTONICO Y ESTRUCTURAL,Presencial,Diurna,1,Plan Regular,5,1,5,Valparaíso,VALPARAISO,VALPARAISO,Pregrado,Técnico de Nivel Superior,Carreras Técnicas,Educación Media,VIGENTE CON ALUMNOS NUEVOS,Monto en Pesos,186000,2040000,0.0,Arte y Arquitectura,"Ingeniería, Industria y Construcción",Arquitectura y Construcción,Técnico en Dibujo Arquitectónico,"Ingeniería, Industria y Construcción",Arquitectura y Construcción,ACREDITADA,ACREDITADA,26/08/2017 - 26/08/2024,7.0,0,0,1
2022,20890,I111S20C484J2V1,15704418.0,2,197610,40 y más años,2021,1,2021,1,Institutos Profesionales,Institutos Profesionales,Institutos Profesionales,111,IP DUOC UC,20,SEDE SAN BERNARDO,484,INGENIERIA EN ADMINISTRACION MENCION FINANZAS,Presencial,Vespertina,1,Plan Regular,8,1,8,Metropolitana,MAIPO,SAN BERNARDO,Pregrado,Profesional Sin Licenciatura,Carreras Profesionales,Educación Media,VIGENTE CON ALUMNOS NUEVOS,Monto en Pesos,268000,2510000,0.0,Administración y Comercio,"Ciencias Sociales, Enseñanza Comercial y Derecho",Enseñanza Comercial y Administración,Ingeniería en Finanzas,Administración de Empresas y Derecho,Educación Comercial y Administración,NO ACREDITADA,ACREDITADA,26/08/2017 - 26/08/2024,7.0,0,0,1
2022,285536,I111S20C37J1V1,17200071.0,2,199506,25 a 29 años,2019,1,2019,1,Institutos Profesionales,Institutos Profesionales,Institutos Profesionales,111,IP DUOC UC,20,SEDE SAN BERNARDO,37,INGENIERIA EN ADMINISTRACION,Presencial,Diurna,1,Plan Regular,8,1,8,Metropolitana,MAIPO,SAN BERNARDO,Pregrado,Profesional Sin Licenciatura,Carreras Profesionales,Educación Media,VIGENTE SIN ALUMNOS NUEVOS,Monto en Pesos,268000,2510000,0.0,Administración y Comercio,"Ciencias Sociales, Enseñanza Comercial y Derecho",Enseñanza Comercial y Administración,Administración de Empresas e Ing. Asociadas,Administración de Empresas y Derecho,Educación Comercial y Administración,NO ACREDITADA,ACREDITADA,26/08/2017 - 26/08/2024,7.0,0,0,1
2022,910634,I111S2C100J1V1,20078605.0,2,200210,15 a 19 años,2021,1,2021,1,Institutos Profesionales,Institutos Profesionales,Institutos Profesionales,111,IP DUOC UC,2,SEDE VALPARAISO,100,GASTRONOMIA INTERNACIONAL,Presencial,Diurna,1,Plan Regular,8,1,8,Valparaíso,VALPARAISO,VALPARAISO,Pregrado,Profesional Sin Licenciatura,Carreras Profesionales,Educación Media,VIGENTE CON ALUMNOS NUEVOS,Monto en Pesos,228000,2930000,0.0,Administración y Comercio,Servicios,Servicios Personales,Administración Gastronómica,Servicios,Servicios personales,NO ACREDITADA,ACREDITADA,26/08/2017 - 26/08/2024,7.0,0,0,1
2022,1195950,I260S45C78J2V1,25855804.0,1,199906,20 a 24 años,2020,1,2020,1,Centros de Formación Técnica,Centros de Formación Técnica,Centros de Formación Técnica,260,CFT SANTO TOMAS,45,SEDE CONCEPCION,78,TECNICO EN CONSTRUCCIONES CIVILES,Presencial,Vespertina,1,Plan Regular,5,0,5,Biobío,CONCEPCION,CONCEPCION,Pregrado,Técnico de Nivel Superior,Carreras Técnicas,Educación Media,VIGENTE CON ALUMNOS NUEVOS,Monto en Pesos,68000,1646000,0.0,Tecnología,"Ingeniería, Industria y Construcción",Arquitectura y Construcción,Técnico en Construcción y Obras Civiles,"Ingeniería, Industria y Construcción",Arquitectura y Construcción,NO ACREDITADA,ACREDITADA,20/12/2019 - 20/12/2024,5.0,0,0,1
2022,1141820,I260S11C280J1V1,22398736.0,1,199902,20 a 24 años,2020,1,2020,1,Centros de Formación Técnica,Centros de Formación Técnica,Centros de Formación Técnica,260,CFT SANTO TOMAS,11,SEDE TEMUCO,280,GASTRONOMIA INTERNACIONAL Y TRADICIONAL CHILENA,Presencial,Diurna,1,Plan Regular,5,0,5,La Araucanía,CAUTIN,TEMUCO,Pregrado,Técnico de Nivel Superior,Carreras Técnicas,Educación Media,VIGENTE CON ALUMNOS NUEVOS,Monto en Pesos,68000,2239000,0.0,Administración y Comercio,Servicios,Servicios Personales,Técnico en Gastronomía y Cocina,Servicios,Servicios personales,NO ACREDITADA,ACREDITADA,20/12/2019 - 20/12/2024,5.0,0,0,1
2022,915878,I260S8C276J1V1,21722735.0,2,200209,15 a 19 años,2021,1,2021,1,Centros de Formación Técnica,Centros de Formación Técnica,Centros de Formación Técnica,260,CFT SANTO TOMAS,8,SEDE CURICO,276,TECNICO EN ODONTOLOGIA MENCION HIGIENISTA DENTAL,Presencial,Diurna,1,Plan Regular,5,0,5,Maule,CURICO,CURICO,Pregrado,Técnico de Nivel Superior,Carreras Técnicas,Educación Media,VIGENTE CON ALUMNOS NUEVOS,Monto en Pesos,68000,1996000,0.0,Salud,Salud y Servicios Sociales,Medicina,Técnico Dental y Asistente de Odontología,Salud y Bienestar,Salud,NO ACREDITADA,ACREDITADA,20/12/2019 - 20/12/2024,5.0,0,0,1
2022,881608,I260S3C79J1V1,18820211.0,2,200206,20 a 24 años,2021,1,2021,1,Centros de Formación Técnica,Centros de Formación Técnica,Centros de Formación Técnica,260,CFT SANTO TOMAS,3,SEDE ANTOFAGASTA,79,TECNICO EN EDUCACION ESPECIAL,Presencial,Diurna,1,Plan Regular,5,0,5,Antofagasta,ANTOFAGASTA,ANTOFAGASTA,Pregrado,Técnico de Nivel Superior,Carreras Técnicas,Educación Media,VIGENTE CON ALUMNOS NUEVOS,Monto en Pesos,68000,1592000,0.0,Educación,Educación,Formación de Personal Docente y Ciencias de la Educación,Técnico Asistente del Educador Diferencial,Educación,Educación,NO ACREDITADA,ACREDITADA,20/12/2019 - 20/12/2024,5.0,0,0,1
2022,1104476,I260S47C107J2V1,23303604.0,2,198611,35 a 39 años,2022,1,2022,1,Centros de Formación Técnica,Centros de Formación Técnica,Centros de Formación Técnica,260,CFT SANTO TOMAS,47,SEDE PUENTE ALTO,107,CONTABILIDAD GENERAL,Presencial,Vespertina,1,Plan Regular,5,0,5,Metropolitana,CORDILLERA,PUENTE ALTO,Pregrado,Técnico de Nivel Superior,Carreras Técnicas,Educación Media,VIGENTE CON ALUMNOS NUEVOS,Monto en Pesos,68000,1688000,0.0,Administración y Comercio,"Ciencias Sociales, Enseñanza Comercial y Derecho",Enseñanza Comercial y Administración,Técnico en Contabilidad General,Administración de Empresas y Derecho,Educación Comercial y Administración,NO ACREDITADA,ACREDITADA,20/12/2019 - 20/12/2024,5.0,0,0,1
2022,162624,I260S11C282J1V1,24390456.0,2,199007,30 a 34 años,2022,1,2022,1,Centros de Formación Técnica,Centros de Formación Técnica,Centros de Formación Técnica,260,CFT SANTO TOMAS,11,SEDE TEMUCO,282,TECNICO EN DEPORTES,Presencial,Diurna,1,Plan Regular,5,0,5,La Araucanía,CAUTIN,TEMUCO,Pregrado,Técnico de Nivel Superior,Carreras Técnicas,Educación Media,VIGENTE CON ALUMNOS NUEVOS,Monto en Pesos,68000,1866000,0.0,Educación,Servicios,Servicios Personales,"Técnico en Deporte, Recreación y Preparación Física",Servicios,Servicios personales,NO ACREDITADA,ACREDITADA,20/12/2019 - 20/12/2024,5.0,0,0,1
2022,886573,I260S8C280J1V1,17214973.0,2,200206,20 a 24 años,2022,1,2022,1,Centros de Formación Técnica,Centros de Formación Técnica,Centros de Formación Técnica,260,CFT SANTO TOMAS,8,SEDE CURICO,280,GASTRONOMIA INTERNACIONAL Y TRADICIONAL CHILENA,Presencial,Diurna,1,Plan Regular,5,0,5,Maule,CURICO,CURICO,Pregrado,Técnico de Nivel Superior,Carreras Técnicas,Educación Media,VIGENTE CON ALUMNOS NUEVOS,Monto en Pesos,68000,2282000,0.0,Administración y Comercio,Servicios,Servicios Personales,Técnico en Gastronomía y Cocina,Servicios,Servicios personales,NO ACREDITADA,ACREDITADA,20/12/2019 - 20/12/2024,5.0,0,0,1
2022,1062416,I260S34C79J1V1,22718754.0,2,200406,15 a 19 años,2022,1,2022,1,Centros de Formación Técnica,Centros de Formación Técnica,Centros de Formación Técnica,260,CFT SANTO TOMAS,34,SEDE LOS ANGELES,79,TECNICO EN EDUCACION ESPECIAL,Presencial,Diurna,1,Plan Regular,5,0,5,Biobío,BIOBIO,LOS ANGELES,Pregrado,Técnico de Nivel Superior,Carreras Técnicas,Educación Media,VIGENTE CON ALUMNOS NUEVOS,Monto en Pesos,68000,1536000,0.0,Educación,Educación,Formación de Personal Docente y Ciencias de la Educación,Técnico Asistente del Educador Diferencial,Educación,Educación,NO ACREDITADA,ACREDITADA,20/12/2019 - 20/12/2024,5.0,0,0,1
2022,1068957,I260S12C79J1V1,24324515.0,2,199509,25 a 29 años,2022,1,2022,1,Centros de Formación Técnica,Centros de Formación Técnica,Centros de Formación Técnica,260,CFT SANTO TOMAS,12,SEDE VALDIVIA,79,TECNICO EN EDUCACION ESPECIAL,Presencial,Diurna,1,Plan Regular,5,0,5,Los Ríos,VALDIVIA,VALDIVIA,Pregrado,Técnico de Nivel Superior,Carreras Técnicas,Educación Media,VIGENTE CON ALUMNOS NUEVOS,Monto en Pesos,68000,1456000,0.0,Educación,Educación,Formación de Personal Docente y Ciencias de la Educación,Técnico Asistente del Educador Diferencial,Educación,Educación,NO ACREDITADA,ACREDITADA,20/12/2019 - 20/12/2024,5.0,0,0,1
2022,161807,I116S4C17J2V1,22397999.0,2,199012,30 a 34 años,2021,1,2021,1,Institutos Profesionales,Institutos Profesionales,Institutos Profesionales,116,IP SANTO TOMAS,4,SEDE VIÑA DEL MAR,17,TECNICO EN TRABAJO SOCIAL,Presencial,Vespertina,1,Plan Regular,5,0,5,Valparaíso,VALPARAISO,VIÑA DEL MAR,Pregrado,Técnico de Nivel Superior,Carreras Técnicas,Educación Media,VIGENTE CON ALUMNOS NUEVOS,Monto en Pesos,68000,1902000,0.0,Ciencias Sociales,Salud y Servicios Sociales,Servicios Sociales,Técnico en Servicio Social,Salud y Bienestar,Bienestar,NO ACREDITADA,ACREDITADA,20/01/2021 - 20/01/2026,5.0,0,0,1
2022,985027,I116S10C134J2V1,18115872.0,1,200305,15 a 19 años,2022,1,2022,1,Institutos Profesionales,Institutos Profesionales,Institutos Profesionales,116,IP SANTO TOMAS,10,SEDE ANTOFAGASTA,134,TECNICO EN ELECTRICIDAD Y ELECTRONICA INDUSTRIAL,Presencial,Vespertina,1,Plan Regular,5,0,5,Antofagasta,ANTOFAGASTA,ANTOFAGASTA,Pregrado,Técnico de Nivel Superior,Carreras Técnicas,Educación Media,VIGENTE CON ALUMNOS NUEVOS,Monto en Pesos,68000,1947000,0.0,Tecnología,"Ingeniería, Industria y Construcción",Ingeniería y Profesiones Afines,Técnico en Electricidad y Electricidad Industrial,"Ingeniería, Industria y Construcción",Ingeniería y Profesiones Afines,NO ACREDITADA,ACREDITADA,20/01/2021 - 20/01/2026,5.0,0,0,1
2022,851721,I116S10C134J2V1,21165058.0,1,200202,20 a 24 años,2022,1,2022,1,Institutos Profesionales,Institutos Profesionales,Institutos Profesionales,116,IP SANTO TOMAS,10,SEDE ANTOFAGASTA,134,TECNICO EN ELECTRICIDAD Y ELECTRONICA INDUSTRIAL,Presencial,Vespertina,1,Plan Regular,5,0,5,Antofagasta,ANTOFAGASTA,ANTOFAGASTA,Pregrado,Técnico de Nivel Superior,Carreras Técnicas,Educación Media,VIGENTE CON ALUMNOS NUEVOS,Monto en Pesos,68000,1947000,0.0,Tecnología,"Ingeniería, Industria y Construcción",Ingeniería y Profesiones Afines,Técnico en Electricidad y Electricidad Industrial,"Ingeniería, Industria y Construcción",Ingeniería y Profesiones Afines,NO ACREDITADA,ACREDITADA,20/01/2021 - 20/01/2026,5.0,0,0,1
2022,1281123,I39S2C362J5V1,15866331.0,2,199704,25 a 29 años,2021,1,2021,1,Universidades,Universidades Privadas,Universidades Privadas,39,UNIVERSIDAD SAN SEBASTIAN,2,SEDE CONCEPCION,362,MASTER OF SCIENCE IN MANAGEMENT,Presencial,Otra,1,Plan Regular,2,0,2,Biobío,CONCEPCION,CONCEPCION,Postgrado,Magister,Magister,Título Profesional,VIGENTE CON ALUMNOS NUEVOS,Monto en Pesos,100000,4400000,0.0,Administración y Comercio,"Ciencias Sociales, Enseñanza Comercial y Derecho",Enseñanza Comercial y Administración,Magister en Administración y Comercio,Administración de Empresas y Derecho,Educación Comercial y Administración,NO ACREDITADA,ACREDITADA,28/10/2021 - 28/10/2026,5.0,0,0,10
2023,1389431,I3S1C530J4V1,425151.0,1,196307,40 y más años,2023,1,2023,1,Universidades,Universidades CRUCH,Universidades Privadas CRUCH,3,UNIVERSIDAD DIEGO PORTALES,1,CASA CENTRAL (SANTIAGO),530,DIPLOMADO EN FILOSOFIA POLITICA MODERNA Y CONTEMPORANEA,No Presencial,A Distancia,1,Plan Regular,2,0,2,Metropolitana,SANTIAGO,SANTIAGO,Postítulo,Diplomado (desde un semestre),Postítulo,Título Profesional,VIGENTE CON ALUMNOS NUEVOS,Monto en Pesos,90000,570000,0.0,Humanidades,Humanidades y Artes,Humanidades,Postítulo en Humanidades,Artes y Humanidades,Humanidades,NO ACREDITADA,ACREDITADA,24/10/2018 - 24/10/2023,5.0,0,0,10
2022,226207,I10S7C289J3V1,20721402.0,2,199401,25 a 29 años,2020,1,2020,1,Universidades,Universidades Privadas,Universidades Privadas,10,UNIVERSIDAD MAYOR,7,SEDE MANUEL MONTT,289,INGENIERIA EN ADMINISTRACION,Semipresencial,Semipresencial,1,Plan Regular,8,1,8,Metropolitana,SANTIAGO,PROVIDENCIA,Pregrado,Profesional Con Licenciatura,Carreras Profesionales,Educación Media,VIGENTE CON ALUMNOS NUEVOS,Monto en Pesos,298000,2996720,0.0,Administración y Comercio,"Ciencias Sociales, Enseñanza Comercial y Derecho",Enseñanza Comercial y Administración,Administración de Empresas e Ing. Asociadas,Administración de Empresas y Derecho,Educación Comercial y Administración,NO ACREDITADA,ACREDITADA,27/10/2021 - 27/10/2026,5.0,0,193000,10
2023,1323033,I23S2C387J1V1,345246.0,1,198009,40 y más años,2021,1,2021,1,Universidades,Universidades Privadas,Universidades Privadas,23,UNIVERSIDAD ADOLFO IBAÑEZ,2,SEDE PEÑALOLEN,387,MAGISTER EN DATA SCIENCE,Presencial,Diurna,1,Plan Regular,3,0,3,Metropolitana,SANTIAGO,PEÑALOLEN,Postgrado,Magister,Magister,Licenciatura,VIGENTE CON ALUMNOS NUEVOS,Monto en UF,3,300,0.0,Ciencias Básicas,Ciencias,Matemáticas y Estadísticas,Magister en Ciencias Básicas,"Ciencias naturales, matemáticas y estadística",Matemáticas y Estadísticas,ACREDITADA,ACREDITADA,14/10/2021 - 14/10/2027,6.0,0,2,1
2023,1258128,I23S2C420J1V1,990132.0,1,199904,20 a 24 años,2020,1,2022,1,Universidades,Universidades Privadas,Universidades Privadas,23,UNIVERSIDAD ADOLFO IBAÑEZ,2,SEDE PEÑALOLEN,420,INGENIERIA CIVIL EN ENERGIA,Presencial,Diurna,1,Plan Regular de Continuidad,6,1,7,Metropolitana,SANTIAGO,PEÑALOLEN,Pregrado,Profesional Con Licenciatura,Carreras Profesionales,Plan Común,VIGENTE CON ALUMNOS NUEVOS,Monto en UF,23,230,0.0,Tecnología,"Ingeniería, Industria y Construcción",Ingeniería y Profesiones Afines,Ingeniería Civil en Energía,"Ingeniería, Industria y Construcción",Ingeniería y Profesiones Afines,NO ACREDITADA,ACREDITADA,14/10/2021 - 14/10/2027,6.0,0,2,2
2022,77446,I39S6C168J5V1,20644726.0,1,198401,35 a 39 años,2019,1,2021,2,Universidades,Universidades Privadas,Universidades Privadas,39,UNIVERSIDAD SAN SEBASTIAN,6,SEDE SANTIAGO,168,PROGRAMA DE FORMACION PEDAGOGICA PARA LICENCIADOS Y/O PROFESIONALES,Presencial,Otra,1,Plan Regular de Continuidad,2,1,2,Metropolitana,SANTIAGO,SANTIAGO,Pregrado,Profesional Con Licenciatura,Carreras Profesionales,Título Profesional,VIGENTE CON ALUMNOS NUEVOS,Monto en Pesos,106600,1892500,0.0,Educación,Educación,Formación de Personal Docente y Ciencias de la Educación,Programas de Formación Pedagógica,Educación,Educación,ACREDITADA,ACREDITADA,28/10/2021 - 28/10/2026,5.0,0,63000,5
2022,396721,I906S1C10J2V1,19158779.0,2,199712,20 a 24 años,2022,1,2022,1,Centros de Formación Técnica,Centros de Formación Técnica,Centros de Formación Técnica Estatales,906,CFT DE LA REGION DE TARAPACA,1,SEDE CENTRAL ALTO HOSPICIO,10,TECNICO DE NIVEL SUPERIOR EN ENFERMERIA,Presencial,Vespertina,1,Plan Regular,5,0,5,Tarapacá,IQUIQUE,ALTO HOSPICIO,Pregrado,Técnico de Nivel Superior,Carreras Técnicas,Educación Media,VIGENTE CON ALUMNOS NUEVOS,Monto en Pesos,50000,1507000,0.0,Salud,Salud y Servicios Sociales,Medicina,Técnico en Enfermería,Salud y Bienestar,Salud,NO ACREDITADA,BAJO TUTELA,,,0,30000,1
2023,1043051,I38S1C113J1V1,7080311.0,2,200310,15 a 19 años,2022,1,2022,1,Universidades,Universidades Privadas,Universidades Privadas,38,UNIVERSIDAD ADVENTISTA DE CHILE,1,CASA CENTRAL (CHILLAN),113,PSICOLOGIA,Presencial,Diurna,1,Plan Regular,10,1,10,Ñuble,DIGUILLIN,CHILLAN,Pregrado,Profesional Con Licenciatura,Carreras Profesionales,Educación Media,VIGENTE CON ALUMNOS NUEVOS,Monto en Pesos,200000,3590000,0.0,Ciencias Sociales,"Ciencias Sociales, Enseñanza Comercial y Derecho",Ciencias Sociales y del Comportamiento,Psicología,"Ciencias Sociales, Periodismo e Información",Ciencias Sociales y del Comportamiento,NO ACREDITADA,ACREDITADA,11/04/2023 - 11/04/2026,3.0,0,226277,1
2022,92695,I20S1C71J4V4,23061295.0,1,198507,35 a 39 años,1900,0,2022,1,Universidades,Universidades Privadas,Universidades Privadas,20,UNIVERSIDAD ANDRES BELLO,1,CASA CENTRAL (SANTIAGO),71,INGENIERIA INDUSTRIAL,No Presencial,A Distancia,4,Plan Regular de Continuidad,5,0,5,Metropolitana,SANTIAGO,SANTIAGO,Pregrado,Profesional Con Licenciatura,Carreras Profesionales,Técnico de Nivel Superior,VIGENTE CON ALUMNOS NUEVOS,Monto en Pesos,396000,3949000,0.0,Tecnología,"Ingeniería, Industria y Construcción",Ingeniería y Profesiones Afines,Ingeniería Industrial,"Ingeniería, Industria y Construcción",Ingeniería y Profesiones Afines,NO ACREDITADA,ACREDITADA,24/12/2017 - 24/12/2022,5.0,0,61552,5
2023,336012,I20S1C115J4V3,7659702.0,2,199606,25 a 29 años,1900,0,2022,1,Universidades,Universidades Privadas,Universidades Privadas,20,UNIVERSIDAD ANDRES BELLO,1,CASA CENTRAL (SANTIAGO),115,INGENIERIA CIVIL INDUSTRIAL,No Presencial,A Distancia,3,Plan Regular de Continuidad,7,0,7,Metropolitana,SANTIAGO,SANTIAGO,Pregrado,Profesional Con Licenciatura,Carreras Profesionales,Título Profesional,VIGENTE CON ALUMNOS NUEVOS,Monto en Pesos,585000,6134000,0.0,Tecnología,"Ingeniería, Industria y Construcción",Ingeniería y Profesiones Afines,Ingeniería Civil Industrial,"Ingeniería, Industria y Construcción",Ingeniería y Profesiones Afines,NO ACREDITADA,ACREDITADA,25/12/2022 - 25/12/2028,6.0,0,69716,5
2022,384970,I70S1C48J1V1,19341962.0,1,199706,25 a 29 años,2016,1,2020,1,Universidades,Universidades CRUCH,Universidades Estatales CRUCH,70,UNIVERSIDAD DE CHILE,1,SANTIAGO,48,INGENIERIA CIVIL,Presencial,Diurna,1,Plan Regular de Continuidad,12,0,12,Metropolitana,SANTIAGO,SANTIAGO,Pregrado,Profesional Con Licenciatura,Carreras Profesionales,Plan Común,VIGENTE SIN ALUMNOS NUEVOS,Monto en Pesos,157900,6354700,0.0,Tecnología,"Ingeniería, Industria y Construcción",Ingeniería y Profesiones Afines,"Ingeniería Civil, plan común y licenciatura en Ciencias de la Ingeniería","Ingeniería, Industria y Construcción",Ingeniería y Profesiones Afines,ACREDITADA,ACREDITADA,22/12/2018 - 22/12/2025,7.0,0,75000,2
2023,319365,I70S1C61J1V1,3494230.0,2,199511,25 a 29 años,2015,1,2015,1,Universidades,Universidades CRUCH,Universidades Estatales CRUCH,70,UNIVERSIDAD DE CHILE,1,SANTIAGO,61,INGENIERIA EN ALIMENTOS,Presencial,Diurna,1,Plan Regular,12,0,12,Metropolitana,SANTIAGO,SANTIAGO,Pregrado,Profesional Con Licenciatura,Carreras Profesionales,Educación Media,VIGENTE SIN ALUMNOS NUEVOS,Monto en Pesos,177300,5264800,0.0,Tecnología,"Ingeniería, Industria y Construcción",Industria y Producción,Ingeniería en Alimentos,"Ingeniería, Industria y Construcción",Industria y Producción,NO ACREDITADA,ACREDITADA,22/12/2018 - 22/12/2025,7.0,0,121000,1
2022,977157,I70S1C74J1V1,21579078.0,2,200304,15 a 19 años,2021,1,2021,1,Universidades,Universidades CRUCH,Universidades Estatales CRUCH,70,UNIVERSIDAD DE CHILE,1,SANTIAGO,74,TEORIA E HISTORIA DEL ARTE,Presencial,Diurna,1,Plan Regular,8,0,8,Metropolitana,SANTIAGO,SANTIAGO,Pregrado,Licenciatura No Conducente a Título,Carreras Profesionales,Educación Media,VIGENTE CON ALUMNOS NUEVOS,Monto en Pesos,157900,3598100,11016.0,Arte y Arquitectura,Humanidades y Artes,Artes,Artes y Licenciatura en Artes,Artes y Humanidades,Artes,NO ACREDITADA,ACREDITADA,22/12/2018 - 22/12/2025,7.0,0,50000,1
2023,85780,I176S3C59J3V2,8911926.0,1,198310,35 a 39 años,2023,1,2023,1,Institutos Profesionales,Institutos Profesionales,Institutos Profesionales,176,IP DEL VALLE CENTRAL,3,SEDE LA SERENA,59,TECNICO DE NIVEL SUPERIOR EN ENFERMERIA,Semipresencial,Semipresencial,2,Plan Especial,5,1,5,Coquimbo,ELQUI,LA SERENA,Pregrado,Técnico de Nivel Superior,Carreras Técnicas,Educación Media,VIGENTE CON ALUMNOS NUEVOS,Monto en Pesos,50000,990000,,Salud,Salud y Servicios Sociales,Medicina,Técnico en Enfermería,Salud y Bienestar,Salud,NO ACREDITADA,NO ACREDITADA,,,0,77000,5
2023,986733,I123S5C23J1V1,7281223.0,1,200305,20 a 24 años,2023,1,2023,1,Institutos Profesionales,Institutos Profesionales,Institutos Profesionales,123,IP DE CHILE,5,SEDE TEMUCO,23,KINESIOLOGIA,Presencial,Diurna,1,Plan Regular,10,1,10,La Araucanía,CAUTIN,TEMUCO,Pregrado,Profesional Sin Licenciatura,Carreras Profesionales,Educación Media,VIGENTE CON ALUMNOS NUEVOS,Monto en Pesos,140000,3028000,,Salud,Salud y Servicios Sociales,Medicina,Kinesiología,Salud y Bienestar,Salud,NO ACREDITADA,ACREDITADA,17/03/2021 - 17/03/2025,4.0,0,10600,1
2023,737457,I123S5C30J1V1,8017251.0,2,200105,20 a 24 años,2020,1,2020,1,Institutos Profesionales,Institutos Profesionales,Institutos Profesionales,123,IP DE CHILE,5,SEDE TEMUCO,30,TERAPIA OCUPACIONAL,Presencial,Diurna,1,Plan Regular,10,1,10,La Araucanía,CAUTIN,TEMUCO,Pregrado,Profesional Sin Licenciatura,Carreras Profesionales,Educación Media,VIGENTE CON ALUMNOS NUEVOS,Monto en Pesos,140000,2378000,,Salud,Salud y Servicios Sociales,Medicina,Terapia Ocupacional,Salud y Bienestar,Salud,NO ACREDITADA,ACREDITADA,17/03/2021 - 17/03/2025,4.0,0,10600,1
2023,1077762,I123S2C47J1V1,4740444.0,2,200401,15 a 19 años,2022,1,2022,1,Institutos Profesionales,Institutos Profesionales,Institutos Profesionales,123,IP DE CHILE,2,CASA CENTRAL (SANTIAGO),47,TECNICO EN ENFERMERIA,Presencial,Diurna,1,Plan Regular,5,1,5,Metropolitana,SANTIAGO,SANTIAGO,Pregrado,Técnico de Nivel Superior,Carreras Técnicas,Educación Media,VIGENTE CON ALUMNOS NUEVOS,Monto en Pesos,140000,2151000,,Salud,Salud y Servicios Sociales,Medicina,Técnico en Enfermería,Salud y Bienestar,Salud,ACREDITADA,ACREDITADA,17/03/2021 - 17/03/2025,4.0,0,10600,1
2022,33725,I39S8C42J1V1,24762993.0,2,197909,40 y más años,2021,1,2021,1,Universidades,Universidades Privadas,Universidades Privadas,39,UNIVERSIDAD SAN SEBASTIAN,8,SEDE PATAGONIA (PUERTO MONTT),42,ARQUITECTURA,Presencial,Diurna,1,Plan Regular,11,1,11,Los Lagos,LLANQUIHUE,PUERTO MONTT,Pregrado,Profesional Con Licenciatura,Carreras Profesionales,Educación Media,VIGENTE CON ALUMNOS NUEVOS,Monto en Pesos,200300,4088300,50201.0,Arte y Arquitectura,"Ingeniería, Industria y Construcción",Arquitectura y Construcción,Arquitectura,"Ingeniería, Industria y Construcción",Arquitectura y Construcción,ACREDITADA,ACREDITADA,28/10/2021 - 28/10/2026,5.0,0,126000,5
2022,1082738,I89S1C10J1V1,25705823.0,1,199411,25 a 29 años,2018,1,2018,1,Universidades,Universidades CRUCH,Universidades Privadas CRUCH,89,PONTIFICIA UNIVERSIDAD CATOLICA DE VALPARAISO,1,CASA CENTRAL,10,CONTADOR AUDITOR,Presencial,Diurna,1,Plan Regular,10,0,10,Valparaíso,VALPARAISO,VALPARAISO,Pregrado,Profesional Con Licenciatura,Carreras Profesionales,Educación Media,VIGENTE CON ALUMNOS NUEVOS,Monto en Pesos,220000,3761000,14006.0,Administración y Comercio,"Ciencias Sociales, Enseñanza Comercial y Derecho",Enseñanza Comercial y Administración,Contador Auditor,Administración de Empresas y Derecho,Educación Comercial y Administración,NO ACREDITADA,ACREDITADA,19/01/2022 - 19/01/2029,7.0,0,73000,6
2023,725661,I78S3C293J1V1,6915870.0,1,200202,20 a 24 años,2020,1,2020,1,Universidades,Universidades CRUCH,Universidades Estatales CRUCH,78,UNIVERSIDAD DE TALCA,3,CAMPUS CURICO,293,INGENIERIA CIVIL ELECTRICA,Presencial,Diurna,1,Plan Regular,11,1,11,Maule,CURICO,CURICO,Pregrado,Profesional Con Licenciatura,Carreras Profesionales,Educación Media,VIGENTE CON ALUMNOS NUEVOS,Monto en Pesos,225000,4874000,34078.0,Tecnología,"Ingeniería, Industria y Construcción",Ingeniería y Profesiones Afines,Ingeniería Civil Eléctrica,"Ingeniería, Industria y Construcción",Ingeniería y Profesiones Afines,NO ACREDITADA,ACREDITADA,27/11/2019 - 27/11/2025,6.0,0,218100,1
2022,989980,I20S3C116J1V1,23647196.0,1,200306,15 a 19 años,2022,1,2022,1,Universidades,Universidades Privadas,Universidades Privadas,20,UNIVERSIDAD ANDRES BELLO,3,SEDE VIÑA DEL MAR,116,INGENIERIA CIVIL INFORMATICA,Presencial,Diurna,1,Plan Regular,10,0,10,Valparaíso,VALPARAISO,VIÑA DEL MAR,Pregrado,Profesional Con Licenciatura,Carreras Profesionales,Educación Media,VIGENTE CON ALUMNOS NUEVOS,Monto en Pesos,462000,4284000,41162.0,Tecnología,Ciencias,Informática,Ingeniería Civil en Computación e Informática,Tecnología de la Información y la Comunicación (TIC),Tecnología de la Información y la Comunicación (TIC),ACREDITADA,ACREDITADA,24/12/2017 - 24/12/2022,5.0,0,61552,1
2023,379973,I10S6C25J1V1,1174556.0,2,199704,25 a 29 años,2017,1,2017,1,Universidades,Universidades Privadas,Universidades Privadas,10,UNIVERSIDAD MAYOR,6,SEDE HUECHURABA,25,NUTRICION Y DIETETICA,Presencial,Diurna,1,Plan Regular,10,0,10,Metropolitana,SANTIAGO,HUECHURABA,Pregrado,Profesional Con Licenciatura,Carreras Profesionales,Educación Media,VIGENTE CON ALUMNOS NUEVOS,Monto en Pesos,556000,6101540,39120.0,Salud,Salud y Servicios Sociales,Medicina,Nutrición y Dietética,Salud y Bienestar,Salud,ACREDITADA,ACREDITADA,27/10/2021 - 27/10/2026,5.0,0,220000,1
2022,256987,I39S6C45J1V2,16320838.0,1,199607,25 a 29 años,2016,1,2016,1,Universidades,Universidades Privadas,Universidades Privadas,39,UNIVERSIDAD SAN SEBASTIAN,6,SEDE SANTIAGO,45,INGENIERIA CIVIL INDUSTRIAL,Presencial,Diurna,2,Plan Regular,10,1,10,Metropolitana,SANTIAGO,SANTIAGO,Pregrado,Profesional Con Licenciatura,Carreras Profesionales,Educación Media,VIGENTE CON ALUMNOS NUEVOS,Monto en Pesos,200300,5324200,50806.0,Tecnología,"Ingeniería, Industria y Construcción",Ingeniería y Profesiones Afines,Ingeniería Civil Industrial,"Ingeniería, Industria y Construcción",Ingeniería y Profesiones Afines,ACREDITADA,ACREDITADA,28/10/2021 - 28/10/2026,5.0,0,126000,1
2022,1050406,I39S2C3J1V1,24531895.0,1,200403,15 a 19 años,2022,1,2022,1,Universidades,Universidades Privadas,Universidades Privadas,39,UNIVERSIDAD SAN SEBASTIAN,2,SEDE CONCEPCION,3,DERECHO,Presencial,Diurna,1,Plan Regular,10,1,10,Biobío,CONCEPCION,CONCEPCION,Pregrado,Profesional Con Licenciatura,Carreras Profesionales,Educación Media,VIGENTE CON ALUMNOS NUEVOS,Monto en Pesos,200300,4618400,50102.0,Derecho,"Ciencias Sociales, Enseñanza Comercial y Derecho",Derecho,Derecho,Administración de Empresas y Derecho,Derecho,ACREDITADA,ACREDITADA,28/10/2021 - 28/10/2026,5.0,0,126000,1
2022,318723,I13S6C13J1V1,19666517.0,2,199604,25 a 29 años,2015,1,2015,1,Universidades,Universidades Privadas,Universidades Privadas,13,UNIVERSIDAD SANTO TOMAS,6,SEDE VIÑA DEL MAR,13,ENFERMERIA,Presencial,Diurna,1,Plan Regular,10,0,10,Valparaíso,VALPARAISO,VIÑA DEL MAR,Pregrado,Profesional Con Licenciatura,Carreras Profesionales,Educación Media,VIGENTE CON ALUMNOS NUEVOS,Monto en Pesos,143000,4643000,55024.0,Salud,Salud y Servicios Sociales,Medicina,Enfermería,Salud y Bienestar,Salud,NO ACREDITADA,ACREDITADA,31/03/2021 - 31/03/2025,4.0,0,110000,1
2022,797273,I80S1C303J1V1,18952550.0,2,200108,20 a 24 años,2020,1,2020,1,Universidades,Universidades CRUCH,Universidades Estatales CRUCH,80,UNIVERSIDAD DE TARAPACA,1,CASA CENTRAL (ARICA),303,MEDICINA,Presencial,Diurna,1,Plan Regular,14,4,14,Arica y Parinacota,ARICA,ARICA,Pregrado,Profesional Con Licenciatura,Carreras Profesionales,Educación Media,VIGENTE CON ALUMNOS NUEVOS,Monto en Pesos,165000,6071000,22050.0,Salud,Salud y Servicios Sociales,Medicina,Medicina,Salud y Bienestar,Salud,ACREDITADA,ACREDITADA,22/11/2017 - 22/11/2022,5.0,0,283000,1
2023,1191218,I80S1C9J1V2,1237591.0,1,200502,15 a 19 años,2023,1,2023,1,Universidades,Universidades CRUCH,Universidades Estatales CRUCH,80,UNIVERSIDAD DE TARAPACA,1,CASA CENTRAL (ARICA),9,KINESIOLOGIA Y REHABILITACION,Presencial,Diurna,2,Plan Regular,10,1,10,Arica y Parinacota,ARICA,ARICA,Pregrado,Profesional Con Licenciatura,Carreras Profesionales,Educación Media,VIGENTE CON ALUMNOS NUEVOS,Monto en Pesos,188000,4352000,22052.0,Salud,Salud y Servicios Sociales,Medicina,Kinesiología,Salud y Bienestar,Salud,NO ACREDITADA,ACREDITADA,22/11/2017 - 22/11/2022,5.0,0,323000,1
2022,938027,I74S1C17J1V1,22306133.0,1,200211,15 a 19 años,2022,1,2022,1,Universidades,Universidades CRUCH,Universidades Estatales CRUCH,74,UNIVERSIDAD DE LA SERENA,1,LA SERENA,17,INGENIERIA CIVIL,Presencial,Diurna,1,Plan Regular,12,0,12,Coquimbo,ELQUI,LA SERENA,Pregrado,Profesional Con Licenciatura,Carreras Profesionales,Educación Media,VIGENTE CON ALUMNOS NUEVOS,Monto en Pesos,179500,3372000,25004.0,Tecnología,"Ingeniería, Industria y Construcción",Ingeniería y Profesiones Afines,"Ingeniería Civil, plan común y licenciatura en Ciencias de la Ingeniería","Ingeniería, Industria y Construcción",Ingeniería y Profesiones Afines,NO ACREDITADA,ACREDITADA,03/11/2021 - 03/11/2026,5.0,0,197700,1
2023,574246,I78S1C338J1V1,7045389.0,2,200007,20 a 24 años,2019,1,2019,1,Universidades,Universidades CRUCH,Universidades Estatales CRUCH,78,UNIVERSIDAD DE TALCA,1,CASA CENTRAL (TALCA),338,OBSTETRICIA Y PUERICULTURA,Presencial,Diurna,1,Plan Regular,10,2,10,Maule,TALCA,TALCA,Pregrado,Profesional Con Licenciatura,Carreras Profesionales,Educación Media,VIGENTE CON ALUMNOS NUEVOS,Monto en Pesos,225000,4051000,34021.0,Salud,Salud y Servicios Sociales,Medicina,Obstetricia y Puericultura,Salud y Bienestar,Salud,NO ACREDITADA,ACREDITADA,27/11/2019 - 27/11/2025,6.0,0,218100,1
2023,652990,I92S1C41J1V1,8887977.0,1,200106,20 a 24 años,2020,1,2020,1,Universidades,Universidades CRUCH,Universidades Privadas CRUCH,92,UNIVERSIDAD CATOLICA DEL MAULE,1,CASA CENTRAL,41,MEDICINA,Presencial,Diurna,1,Plan Regular,14,0,14,Maule,TALCA,TALCA,Pregrado,Profesional Con Licenciatura,Carreras Profesionales,Educación Media,VIGENTE CON ALUMNOS NUEVOS,Monto en Pesos,168000,8711000,35005.0,Salud,Salud y Servicios Sociales,Medicina,Medicina,Salud y Bienestar,Salud,ACREDITADA,ACREDITADA,20/01/2021 - 20/01/2026,5.0,0,233000,1
2022,941480,I72S1C1J1V1,17682196.0,2,200212,15 a 19 años,2021,1,2021,1,Universidades,Universidades CRUCH,Universidades Estatales CRUCH,72,UNIVERSIDAD DE VALPARAISO,1,CASA CENTRAL (VALPARAISO),1,ARQUITECTURA,Presencial,Diurna,1,Plan Regular,12,2,12,Valparaíso,VALPARAISO,VALPARAISO,Pregrado,Profesional Con Licenciatura,Carreras Profesionales,Educación Media,VIGENTE CON ALUMNOS NUEVOS,Monto en Pesos,176000,4281000,19020.0,Arte y Arquitectura,"Ingeniería, Industria y Construcción",Arquitectura y Construcción,Arquitectura,"Ingeniería, Industria y Construcción",Arquitectura y Construcción,NO ACREDITADA,ACREDITADA,25/10/2017 - 25/10/2022,5.0,0,154000,1
2022,397648,I13S1C160J1V1,23223559.0,2,199705,25 a 29 años,2017,1,2017,1,Universidades,Universidades Privadas,Universidades Privadas,13,UNIVERSIDAD SANTO TOMAS,1,CASA CENTRAL (SANTIAGO),160,FONOAUDIOLOGIA,Presencial,Diurna,1,Plan Regular,10,0,10,Metropolitana,SANTIAGO,SANTIAGO,Pregrado,Profesional Con Licenciatura,Carreras Profesionales,Educación Media,VIGENTE CON ALUMNOS NUEVOS,Monto en Pesos,104000,4326000,55095.0,Salud,Salud y Servicios Sociales,Medicina,Fonoaudiología,Salud y Bienestar,Salud,NO ACREDITADA,ACREDITADA,31/03/2021 - 31/03/2025,4.0,0,110000,1
2022,778051,I70S1C873J1V1,23628472.0,1,200110,20 a 24 años,2020,1,2020,1,Universidades,Universidades CRUCH,Universidades Estatales CRUCH,70,UNIVERSIDAD DE CHILE,1,SANTIAGO,873,INGENIERIA EN SONIDO,Presencial,Diurna,1,Plan Regular,10,0,10,Metropolitana,SANTIAGO,SANTIAGO,Pregrado,Profesional Con Licenciatura,Carreras Profesionales,Educación Media,VIGENTE CON ALUMNOS NUEVOS,Monto en Pesos,157900,4639000,11524.0,Tecnología,"Ingeniería, Industria y Construcción",Ingeniería y Profesiones Afines,Ingeniería en Sonido,"Ingeniería, Industria y Construcción",Ingeniería y Profesiones Afines,NO ACREDITADA,ACREDITADA,22/12/2018 - 22/12/2025,7.0,0,75000,1
2023,1205697,I39S7C3J1V1,9442497.0,2,200504,15 a 19 años,2023,1,2023,1,Universidades,Universidades Privadas,Universidades Privadas,39,UNIVERSIDAD SAN SEBASTIAN,7,SEDE VALDIVIA,3,DERECHO,Presencial,Diurna,1,Plan Regular,10,1,10,Los Ríos,VALDIVIA,VALDIVIA,Pregrado,Profesional Con Licenciatura,Carreras Profesionales,Educación Media,VIGENTE CON ALUMNOS NUEVOS,Monto en Pesos,228300,4953600,50502.0,Derecho,"Ciencias Sociales, Enseñanza Comercial y Derecho",Derecho,Derecho,Administración de Empresas y Derecho,Derecho,NO ACREDITADA,ACREDITADA,28/10/2021 - 28/10/2026,5.0,0,0,1
2023,468166,I39S8C16J1V1,7005305.0,2,199903,20 a 24 años,2019,1,2019,1,Universidades,Universidades Privadas,Universidades Privadas,39,UNIVERSIDAD SAN SEBASTIAN,8,SEDE PATAGONIA (PUERTO MONTT),16,ENFERMERIA,Presencial,Diurna,1,Plan Regular,10,1,10,Los Lagos,LLANQUIHUE,PUERTO MONTT,Pregrado,Profesional Con Licenciatura,Carreras Profesionales,Educación Media,VIGENTE CON ALUMNOS NUEVOS,Monto en Pesos,228300,4879800,50221.0,Salud,Salud y Servicios Sociales,Medicina,Enfermería,Salud y Bienestar,Salud,NO ACREDITADA,ACREDITADA,28/10/2021 - 28/10/2026,5.0,0,0,1
2023,643256,I45S2C32J1V1,147777.0,2,200006,20 a 24 años,2020,1,2020,1,Universidades,Universidades Privadas,Universidades Privadas,45,UNIVERSIDAD DEL DESARROLLO,2,SEDE SANTIAGO (LAS CONDES),32,MEDICINA,Presencial,Diurna,1,Plan Regular,14,0,14,Metropolitana,SANTIAGO,LAS CONDES,Pregrado,Profesional Con Licenciatura,Carreras Profesionales,Educación Media,VIGENTE CON ALUMNOS NUEVOS,Monto en UF,40,314,44019.0,Salud,Salud y Servicios Sociales,Medicina,Medicina,Salud y Bienestar,Salud,ACREDITADA,ACREDITADA,16/12/2021 - 16/12/2027,6.0,0,0,1
2022,657224,I86S5C300J1V1,20007278.0,2,200008,20 a 24 años,2020,1,2020,1,Universidades,Universidades CRUCH,Universidades Privadas CRUCH,86,PONTIFICIA UNIVERSIDAD CATOLICA DE CHILE,5,CAMPUS SAN JOAQUIN,300,COLLEGE CIENCIAS SOCIALES (LICENCIATURA),Presencial,Diurna,1,Plan Regular,8,0,8,Metropolitana,SANTIAGO,MACUL,Pregrado,"Bachillerato, Ciclo Inicial o Plan Común",Carreras Profesionales,Educación Media,VIGENTE CON ALUMNOS NUEVOS,Monto en Pesos,147000,6142000,12028.0,Ciencias Sociales,"Ciencias Sociales, Enseñanza Comercial y Derecho",Ciencias Sociales y del Comportamiento,Bachillerato y/o Licenciatura en Ciencias Sociales,"Ciencias Sociales, Periodismo e Información",Ciencias Sociales y del Comportamiento,NO ACREDITADA,ACREDITADA,01/12/2018 - 01/12/2025,7.0,0,0,1
2022,731889,I86S5C131J1V2,22294418.0,2,200105,20 a 24 años,2021,1,2021,1,Universidades,Universidades CRUCH,Universidades Privadas CRUCH,86,PONTIFICIA UNIVERSIDAD CATOLICA DE CHILE,5,CAMPUS SAN JOAQUIN,131,INGENIERIA CIVIL,Presencial,Diurna,2,Plan Regular,11,0,11,Metropolitana,SANTIAGO,MACUL,Pregrado,Profesional Con Licenciatura,Carreras Profesionales,Educación Media,VIGENTE CON ALUMNOS NUEVOS,Monto en Pesos,147000,7526000,12039.0,Tecnología,"Ingeniería, Industria y Construcción",Ingeniería y Profesiones Afines,"Ingeniería Civil, plan común y licenciatura en Ciencias de la Ingeniería","Ingeniería, Industria y Construcción",Ingeniería y Profesiones Afines,NO ACREDITADA,ACREDITADA,01/12/2018 - 01/12/2025,7.0,0,0,1
2023,443104,I139S1C11J1V2,8777469.0,1,199809,20 a 24 años,2022,1,2022,1,Institutos Profesionales,Institutos Profesionales,Institutos Profesionales,139,IP DR. VIRGINIO GOMEZ G.,1,SEDE LOS ANGELES,11,INGENIERIA EN CONSTRUCCION,Presencial,Diurna,2,Plan Regular,9,0,9,Biobío,BIOBIO,LOS ANGELES,Pregrado,Profesional Sin Licenciatura,Carreras Profesionales,Educación Media,VIGENTE CON ALUMNOS NUEVOS,Monto en Pesos,180000,2081000,,Tecnología,"Ingeniería, Industria y Construcción",Arquitectura y Construcción,Ingeniería en Construcción,"Ingeniería, Industria y Construcción",Arquitectura y Construcción,NO ACREDITADA,ACREDITADA,17/03/2021 - 17/03/2025,4.0,0,0,1
2023,866850,I144S1C7J1V1,1469750.0,2,200207,20 a 24 años,2023,1,2023,1,Institutos Profesionales,Institutos Profesionales,Institutos Profesionales,144,IP ARCOS,1,CASA CENTRAL (SANTIAGO),7,COMUNICACION AUDIOVISUAL,Presencial,Diurna,1,Plan Regular,8,0,8,Metropolitana,SANTIAGO,SANTIAGO,Pregrado,Profesional Sin Licenciatura,Carreras Profesionales,Educación Media,VIGENTE CON ALUMNOS NUEVOS,Monto en Pesos,218000,4425500,,Arte y Arquitectura,Humanidades y Artes,Artes,Comunicación Audiovisual y/o Multimedia,Artes y Humanidades,Artes,NO ACREDITADA,ACREDITADA,08/09/2021 - 08/09/2025,4.0,0,0,1
2023,1268741,I106S6C297J4V1,3314472.0,1,198208,40 y más años,2020,2,2020,2,Institutos Profesionales,Institutos Profesionales,Institutos Profesionales,106,IP PROVIDENCIA,6,SEDE VICUÑA MACKENNA (SANTIAGO VICUÑA MACKENNA 380),297,INGENIERIA INDUSTRIAL,No Presencial,A Distancia,1,Plan Regular,8,1,8,Metropolitana,SANTIAGO,PROVIDENCIA,Pregrado,Profesional Sin Licenciatura,Carreras Profesionales,Educación Media,VIGENTE CON ALUMNOS NUEVOS,Monto en Pesos,136000,1822096,,Tecnología,"Ingeniería, Industria y Construcción",Ingeniería y Profesiones Afines,Ingeniería Industrial,"Ingeniería, Industria y Construcción",Ingeniería y Profesiones Afines,NO ACREDITADA,ACREDITADA,13/04/2022 - 13/04/2025,3.0,0,0,1
2023,1267522,I106S6C20J4V2,1099393.0,2,199909,20 a 24 años,2023,1,2023,1,Institutos Profesionales,Institutos Profesionales,Institutos Profesionales,106,IP PROVIDENCIA,6,SEDE VICUÑA MACKENNA (SANTIAGO VICUÑA MACKENNA 380),20,SERVICIO SOCIAL,No Presencial,A Distancia,2,Plan Especial,4,1,4,Metropolitana,SANTIAGO,PROVIDENCIA,Pregrado,Profesional Sin Licenciatura,Carreras Profesionales,Educación Media,VIGENTE CON ALUMNOS NUEVOS,Monto en Pesos,136000,1747387,,Ciencias Sociales,Salud y Servicios Sociales,Servicios Sociales,Trabajo Social,Salud y Bienestar,Bienestar,NO ACREDITADA,ACREDITADA,13/04/2022 - 13/04/2025,3.0,0,0,1
2023,1152223,I139S1C32J1V2,3471246.0,2,200409,15 a 19 años,2023,1,2023,1,Institutos Profesionales,Institutos Profesionales,Institutos Profesionales,139,IP DR. VIRGINIO GOMEZ G.,1,SEDE LOS ANGELES,32,TECNICO EN EDUCACION DIFERENCIAL,Presencial,Diurna,2,Plan Regular,4,0,4,Biobío,BIOBIO,LOS ANGELES,Pregrado,Técnico de Nivel Superior,Carreras Técnicas,Educación Media,VIGENTE CON ALUMNOS NUEVOS,Monto en Pesos,170000,1728000,,Educación,Educación,Formación de Personal Docente y Ciencias de la Educación,Técnico Asistente del Educador Diferencial,Educación,Educación,NO ACREDITADA,ACREDITADA,17/03/2021 - 17/03/2025,4.0,0,0,1
2023,774781,I633S0C41J1V2,7603593.0,1,200108,20 a 24 años,2022,1,2022,1,Centros de Formación Técnica,Centros de Formación Técnica,Centros de Formación Técnica,633,CFT TEODORO WICKEL KLUWEN,0,CASA CENTRAL (TEMUCO),41,TECNICO DE NIVEL SUPERIOR EN ENFERMERIA,Presencial,Diurna,2,Plan Regular,4,0,4,La Araucanía,CAUTIN,TEMUCO,Pregrado,Técnico de Nivel Superior,Carreras Técnicas,Educación Media,VIGENTE CON ALUMNOS NUEVOS,Monto en Pesos,98000,2135000,,Salud,Salud y Servicios Sociales,Medicina,Técnico en Enfermería,Salud y Bienestar,Salud,NO ACREDITADA,ACREDITADA,24/03/2021 - 24/03/2025,4.0,0,0,1
2023,606922,I430S25C39J1V2,737034.0,2,200012,20 a 24 años,2023,1,2023,1,Centros de Formación Técnica,Centros de Formación Técnica,Centros de Formación Técnica,430,CFT INACAP,25,SEDE OSORNO,39,TECNICO EN ENFERMERIA,Presencial,Diurna,2,Plan Regular,5,0,5,Los Lagos,OSORNO,OSORNO,Pregrado,Técnico de Nivel Superior,Carreras Técnicas,Educación Media,VIGENTE CON ALUMNOS NUEVOS,Monto en Pesos,263000,2422000,,Salud,Salud y Servicios Sociales,Medicina,Técnico en Enfermería,Salud y Bienestar,Salud,NO ACREDITADA,ACREDITADA,05/01/2018 - 05/01/2025,7.0,0,0,1
2023,1194830,I430S20C39J1V2,3503250.0,2,200503,15 a 19 años,2023,1,2023,1,Centros de Formación Técnica,Centros de Formación Técnica,Centros de Formación Técnica,430,CFT INACAP,20,SEDE VALDIVIA,39,TECNICO EN ENFERMERIA,Presencial,Diurna,2,Plan Regular,5,0,5,Los Ríos,VALDIVIA,VALDIVIA,Pregrado,Técnico de Nivel Superior,Carreras Técnicas,Educación Media,VIGENTE CON ALUMNOS NUEVOS,Monto en Pesos,263000,2422000,,Salud,Salud y Servicios Sociales,Medicina,Técnico en Enfermería,Salud y Bienestar,Salud,NO ACREDITADA,ACREDITADA,05/01/2018 - 05/01/2025,7.0,0,0,1
2023,5490,I906S1C2J2V1,9539382.0,1,196806,40 y más años,2021,1,2021,1,Centros de Formación Técnica,Centros de Formación Técnica,Centros de Formación Técnica Estatales,906,CFT DE LA REGION DE TARAPACA,1,SEDE CENTRAL ALTO HOSPICIO,2,TECNICO DE NIVEL SUPERIOR EN LOGISTICA,Presencial,Vespertina,1,Plan Regular,5,0,5,Tarapacá,IQUIQUE,ALTO HOSPICIO,Pregrado,Técnico de Nivel Superior,Carreras Técnicas,Educación Media,VIGENTE CON ALUMNOS NUEVOS,Monto en Pesos,60000,1445722,,Administración y Comercio,"Ciencias Sociales, Enseñanza Comercial y Derecho",Enseñanza Comercial y Administración,Técnico en Logística,Administración de Empresas y Derecho,Educación Comercial y Administración,NO ACREDITADA,BAJO TUTELA,,,0,0,1
2023,469770,I367S1C16J2V1,6394825.0,2,199906,20 a 24 años,2021,1,2021,1,Centros de Formación Técnica,Centros de Formación Técnica,Centros de Formación Técnica,367,CFT SAN AGUSTIN,1,CASA CENTRAL (TALCA),16,TECNICO EN PARVULOS Y BASICA,Presencial,Vespertina,1,Plan Regular,5,0,5,Maule,TALCA,TALCA,Pregrado,Técnico de Nivel Superior,Carreras Técnicas,Educación Media,VIGENTE CON ALUMNOS NUEVOS,Monto en Pesos,60000,2065000,,Educación,Educación,Formación de Personal Docente y Ciencias de la Educación,Técnico Asistente del Educador de Párvulos,Educación,Educación,NO ACREDITADA,ACREDITADA,11/12/2018 - 11/12/2023,5.0,0,0,1
2023,966904,I260S47C118J1V1,3780583.0,2,200303,20 a 24 años,2021,1,2021,1,Centros de Formación Técnica,Centros de Formación Técnica,Centros de Formación Técnica,260,CFT SANTO TOMAS,47,SEDE PUENTE ALTO,118,TECNICO EN ENFERMERIA GINECO-OBSTETRICA Y NEONATAL,Presencial,Diurna,1,Plan Regular,5,0,5,Metropolitana,CORDILLERA,PUENTE ALTO,Pregrado,Técnico de Nivel Superior,Carreras Técnicas,Educación Media,VIGENTE CON ALUMNOS NUEVOS,Monto en Pesos,79000,2375000,,Salud,Salud y Servicios Sociales,Medicina,Técnico en Enfermería,Salud y Bienestar,Salud,NO ACREDITADA,ACREDITADA,20/12/2019 - 20/12/2024,5.0,0,0,1
2023,710036,I260S3C115J1V1,4639963.0,2,200107,20 a 24 años,2021,1,2021,1,Centros de Formación Técnica,Centros de Formación Técnica,Centros de Formación Técnica,260,CFT SANTO TOMAS,3,SEDE ANTOFAGASTA,115,TECNICO EN LABORATORIO CLINICO BANCO DE SANGRE E IMAGENOLOGIA,Presencial,Diurna,1,Plan Regular,5,0,5,Antofagasta,ANTOFAGASTA,ANTOFAGASTA,Pregrado,Técnico de Nivel Superior,Carreras Técnicas,Educación Media,VIGENTE CON ALUMNOS NUEVOS,Monto en Pesos,79000,2397000,,Salud,Salud y Servicios Sociales,Medicina,Técnico en Laboratorio Clínico,Salud y Bienestar,Salud,NO ACREDITADA,ACREDITADA,20/12/2019 - 20/12/2024,5.0,0,0,1
2023,229028,I260S37C119J1V1,1783988.0,2,199304,30 a 34 años,2021,1,2021,1,Centros de Formación Técnica,Centros de Formación Técnica,Centros de Formación Técnica,260,CFT SANTO TOMAS,37,SEDE PUERTO MONTT,119,TECNICO EN PODOLOGIA CLINICA,Presencial,Diurna,1,Plan Regular,5,0,5,Los Lagos,LLANQUIHUE,PUERTO MONTT,Pregrado,Técnico de Nivel Superior,Carreras Técnicas,Educación Media,VIGENTE CON ALUMNOS NUEVOS,Monto en Pesos,79000,1998000,,Salud,Salud y Servicios Sociales,Medicina,Técnico en Podología,Salud y Bienestar,Salud,NO ACREDITADA,ACREDITADA,20/12/2019 - 20/12/2024,5.0,0,0,1
2023,108453,I260S47C47J2V1,3122590.0,2,198509,35 a 39 años,2021,1,2021,1,Centros de Formación Técnica,Centros de Formación Técnica,Centros de Formación Técnica,260,CFT SANTO TOMAS,47,SEDE PUENTE ALTO,47,TECNICO EN ENFERMERIA,Presencial,Vespertina,1,Plan Regular,5,0,5,Metropolitana,CORDILLERA,PUENTE ALTO,Pregrado,Técnico de Nivel Superior,Carreras Técnicas,Educación Media,VIGENTE CON ALUMNOS NUEVOS,Monto en Pesos,79000,2192000,,Salud,Salud y Servicios Sociales,Medicina,Técnico en Enfermería,Salud y Bienestar,Salud,NO ACREDITADA,ACREDITADA,20/12/2019 - 20/12/2024,5.0,0,0,1
2023,203955,I260S50C108J2V1,567641.0,2,199111,30 a 34 años,2022,1,2022,1,Centros de Formación Técnica,Centros de Formación Técnica,Centros de Formación Técnica,260,CFT SANTO TOMAS,50,SEDE SAN JOAQUIN,108,PREPARADOR FISICO,Presencial,Vespertina,1,Plan Regular,5,0,5,Metropolitana,SANTIAGO,SAN JOAQUIN,Pregrado,Técnico de Nivel Superior,Carreras Técnicas,Educación Media,VIGENTE CON ALUMNOS NUEVOS,Monto en Pesos,79000,2143000,,Educación,Servicios,Servicios Personales,"Técnico en Deporte, Recreación y Preparación Física",Servicios,Servicios personales,NO ACREDITADA,ACREDITADA,20/12/2019 - 20/12/2024,5.0,0,0,1
2023,633937,I260S25C285J1V1,7649084.0,2,200007,20 a 24 años,2022,1,2022,1,Centros de Formación Técnica,Centros de Formación Técnica,Centros de Formación Técnica,260,CFT SANTO TOMAS,25,SEDE TALCA,285,TECNICO EN VETERINARIA Y PRODUCCION PECUARIA,Presencial,Diurna,1,Plan Regular,5,0,5,Maule,TALCA,TALCA,Pregrado,Técnico de Nivel Superior,Carreras Técnicas,Educación Media,VIGENTE CON ALUMNOS NUEVOS,Monto en Pesos,79000,2195000,,Agropecuaria,Agricultura,Veterinaria,Técnico Veterinario,"Agricultura, Silvicultura, Pesca y Veterinaria",Veterinaria,ACREDITADA,ACREDITADA,20/12/2019 - 20/12/2024,5.0,0,0,1
2023,810951,I260S1C320J1V1,5374847.0,2,200201,20 a 24 años,2022,1,2022,1,Centros de Formación Técnica,Centros de Formación Técnica,Centros de Formación Técnica,260,CFT SANTO TOMAS,1,SEDE ARICA,320,TECNICO EN EDUCACION PARVULARIA 1° Y 2° BASICO,Presencial,Diurna,1,Plan Regular,5,0,5,Arica y Parinacota,ARICA,ARICA,Pregrado,Técnico de Nivel Superior,Carreras Técnicas,Educación Media,VIGENTE CON ALUMNOS NUEVOS,Monto en Pesos,79000,1790000,,Educación,Educación,Formación de Personal Docente y Ciencias de la Educación,Técnico Asistente del Educador de Párvulos,Educación,Educación,NO ACREDITADA,ACREDITADA,20/12/2019 - 20/12/2024,5.0,0,0,1
2023,856676,I260S42C47J1V1,6916497.0,2,200206,20 a 24 años,2022,1,2022,1,Centros de Formación Técnica,Centros de Formación Técnica,Centros de Formación Técnica,260,CFT SANTO TOMAS,42,SEDE CHILLAN,47,TECNICO EN ENFERMERIA,Presencial,Diurna,1,Plan Regular,5,0,5,Ñuble,DIGUILLIN,CHILLAN,Pregrado,Técnico de Nivel Superior,Carreras Técnicas,Educación Media,VIGENTE CON ALUMNOS NUEVOS,Monto en Pesos,79000,2300000,,Salud,Salud y Servicios Sociales,Medicina,Técnico en Enfermería,Salud y Bienestar,Salud,NO ACREDITADA,ACREDITADA,20/12/2019 - 20/12/2024,5.0,0,0,1
2023,228175,I260S41C280J2V1,1282193.0,2,199210,30 a 34 años,2023,1,2023,1,Centros de Formación Técnica,Centros de Formación Técnica,Centros de Formación Técnica,260,CFT SANTO TOMAS,41,SEDE RANCAGUA,280,GASTRONOMIA INTERNACIONAL Y TRADICIONAL CHILENA,Presencial,Vespertina,1,Plan Regular,5,0,5,Lib. Gral. B. O'Higgins,CACHAPOAL,RANCAGUA,Pregrado,Técnico de Nivel Superior,Carreras Técnicas,Educación Media,VIGENTE CON ALUMNOS NUEVOS,Monto en Pesos,79000,2625000,,Administración y Comercio,Servicios,Servicios Personales,Técnico en Gastronomía y Cocina,Servicios,Servicios personales,NO ACREDITADA,ACREDITADA,20/12/2019 - 20/12/2024,5.0,0,0,1
2023,3795,I260S47C119J2V1,5397848.0,2,196504,40 y más años,2023,1,2023,1,Centros de Formación Técnica,Centros de Formación Técnica,Centros de Formación Técnica,260,CFT SANTO TOMAS,47,SEDE PUENTE ALTO,119,TECNICO EN PODOLOGIA CLINICA,Presencial,Vespertina,1,Plan Regular,5,0,5,Metropolitana,CORDILLERA,PUENTE ALTO,Pregrado,Técnico de Nivel Superior,Carreras Técnicas,Educación Media,VIGENTE CON ALUMNOS NUEVOS,Monto en Pesos,79000,1917000,,Salud,Salud y Servicios Sociales,Medicina,Técnico en Podología,Salud y Bienestar,Salud,NO ACREDITADA,ACREDITADA,20/12/2019 - 20/12/2024,5.0,0,0,1
2023,954736,I260S47C118J2V1,8464670.0,2,200302,20 a 24 años,2023,1,2023,1,Centros de Formación Técnica,Centros de Formación Técnica,Centros de Formación Técnica,260,CFT SANTO TOMAS,47,SEDE PUENTE ALTO,118,TECNICO EN ENFERMERIA GINECO-OBSTETRICA Y NEONATAL,Presencial,Vespertina,1,Plan Regular,5,0,5,Metropolitana,CORDILLERA,PUENTE ALTO,Pregrado,Técnico de Nivel Superior,Carreras Técnicas,Educación Media,VIGENTE CON ALUMNOS NUEVOS,Monto en Pesos,79000,2200000,,Salud,Salud y Servicios Sociales,Medicina,Técnico en Enfermería,Salud y Bienestar,Salud,NO ACREDITADA,ACREDITADA,20/12/2019 - 20/12/2024,5.0,0,0,1
2023,525216,I260S41C120J2V1,1241827.0,1,199910,20 a 24 años,2023,1,2023,1,Centros de Formación Técnica,Centros de Formación Técnica,Centros de Formación Técnica,260,CFT SANTO TOMAS,41,SEDE RANCAGUA,120,TECNICO EN ADMINISTRACION,Presencial,Vespertina,1,Plan Regular,5,0,5,Lib. Gral. B. O'Higgins,CACHAPOAL,RANCAGUA,Pregrado,Técnico de Nivel Superior,Carreras Técnicas,Educación Media,VIGENTE CON ALUMNOS NUEVOS,Monto en Pesos,79000,2052000,,Administración y Comercio,"Ciencias Sociales, Enseñanza Comercial y Derecho",Enseñanza Comercial y Administración,Técnico en Administración de Empresas,Administración de Empresas y Derecho,Educación Comercial y Administración,ACREDITADA,ACREDITADA,20/12/2019 - 20/12/2024,5.0,0,0,1
2023,2032,I260S38C100J1V1,6949450.0,2,196410,40 y más años,2023,1,2023,1,Centros de Formación Técnica,Centros de Formación Técnica,Centros de Formación Técnica,260,CFT SANTO TOMAS,38,SEDE VIÑA DEL MAR,100,TECNICO JURIDICO,Presencial,Diurna,1,Plan Regular,5,0,5,Valparaíso,VALPARAISO,VIÑA DEL MAR,Pregrado,Técnico de Nivel Superior,Carreras Técnicas,Educación Media,VIGENTE CON ALUMNOS NUEVOS,Monto en Pesos,79000,1998000,,Derecho,"Ciencias Sociales, Enseñanza Comercial y Derecho",Derecho,Técnico Jurídico,Administración de Empresas y Derecho,Derecho,NO ACREDITADA,ACREDITADA,20/12/2019 - 20/12/2024,5.0,0,0,1
2023,606128,I111S12C48J1V1,357329.0,1,200008,20 a 24 años,2020,1,2020,1,Institutos Profesionales,Institutos Profesionales,Institutos Profesionales,111,IP DUOC UC,12,SEDE PUENTE ALTO,48,INGENIERIA EN INFORMATICA,Presencial,Diurna,1,Plan Regular,8,1,8,Metropolitana,CORDILLERA,PUENTE ALTO,Pregrado,Profesional Sin Licenciatura,Carreras Profesionales,Educación Media,VIGENTE CON ALUMNOS NUEVOS,Monto en Pesos,304000,2970000,,Tecnología,Ciencias,Informática,Ingeniería en Computación e Informática,Tecnología de la Información y la Comunicación (TIC),Tecnología de la Información y la Comunicación (TIC),ACREDITADA,ACREDITADA,26/08/2017 - 26/08/2024,7.0,0,0,1
2023,648286,I111S15C53J1V1,10235204.0,1,200102,20 a 24 años,2021,1,2021,1,Institutos Profesionales,Institutos Profesionales,Institutos Profesionales,111,IP DUOC UC,15,SEDE MAIPU,53,INGENIERIA EN MEDIO AMBIENTE,Presencial,Diurna,1,Plan Regular,8,1,8,Metropolitana,SANTIAGO,MAIPU,Pregrado,Profesional Sin Licenciatura,Carreras Profesionales,Educación Media,VIGENTE CON ALUMNOS NUEVOS,Monto en Pesos,304000,3120000,,Tecnología,Servicios,Protección del Medio Ambiente,Ingeniería en Medio Ambiente,"Ingeniería, Industria y Construcción",Ingeniería y Profesiones Afines,NO ACREDITADA,ACREDITADA,26/08/2017 - 26/08/2024,7.0,0,0,1
2023,409131,I111S7C55J1V1,3558333.0,1,199710,25 a 29 años,2020,1,2020,1,Institutos Profesionales,Institutos Profesionales,Institutos Profesionales,111,IP DUOC UC,7,SEDE ALAMEDA,55,INGENIERIA EN ADMINISTRACION DE RECURSOS HUMANOS,Presencial,Diurna,1,Plan Regular,8,1,8,Metropolitana,SANTIAGO,SANTIAGO,Pregrado,Profesional Sin Licenciatura,Carreras Profesionales,Educación Media,VIGENTE SIN ALUMNOS NUEVOS,Monto en Pesos,304000,2860000,,Administración y Comercio,"Ciencias Sociales, Enseñanza Comercial y Derecho",Enseñanza Comercial y Administración,Ingeniería en Recursos Humanos,Administración de Empresas y Derecho,Educación Comercial y Administración,NO ACREDITADA,ACREDITADA,26/08/2017 - 26/08/2024,7.0,0,0,1
2023,1206343,I111S15C48J1V1,6652094.0,2,200505,15 a 19 años,2023,1,2023,1,Institutos Profesionales,Institutos Profesionales,Institutos Profesionales,111,IP DUOC UC,15,SEDE MAIPU,48,INGENIERIA EN INFORMATICA,Presencial,Diurna,1,Plan Regular,8,1,8,Metropolitana,SANTIAGO,MAIPU,Pregrado,Profesional Sin Licenciatura,Carreras Profesionales,Educación Media,VIGENTE CON ALUMNOS NUEVOS,Monto en Pesos,304000,2970000,,Tecnología,Ciencias,Informática,Ingeniería en Computación e Informática,Tecnología de la Información y la Comunicación (TIC),Tecnología de la Información y la Comunicación (TIC),ACREDITADA,ACREDITADA,26/08/2017 - 26/08/2024,7.0,0,0,1
2023,1081223,I111S15C58J1V1,9340089.0,1,200402,15 a 19 años,2023,1,2023,1,Institutos Profesionales,Institutos Profesionales,Institutos Profesionales,111,IP DUOC UC,15,SEDE MAIPU,58,TECNICO EN MECANICA AUTOMOTRIZ Y AUTOTRONICA,Presencial,Diurna,1,Plan Regular,5,1,5,Metropolitana,SANTIAGO,MAIPU,Pregrado,Técnico de Nivel Superior,Carreras Técnicas,Educación Media,VIGENTE CON ALUMNOS NUEVOS,Monto en Pesos,232000,2590000,,Tecnología,"Ingeniería, Industria y Construcción",Ingeniería y Profesiones Afines,Técnico en Mecánica Automotriz,"Ingeniería, Industria y Construcción",Ingeniería y Profesiones Afines,NO ACREDITADA,ACREDITADA,26/08/2017 - 26/08/2024,7.0,0,0,1
2023,106444,I111S12C21J2V1,2398039.0,1,198604,35 a 39 años,2023,1,2023,1,Institutos Profesionales,Institutos Profesionales,Institutos Profesionales,111,IP DUOC UC,12,SEDE PUENTE ALTO,21,TECNICO EN CONSTRUCCION,Presencial,Vespertina,1,Plan Regular,5,1,5,Metropolitana,CORDILLERA,PUENTE ALTO,Pregrado,Técnico de Nivel Superior,Carreras Técnicas,Educación Media,VIGENTE CON ALUMNOS NUEVOS,Monto en Pesos,232000,2440000,,Tecnología,"Ingeniería, Industria y Construcción",Arquitectura y Construcción,Técnico en Construcción y Obras Civiles,"Ingeniería, Industria y Construcción",Arquitectura y Construcción,NO ACREDITADA,ACREDITADA,26/08/2017 - 26/08/2024,7.0,0,0,1
2023,1065503,I111S26C22J1V1,2828265.0,1,200312,15 a 19 años,2022,1,2022,1,Institutos Profesionales,Institutos Profesionales,Institutos Profesionales,111,IP DUOC UC,26,CAMPUS VILLARRICA,22,INGENIERIA EN MECANICA AUTOMOTRIZ Y AUTOTRONICA,Presencial,Diurna,1,Plan Regular,8,1,8,La Araucanía,CAUTIN,VILLARRICA,Pregrado,Profesional Sin Licenciatura,Carreras Profesionales,Educación Media,VIGENTE CON ALUMNOS NUEVOS,Monto en Pesos,258000,2660000,,Tecnología,"Ingeniería, Industria y Construcción",Ingeniería y Profesiones Afines,Ingeniería en Mecánica Automotriz,"Ingeniería, Industria y Construcción",Ingeniería y Profesiones Afines,NO ACREDITADA,ACREDITADA,26/08/2017 - 26/08/2024,7.0,0,0,1
2023,405890,I111S3C97J1V1,1579724.0,1,199801,25 a 29 años,2023,1,2023,1,Institutos Profesionales,Institutos Profesionales,Institutos Profesionales,111,IP DUOC UC,3,SEDE CONCEPCION,97,INFORMATICA BIOMEDICA,Presencial,Diurna,1,Plan Regular,8,1,8,Biobío,CONCEPCION,CONCEPCION,Pregrado,Profesional Sin Licenciatura,Carreras Profesionales,Educación Media,VIGENTE CON ALUMNOS NUEVOS,Monto en Pesos,258000,2640000,,Tecnología,Ciencias,Informática,Otros Profesionales de Tecnología,Tecnología de la Información y la Comunicación (TIC),Tecnología de la Información y la Comunicación (TIC),NO ACREDITADA,ACREDITADA,26/08/2017 - 26/08/2024,7.0,0,0,1
2023,1069941,I111S25C58J1V1,577020.0,1,200401,15 a 19 años,2022,1,2022,1,Institutos Profesionales,Institutos Profesionales,Institutos Profesionales,111,IP DUOC UC,25,SEDE PUERTO MONTT,58,TECNICO EN MECANICA AUTOMOTRIZ Y AUTOTRONICA,Presencial,Diurna,1,Plan Regular,5,1,5,Los Lagos,LLANQUIHUE,PUERTO MONTT,Pregrado,Técnico de Nivel Superior,Carreras Técnicas,Educación Media,VIGENTE CON ALUMNOS NUEVOS,Monto en Pesos,210000,2590000,,Tecnología,"Ingeniería, Industria y Construcción",Ingeniería y Profesiones Afines,Técnico en Mecánica Automotriz,"Ingeniería, Industria y Construcción",Ingeniería y Profesiones Afines,NO ACREDITADA,ACREDITADA,26/08/2017 - 26/08/2024,7.0,0,0,1
2023,127714,I81S5C562J2V1,1368804.0,1,198712,35 a 39 años,1900,0,2023,1,Universidades,Universidades CRUCH,Universidades Estatales CRUCH,81,UNIVERSIDAD ARTURO PRAT,5,SEDE ARICA,562,INGENIERIA EN ADMINISTRACION DE EMPRESAS,Presencial,Vespertina,1,Plan Regular de Continuidad,4,0,4,Arica y Parinacota,ARICA,ARICA,Pregrado,Profesional Sin Licenciatura,Carreras Profesionales,Técnico de Nivel Superior,VIGENTE CON ALUMNOS NUEVOS,Monto en Pesos,217000,3062000,0.0,Administración y Comercio,"Ciencias Sociales, Enseñanza Comercial y Derecho",Enseñanza Comercial y Administración,Administración de Empresas e Ing. Asociadas,Administración de Empresas y Derecho,Educación Comercial y Administración,NO ACREDITADA,ACREDITADA,06/07/2022 - 06/07/2027,5.0,230000,561000,5
2022,154121,I81S1C127J2V3,19828582.0,1,199008,30 a 34 años,1900,0,2021,1,Universidades,Universidades CRUCH,Universidades Estatales CRUCH,81,UNIVERSIDAD ARTURO PRAT,1,CASA CENTRAL (IQUIQUE),127,INGENIERIA CIVIL INDUSTRIAL MENCION GESTION,Presencial,Vespertina,3,Plan Especial,12,0,12,Tarapacá,IQUIQUE,IQUIQUE,Pregrado,Profesional Con Licenciatura,Carreras Profesionales,Título Profesional,VIGENTE CON ALUMNOS NUEVOS,Monto en Pesos,160000,3687000,0.0,Tecnología,"Ingeniería, Industria y Construcción",Ingeniería y Profesiones Afines,Ingeniería Civil Industrial,"Ingeniería, Industria y Construcción",Ingeniería y Profesiones Afines,NO ACREDITADA,ACREDITADA,21/12/2017 - 21/12/2021,4.0,161000,489000,5
2022,312864,I20S1C539J4V1,19697801.0,2,199603,25 a 29 años,1900,0,2022,1,Universidades,Universidades Privadas,Universidades Privadas,20,UNIVERSIDAD ANDRES BELLO,1,CASA CENTRAL (SANTIAGO),539,LICENCIATURA EN TRABAJO SOCIAL,No Presencial,A Distancia,1,Plan Regular de Continuidad,2,0,2,Metropolitana,SANTIAGO,SANTIAGO,Pregrado,Licenciatura No Conducente a Título,Carreras Profesionales,Título Profesional,VIGENTE CON ALUMNOS NUEVOS,Monto en Pesos,342000,3454000,0.0,Ciencias Sociales,Salud y Servicios Sociales,Servicios Sociales,Trabajo Social,Salud y Bienestar,Bienestar,NO ACREDITADA,ACREDITADA,24/12/2017 - 24/12/2022,5.0,215432,123104,5
2023,1377682,I71S1C621J2V1,8078143.0,1,197406,40 y más años,2023,1,2023,1,Universidades,Universidades CRUCH,Universidades Estatales CRUCH,71,UNIVERSIDAD DE SANTIAGO DE CHILE,1,CASA CENTRAL (SANTIAGO),621,DIPLOMADO EN INSPECCION TECNICA Y SUPERVISION DE OBRAS,Presencial,Vespertina,1,Plan Regular,1,0,1,Metropolitana,SANTIAGO,ESTACION CENTRAL,Postítulo,Diplomado (desde un semestre),Postítulo,Título Profesional,VIGENTE CON ALUMNOS NUEVOS,Monto en Pesos,76160,1100000,0.0,Tecnología,"Ingeniería, Industria y Construcción",Arquitectura y Construcción,Postítulo en Tecnología,"Ingeniería, Industria y Construcción",Arquitectura y Construcción,NO ACREDITADA,ACREDITADA,25/02/2021 - 25/02/2028,7.0,34720,34720,1
2023,846776,I280S5C356J2V2,3094435.0,2,200205,20 a 24 años,2023,1,2023,1,Centros de Formación Técnica,Centros de Formación Técnica,Centros de Formación Técnica,280,CFT LOS LAGOS,5,SEDE QUILLOTA,356,TECNICO EN EDUCACION DIFERENCIAL,Presencial,Vespertina,2,Plan Regular,5,1,5,Valparaíso,QUILLOTA,QUILLOTA,Pregrado,Técnico de Nivel Superior,Carreras Técnicas,Educación Media,VIGENTE CON ALUMNOS NUEVOS,Monto en Pesos,0,1239000,,Educación,Educación,Formación de Personal Docente y Ciencias de la Educación,Técnico Asistente del Educador Diferencial,Educación,Educación,NO ACREDITADA,NO ACREDITADA,,,241000,93000,1
2023,40476,I155S2C9J2V1,4515204.0,2,197905,40 y más años,2023,1,2023,1,Institutos Profesionales,Institutos Profesionales,Institutos Profesionales,155,IP LOS LEONES,2,CASA CENTRAL (SANTIAGO),9,SERVICIO SOCIAL,Presencial,Vespertina,1,Plan Regular,8,1,8,Metropolitana,SANTIAGO,SANTIAGO,Pregrado,Profesional Sin Licenciatura,Carreras Profesionales,Educación Media,VIGENTE CON ALUMNOS NUEVOS,Monto en Pesos,100000,1210000,,Ciencias Sociales,Salud y Servicios Sociales,Servicios Sociales,Trabajo Social,Salud y Bienestar,Bienestar,NO ACREDITADA,ACREDITADA,22/04/2020 - 22/04/2023,3.0,150000,5000,1
2022,29556,I155S2C23J2V1,16207826.0,1,197807,40 y más años,2021,1,2021,1,Institutos Profesionales,Institutos Profesionales,Institutos Profesionales,155,IP LOS LEONES,2,CASA CENTRAL (SANTIAGO),23,CONTADOR GENERAL,Presencial,Vespertina,1,Plan Regular,5,1,5,Metropolitana,SANTIAGO,SANTIAGO,Pregrado,Técnico de Nivel Superior,Carreras Técnicas,Educación Media,VIGENTE CON ALUMNOS NUEVOS,Monto en Pesos,100000,950000,0.0,Administración y Comercio,"Ciencias Sociales, Enseñanza Comercial y Derecho",Enseñanza Comercial y Administración,Técnico en Contabilidad General,Administración de Empresas y Derecho,Educación Comercial y Administración,NO ACREDITADA,ACREDITADA,22/04/2020 - 22/04/2023,3.0,50000,2500,1
2022,645832,I87S3C110J1V1,24610776.0,2,200006,20 a 24 años,2019,1,2019,1,Universidades,Universidades CRUCH,Universidades Privadas CRUCH,87,UNIVERSIDAD DE CONCEPCION,3,SEDE LOS ANGELES,110,EDUCACION GENERAL BASICA,Presencial,Diurna,1,Plan Regular,10,0,10,Biobío,BIOBIO,LOS ANGELES,Pregrado,Profesional Con Licenciatura,Carreras Profesionales,Educación Media,VIGENTE CON ALUMNOS NUEVOS,Monto en Pesos,130000,3295797,13092.0,Educación,Educación,Formación de Personal Docente y Ciencias de la Educación,Pedagogía en Educación Básica,Educación,Educación,ACREDITADA,ACREDITADA,11/11/2016 - 11/11/2023,7.0,24500,10000,1
2022,1154605,I20S3C308J1V1,18070516.0,2,200008,20 a 24 años,2020,1,2020,1,Universidades,Universidades Privadas,Universidades Privadas,20,UNIVERSIDAD ANDRES BELLO,3,SEDE VIÑA DEL MAR,308,GEOLOGIA,Presencial,Diurna,1,Plan Regular,10,0,10,Valparaíso,VALPARAISO,VIÑA DEL MAR,Pregrado,Profesional Con Licenciatura,Carreras Profesionales,Educación Media,VIGENTE CON ALUMNOS NUEVOS,Monto en Pesos,294000,3896000,41088.0,Ciencias Básicas,Ciencias,Ciencias Físicas,Geología,"Ciencias naturales, matemáticas y estadística",Ciencias Físicas,NO ACREDITADA,ACREDITADA,24/12/2017 - 24/12/2022,5.0,215432,61552,1
2023,695500,I88S6C13J1V2,7915043.0,1,200104,20 a 24 años,2019,1,2019,1,Universidades,Universidades CRUCH,Universidades Privadas CRUCH,88,UNIVERSIDAD TECNICA FEDERICO SANTA MARIA,6,CAMPUS SANTIAGO SAN JOAQUIN,13,INGENIERIA CIVIL INFORMATICA,Presencial,Diurna,2,Plan Regular,11,0,11,Metropolitana,SANTIAGO,SAN JOAQUIN,Pregrado,Profesional Con Licenciatura,Carreras Profesionales,Educación Media,VIGENTE CON ALUMNOS NUEVOS,Monto en Pesos,229000,5870000,15360.0,Tecnología,Ciencias,Informática,Ingeniería Civil en Computación e Informática,Tecnología de la Información y la Comunicación (TIC),Tecnología de la Información y la Comunicación (TIC),ACREDITADA,ACREDITADA,30/12/2022 - 30/12/2028,6.0,110000,3600,1
2023,371860,I88S6C19J1V1,2508102.0,1,199711,25 a 29 años,2016,1,2016,1,Universidades,Universidades CRUCH,Universidades Privadas CRUCH,88,UNIVERSIDAD TECNICA FEDERICO SANTA MARIA,6,CAMPUS SANTIAGO SAN JOAQUIN,19,INGENIERIA CIVIL QUIMICA,Presencial,Diurna,1,Plan Regular,12,0,12,Metropolitana,SANTIAGO,SAN JOAQUIN,Pregrado,Profesional Con Licenciatura,Carreras Profesionales,Educación Media,VIGENTE CON ALUMNOS NUEVOS,Monto en Pesos,229000,5870000,15350.0,Tecnología,"Ingeniería, Industria y Construcción",Ingeniería y Profesiones Afines,Ingeniería Civil Química,"Ingeniería, Industria y Construcción",Ingeniería y Profesiones Afines,NO ACREDITADA,ACREDITADA,30/12/2022 - 30/12/2028,6.0,110000,3600,1
2022,710797,I31S3C42J1V1,20878450.0,2,200012,20 a 24 años,2020,1,2020,1,Universidades,Universidades Privadas,Universidades Privadas,31,UNIVERSIDAD AUTONOMA DE CHILE,3,CAMPUS EL LLANO,42,NUTRICION Y DIETETICA,Presencial,Diurna,1,Plan Regular,10,1,10,Metropolitana,SANTIAGO,SAN MIGUEL,Pregrado,Profesional Con Licenciatura,Carreras Profesionales,Educación Media,VIGENTE CON ALUMNOS NUEVOS,Monto en Pesos,255000,4720000,49104.0,Salud,Salud y Servicios Sociales,Medicina,Nutrición y Dietética,Salud y Bienestar,Salud,NO ACREDITADA,ACREDITADA,29/10/2019 - 29/10/2024,5.0,259600,82000,1
2023,932164,I31S4C2J1V3,5910285.0,1,200212,20 a 24 años,2022,1,2022,1,Universidades,Universidades Privadas,Universidades Privadas,31,UNIVERSIDAD AUTONOMA DE CHILE,4,CAMPUS PROVIDENCIA,2,DERECHO,Presencial,Diurna,3,Plan Regular,10,2,10,Metropolitana,SANTIAGO,PROVIDENCIA,Pregrado,Profesional Con Licenciatura,Carreras Profesionales,Educación Media,VIGENTE CON ALUMNOS NUEVOS,Monto en Pesos,289000,5828000,49012.0,Derecho,"Ciencias Sociales, Enseñanza Comercial y Derecho",Derecho,Derecho,Administración de Empresas y Derecho,Derecho,NO ACREDITADA,ACREDITADA,29/10/2019 - 29/10/2024,5.0,320540,70000,1
2023,979249,I20S2C20J1V1,9370421.0,2,200305,20 a 24 años,2021,1,2021,1,Universidades,Universidades Privadas,Universidades Privadas,20,UNIVERSIDAD ANDRES BELLO,2,SEDE CASONA DE LAS CONDES,20,EDUCACION MUSICAL PARA LA EDUCACION PREESCOLAR Y BASICA,Presencial,Diurna,1,Plan Regular,8,0,8,Metropolitana,SANTIAGO,LAS CONDES,Pregrado,Profesional Con Licenciatura,Carreras Profesionales,Educación Media,VIGENTE SIN ALUMNOS NUEVOS,Monto en Pesos,486000,4169000,0.0,Educación,Educación,Formación de Personal Docente y Ciencias de la Educación,Pedagogía en Artes y Música,Educación,Educación,ACREDITADA,ACREDITADA,25/12/2022 - 25/12/2028,6.0,244006,69716,1
2022,757900,I73S2C215J1V1,17703390.0,2,200103,20 a 24 años,2019,1,2019,1,Universidades,Universidades CRUCH,Universidades Estatales CRUCH,73,UNIVERSIDAD DE ANTOFAGASTA,2,SEDE CAMPUS COLOSO,215,PEDAGOGIA EN EDUCACION PARVULARIA MENCION NECESIDADES EDUCATIVAS ESPECIALES,Presencial,Diurna,1,Plan Regular,9,1,9,Antofagasta,ANTOFAGASTA,ANTOFAGASTA,Pregrado,Profesional Con Licenciatura,Carreras Profesionales,Educación Media,VIGENTE SIN ALUMNOS NUEVOS,Monto en Pesos,174000,2810000,0.0,Educación,Educación,Formación de Personal Docente y Ciencias de la Educación,Pedagogía en Educación de Párvulos,Educación,Educación,ACREDITADA,ACREDITADA,15/08/2017 - 15/08/2022,5.0,237000,180000,1
2023,693644,I11S2C212J1V1,5248494.0,1,200103,20 a 24 años,2021,1,2021,1,Universidades,Universidades Privadas,Universidades Privadas,11,UNIVERSIDAD ACADEMIA DE HUMANISMO CRISTIANO,2,CAMPUS BRASIL,212,INTERPRETACION MUSICAL,Presencial,Diurna,1,Plan Regular,10,0,10,Metropolitana,SANTIAGO,SANTIAGO,Pregrado,Profesional Con Licenciatura,Carreras Profesionales,Educación Media,VIGENTE CON ALUMNOS NUEVOS,Monto en Pesos,205000,3781000,52445.0,Arte y Arquitectura,Humanidades y Artes,Artes,"Música, Canto o Danza",Artes y Humanidades,Artes,NO ACREDITADA,ACREDITADA,10/08/2022 - 10/08/2026,4.0,314000,20000,1
2023,704359,I75S2C158J1V1,3491913.0,1,200101,20 a 24 años,2020,1,2020,1,Universidades,Universidades CRUCH,Universidades Estatales CRUCH,75,UNIVERSIDAD DEL BIO-BIO,2,SEDE CHILLAN,158,INGENIERIA EN RECURSOS NATURALES,Presencial,Diurna,1,Plan Regular,10,0,10,Ñuble,DIGUILLIN,CHILLAN,Pregrado,Profesional Con Licenciatura,Carreras Profesionales,Educación Media,VIGENTE CON ALUMNOS NUEVOS,Monto en Pesos,120000,4018000,29069.0,Tecnología,Servicios,Protección del Medio Ambiente,Ingeniería en Recursos Renovables,"Ciencias naturales, matemáticas y estadística",Medio Ambiente,NO ACREDITADA,ACREDITADA,28/08/2019 - 28/08/2024,5.0,25000,25000,1
2023,962042,I75S2C23J1V1,9058570.0,2,200209,20 a 24 años,2021,1,2021,1,Universidades,Universidades CRUCH,Universidades Estatales CRUCH,75,UNIVERSIDAD DEL BIO-BIO,2,SEDE CHILLAN,23,PEDAGOGIA EN CASTELLANO Y COMUNICACION,Presencial,Diurna,1,Plan Regular,10,0,10,Ñuble,DIGUILLIN,CHILLAN,Pregrado,Profesional Con Licenciatura,Carreras Profesionales,Educación Media,VIGENTE CON ALUMNOS NUEVOS,Monto en Pesos,120000,2965000,29072.0,Educación,Educación,Formación de Personal Docente y Ciencias de la Educación,"Pedagogía en Lenguaje, Comunicación y/o Castellano",Educación,Educación,ACREDITADA,ACREDITADA,28/08/2019 - 28/08/2024,5.0,25000,25000,1
2022,33333,I81S1C299J2V1,20017012.0,1,197906,40 y más años,2021,1,2021,1,Universidades,Universidades CRUCH,Universidades Estatales CRUCH,81,UNIVERSIDAD ARTURO PRAT,1,CASA CENTRAL (IQUIQUE),299,TECNICO DE NIVEL SUPERIOR MECANICO MANTENEDOR DE MAQUINARIA PESADA,Presencial,Vespertina,1,Plan Regular,5,0,5,Tarapacá,IQUIQUE,IQUIQUE,Pregrado,Técnico de Nivel Superior,Carreras Técnicas,Educación Media,VIGENTE CON ALUMNOS NUEVOS,Monto en Pesos,129000,1698000,0.0,Tecnología,"Ingeniería, Industria y Construcción",Ingeniería y Profesiones Afines,Técnico en Mecánica Industrial,"Ingeniería, Industria y Construcción",Ingeniería y Profesiones Afines,NO ACREDITADA,ACREDITADA,21/12/2017 - 21/12/2021,4.0,129000,268000,1
2022,200266,I450S1C2J2V1,19259654.0,1,199301,25 a 29 años,2021,1,2021,1,Centros de Formación Técnica,Centros de Formación Técnica,Centros de Formación Técnica,450,CFT LOTA-ARAUCO,1,CASA CENTRAL (LOTA),2,MECANICA INDUSTRIAL,Presencial,Vespertina,1,Plan Regular,5,1,5,Biobío,CONCEPCION,LOTA,Pregrado,Técnico de Nivel Superior,Carreras Técnicas,Educación Media,VIGENTE CON ALUMNOS NUEVOS,Monto en Pesos,30000,1657000,0.0,Tecnología,"Ingeniería, Industria y Construcción",Ingeniería y Profesiones Afines,Técnico en Mecánica Industrial,"Ingeniería, Industria y Construcción",Ingeniería y Profesiones Afines,NO ACREDITADA,ACREDITADA,21/07/2019 - 21/07/2023,4.0,50000,12500,1
2023,825129,I75S1C48J1V2,6653981.0,1,200203,20 a 24 años,2021,1,2021,1,Universidades,Universidades CRUCH,Universidades Estatales CRUCH,75,UNIVERSIDAD DEL BIO-BIO,1,CASA CENTRAL (CONCEPCION),48,INGENIERIA CIVIL MECANICA,Presencial,Diurna,2,Plan Regular,11,1,11,Biobío,CONCEPCION,CONCEPCION,Pregrado,Profesional Con Licenciatura,Carreras Profesionales,Educación Media,VIGENTE CON ALUMNOS NUEVOS,Monto en Pesos,120000,4018000,29026.0,Tecnología,"Ingeniería, Industria y Construcción",Ingeniería y Profesiones Afines,Ingeniería Civil Mecánica,"Ingeniería, Industria y Construcción",Ingeniería y Profesiones Afines,NO ACREDITADA,ACREDITADA,28/08/2019 - 28/08/2024,5.0,25000,25000,1
2023,445577,I88S1C14J1V2,7922263.0,1,199809,20 a 24 años,2017,1,2017,1,Universidades,Universidades CRUCH,Universidades Privadas CRUCH,88,UNIVERSIDAD TECNICA FEDERICO SANTA MARIA,1,CAMPUS CASA CENTRAL VALPARAISO,14,INGENIERIA CIVIL INDUSTRIAL,Presencial,Diurna,2,Plan Regular,11,0,11,Valparaíso,VALPARAISO,VALPARAISO,Pregrado,Profesional Con Licenciatura,Carreras Profesionales,Educación Media,VIGENTE CON ALUMNOS NUEVOS,Monto en Pesos,229000,5870000,15170.0,Tecnología,"Ingeniería, Industria y Construcción",Ingeniería y Profesiones Afines,Ingeniería Civil Industrial,"Ingeniería, Industria y Construcción",Ingeniería y Profesiones Afines,ACREDITADA,ACREDITADA,30/12/2022 - 30/12/2028,6.0,110000,3600,1
2023,1089007,I78S1C4J1V1,10127985.0,2,200402,15 a 19 años,2022,1,2022,1,Universidades,Universidades CRUCH,Universidades Estatales CRUCH,78,UNIVERSIDAD DE TALCA,1,CASA CENTRAL (TALCA),4,DERECHO,Presencial,Diurna,1,Plan Regular,10,0,10,Maule,TALCA,TALCA,Pregrado,Profesional Con Licenciatura,Carreras Profesionales,Educación Media,VIGENTE CON ALUMNOS NUEVOS,Monto en Pesos,225000,4412000,34051.0,Derecho,"Ciencias Sociales, Enseñanza Comercial y Derecho",Derecho,Derecho,Administración de Empresas y Derecho,Derecho,NO ACREDITADA,ACREDITADA,27/11/2019 - 27/11/2025,6.0,57000,114700,1
2022,569341,I84S1C319J1V1,22477013.0,2,199911,20 a 24 años,2018,1,2018,1,Universidades,Universidades CRUCH,Universidades Estatales CRUCH,84,UNIVERSIDAD DE LOS LAGOS,1,CASA CENTRAL (OSORNO),319,ENFERMERIA,Presencial,Diurna,1,Plan Regular,10,0,10,Los Lagos,OSORNO,OSORNO,Pregrado,Profesional Con Licenciatura,Carreras Profesionales,Educación Media,VIGENTE CON ALUMNOS NUEVOS,Monto en Pesos,145000,3972000,32027.0,Salud,Salud y Servicios Sociales,Medicina,Enfermería,Salud y Bienestar,Salud,NO ACREDITADA,ACREDITADA,09/09/2021 - 09/09/2026,5.0,243000,86000,1
2023,1004203,I31S1C233J1V1,525908.0,2,200307,15 a 19 años,2022,1,2022,1,Universidades,Universidades Privadas,Universidades Privadas,31,UNIVERSIDAD AUTONOMA DE CHILE,1,CASA CENTRAL (TEMUCO),233,QUIMICA Y FARMACIA,Presencial,Diurna,1,Plan Regular,10,1,10,La Araucanía,CAUTIN,TEMUCO,Pregrado,Profesional Con Licenciatura,Carreras Profesionales,Educación Media,VIGENTE CON ALUMNOS NUEVOS,Monto en Pesos,289000,5236000,49306.0,Salud,Salud y Servicios Sociales,Medicina,Química y Farmacia,Salud y Bienestar,Salud,NO ACREDITADA,ACREDITADA,29/10/2019 - 29/10/2024,5.0,287980,70000,1
2023,823668,I79S1C33J1V2,8771346.0,1,200202,20 a 24 años,2021,1,2021,1,Universidades,Universidades CRUCH,Universidades Estatales CRUCH,79,UNIVERSIDAD DE ATACAMA,1,CASA CENTRAL (COPIAPO),33,INGENIERIA CIVIL EN COMPUTACION E INFORMATICA,Presencial,Diurna,2,Plan Regular,12,0,12,Atacama,COPIAPO,COPIAPO,Pregrado,Profesional Con Licenciatura,Carreras Profesionales,Educación Media,VIGENTE CON ALUMNOS NUEVOS,Monto en Pesos,153000,3348000,27004.0,Tecnología,Ciencias,Informática,Ingeniería Civil en Computación e Informática,Tecnología de la Información y la Comunicación (TIC),Tecnología de la Información y la Comunicación (TIC),NO ACREDITADA,ACREDITADA,25/08/2021 - 25/08/2025,4.0,60000,8000,1
2022,700582,I79S1C54J1V1,21247943.0,2,200103,20 a 24 años,2019,1,2019,1,Universidades,Universidades CRUCH,Universidades Estatales CRUCH,79,UNIVERSIDAD DE ATACAMA,1,CASA CENTRAL (COPIAPO),54,TRABAJO SOCIAL,Presencial,Diurna,1,Plan Regular,10,0,10,Atacama,COPIAPO,COPIAPO,Pregrado,Profesional Con Licenciatura,Carreras Profesionales,Educación Media,VIGENTE CON ALUMNOS NUEVOS,Monto en Pesos,139000,2246000,27043.0,Ciencias Sociales,Salud y Servicios Sociales,Servicios Sociales,Trabajo Social,Salud y Bienestar,Bienestar,NO ACREDITADA,ACREDITADA,25/08/2021 - 25/08/2025,4.0,60000,8000,1
2022,832700,I71S1C23J1V1,20964925.0,2,200112,20 a 24 años,2020,1,2020,1,Universidades,Universidades CRUCH,Universidades Estatales CRUCH,71,UNIVERSIDAD DE SANTIAGO DE CHILE,1,CASA CENTRAL (SANTIAGO),23,INGENIERIA COMERCIAL,Presencial,Diurna,1,Plan Regular,10,1,10,Metropolitana,SANTIAGO,ESTACION CENTRAL,Pregrado,Profesional Con Licenciatura,Carreras Profesionales,Educación Media,VIGENTE CON ALUMNOS NUEVOS,Monto en Pesos,167000,5231000,16035.0,Administración y Comercio,"Ciencias Sociales, Enseñanza Comercial y Derecho",Enseñanza Comercial y Administración,Ingeniería Comercial,Administración de Empresas y Derecho,Educación Comercial y Administración,NO ACREDITADA,ACREDITADA,25/02/2021 - 25/02/2028,7.0,161000,161000,1
2022,776863,I71S1C23J1V1,21817344.0,1,200107,20 a 24 años,2021,1,2021,1,Universidades,Universidades CRUCH,Universidades Estatales CRUCH,71,UNIVERSIDAD DE SANTIAGO DE CHILE,1,CASA CENTRAL (SANTIAGO),23,INGENIERIA COMERCIAL,Presencial,Diurna,1,Plan Regular,10,1,10,Metropolitana,SANTIAGO,ESTACION CENTRAL,Pregrado,Profesional Con Licenciatura,Carreras Profesionales,Educación Media,VIGENTE CON ALUMNOS NUEVOS,Monto en Pesos,167000,5231000,16035.0,Administración y Comercio,"Ciencias Sociales, Enseñanza Comercial y Derecho",Enseñanza Comercial y Administración,Ingeniería Comercial,Administración de Empresas y Derecho,Educación Comercial y Administración,NO ACREDITADA,ACREDITADA,25/02/2021 - 25/02/2028,7.0,161000,161000,1
2023,768398,I71S1C775J1V1,9487761.0,2,200110,20 a 24 años,2020,1,2020,1,Universidades,Universidades CRUCH,Universidades Estatales CRUCH,71,UNIVERSIDAD DE SANTIAGO DE CHILE,1,CASA CENTRAL (SANTIAGO),775,DISEÑO EN COMUNICACION VISUAL,Presencial,Diurna,1,Plan Regular,9,1,9,Metropolitana,SANTIAGO,ESTACION CENTRAL,Pregrado,Profesional Con Licenciatura,Carreras Profesionales,Educación Media,VIGENTE CON ALUMNOS NUEVOS,Monto en Pesos,185000,4896640,16106.0,Arte y Arquitectura,Humanidades y Artes,Artes,Diseño Gráfico,Artes y Humanidades,Artes,NO ACREDITADA,ACREDITADA,25/02/2021 - 25/02/2028,7.0,181440,181440,1
2023,855201,I71S1C101J1V1,5459421.0,2,200206,20 a 24 años,2020,1,2020,1,Universidades,Universidades CRUCH,Universidades Estatales CRUCH,71,UNIVERSIDAD DE SANTIAGO DE CHILE,1,CASA CENTRAL (SANTIAGO),101,INGENIERIA EN AGRONEGOCIOS,Presencial,Diurna,1,Plan Regular,10,1,10,Metropolitana,SANTIAGO,ESTACION CENTRAL,Pregrado,Profesional Con Licenciatura,Carreras Profesionales,Educación Media,VIGENTE CON ALUMNOS NUEVOS,Monto en Pesos,185000,5192320,16068.0,Administración y Comercio,"Ciencias Sociales, Enseñanza Comercial y Derecho",Enseñanza Comercial y Administración,Administración de Empresas e Ing. Asociadas,Administración de Empresas y Derecho,Educación Comercial y Administración,NO ACREDITADA,ACREDITADA,25/02/2021 - 25/02/2028,7.0,181440,181440,1
2023,1057584,I90S1C127J1V1,5303993.0,2,200312,15 a 19 años,2023,1,2023,1,Universidades,Universidades CRUCH,Universidades Privadas CRUCH,90,UNIVERSIDAD AUSTRAL DE CHILE,1,CASA CENTRAL,127,TERAPIA OCUPACIONAL,Presencial,Diurna,1,Plan Regular,10,0,10,Los Ríos,VALDIVIA,VALDIVIA,Pregrado,Profesional Con Licenciatura,Carreras Profesionales,Educación Media,VIGENTE CON ALUMNOS NUEVOS,Monto en Pesos,219000,4845000,17032.0,Salud,Salud y Servicios Sociales,Medicina,Terapia Ocupacional,Salud y Bienestar,Salud,NO ACREDITADA,ACREDITADA,14/09/2022 - 14/09/2028,6.0,208000,22000,1
2023,229696,I87S1C8J1V1,5358956.0,1,199211,30 a 34 años,2013,1,2013,1,Universidades,Universidades CRUCH,Universidades Privadas CRUCH,87,UNIVERSIDAD DE CONCEPCION,1,CASA CENTRAL,8,BIOQUIMICA,Presencial,Diurna,1,Plan Regular,12,0,12,Biobío,CONCEPCION,CONCEPCION,Pregrado,Profesional Con Licenciatura,Carreras Profesionales,Educación Media,VIGENTE CON ALUMNOS NUEVOS,Monto en Pesos,150000,5222473,13048.0,Ciencias Básicas,Ciencias,Ciencias de la Vida,Bioquímica,"Ciencias naturales, matemáticas y estadística",Ciencias Biológicas y Afines,NO ACREDITADA,ACREDITADA,11/11/2016 - 11/11/2023,7.0,28000,11500,1
2023,516196,I87S1C105J1V1,5433941.0,2,200004,20 a 24 años,2018,1,2018,1,Universidades,Universidades CRUCH,Universidades Privadas CRUCH,87,UNIVERSIDAD DE CONCEPCION,1,CASA CENTRAL,105,OBSTETRICIA Y PUERICULTURA,Presencial,Diurna,1,Plan Regular,10,0,10,Biobío,CONCEPCION,CONCEPCION,Pregrado,Profesional Con Licenciatura,Carreras Profesionales,Educación Media,VIGENTE CON ALUMNOS NUEVOS,Monto en Pesos,150000,5311647,13088.0,Salud,Salud y Servicios Sociales,Medicina,Obstetricia y Puericultura,Salud y Bienestar,Salud,NO ACREDITADA,ACREDITADA,11/11/2016 - 11/11/2023,7.0,28000,11500,1
2023,558553,I3S1C63J1V1,1171887.0,1,199908,20 a 24 años,2018,1,2018,1,Universidades,Universidades CRUCH,Universidades Privadas CRUCH,3,UNIVERSIDAD DIEGO PORTALES,1,CASA CENTRAL (SANTIAGO),63,TECNOLOGIA MEDICA,Presencial,Diurna,1,Plan Regular,10,0,10,Metropolitana,SANTIAGO,SANTIAGO,Pregrado,Profesional Con Licenciatura,Carreras Profesionales,Educación Media,VIGENTE CON ALUMNOS NUEVOS,Monto en Pesos,576000,5734000,38172.0,Salud,Salud y Servicios Sociales,Medicina,Tecnología Médica,Salud y Bienestar,Salud,NO ACREDITADA,ACREDITADA,24/10/2018 - 24/10/2023,5.0,280000,0,1
2023,593144,I3S1C63J1V1,7800966.0,2,200001,20 a 24 años,2018,1,2018,1,Universidades,Universidades CRUCH,Universidades Privadas CRUCH,3,UNIVERSIDAD DIEGO PORTALES,1,CASA CENTRAL (SANTIAGO),63,TECNOLOGIA MEDICA,Presencial,Diurna,1,Plan Regular,10,0,10,Metropolitana,SANTIAGO,SANTIAGO,Pregrado,Profesional Con Licenciatura,Carreras Profesionales,Educación Media,VIGENTE CON ALUMNOS NUEVOS,Monto en Pesos,576000,5734000,38172.0,Salud,Salud y Servicios Sociales,Medicina,Tecnología Médica,Salud y Bienestar,Salud,NO ACREDITADA,ACREDITADA,24/10/2018 - 24/10/2023,5.0,280000,0,1
2022,675188,I93S1C305J1V1,22529623.0,1,200011,20 a 24 años,2020,1,2021,2,Universidades,Universidades CRUCH,Universidades Privadas CRUCH,93,UNIVERSIDAD CATOLICA DE LA SANTISIMA CONCEPCION,1,CASA CENTRAL (CONCEPCION),305,INGENIERIA EN INFORMACION Y CONTROL DE GESTION,Presencial,Diurna,1,Plan Regular,10,1,10,Biobío,CONCEPCION,CONCEPCION,Pregrado,Profesional Con Licenciatura,Carreras Profesionales,Educación Media,VIGENTE CON ALUMNOS NUEVOS,Monto en Pesos,100000,3750000,36079.0,Administración y Comercio,"Ciencias Sociales, Enseñanza Comercial y Derecho",Enseñanza Comercial y Administración,Ingeniería en Control de Gestión,Administración de Empresas y Derecho,Educación Comercial y Administración,NO ACREDITADA,ACREDITADA,03/03/2021 - 03/03/2026,5.0,108000,0,3
2023,1104470,I1S1C12J1V1,1886337.0,2,200404,15 a 19 años,2023,1,2023,1,Universidades,Universidades Privadas,Universidades Privadas,1,UNIVERSIDAD GABRIELA MISTRAL,1,CASA CENTRAL,12,PSICOLOGIA,Presencial,Diurna,1,Plan Regular,10,1,10,Metropolitana,SANTIAGO,PROVIDENCIA,Pregrado,Profesional Con Licenciatura,Carreras Profesionales,Educación Media,VIGENTE CON ALUMNOS NUEVOS,Monto en Pesos,340000,4728000,54301.0,Ciencias Sociales,"Ciencias Sociales, Enseñanza Comercial y Derecho",Ciencias Sociales y del Comportamiento,Psicología,"Ciencias Sociales, Periodismo e Información",Ciencias Sociales y del Comportamiento,NO ACREDITADA,ACREDITADA,15/12/2021 - 15/12/2024,3.0,472800,0,1
2023,80197,I113S6C430J2V1,65944.0,2,198710,35 a 39 años,2018,1,2020,1,Institutos Profesionales,Institutos Profesionales,Institutos Profesionales,113,IP IPG,6,SEDE CONCEPCION,430,INGENIERIA EN ADMINISTRACION GENERAL NIVEL PROFESIONAL PLAN CONTINUIDAD,Presencial,Vespertina,1,Plan Regular de Continuidad,5,1,5,Biobío,CONCEPCION,CONCEPCION,Pregrado,Profesional Sin Licenciatura,Carreras Profesionales,Técnico de Nivel Superior,VIGENTE SIN ALUMNOS NUEVOS,Monto en Pesos,0,1667600,,Administración y Comercio,"Ciencias Sociales, Enseñanza Comercial y Derecho",Enseñanza Comercial y Administración,Administración de Empresas e Ing. Asociadas,Administración de Empresas y Derecho,Educación Comercial y Administración,NO ACREDITADA,ACREDITADA,22/09/2021 - 22/09/2025,4.0,833800,0,11
2023,60638,I143S26C651J2V1,6266693.0,2,199409,25 a 29 años,2013,1,2021,1,Institutos Profesionales,Institutos Profesionales,Institutos Profesionales,143,IP AIEP,26,SEDE BELLAVISTA,651,TECNICO EN ADMINISTRACION DE EMPRESAS,Presencial,Vespertina,1,Plan Regular,5,1,5,Metropolitana,SANTIAGO,SANTIAGO,Pregrado,Técnico de Nivel Superior,Carreras Técnicas,Educación Media,VIGENTE CON ALUMNOS NUEVOS,Monto en Pesos,210000,2190000,,Administración y Comercio,"Ciencias Sociales, Enseñanza Comercial y Derecho",Enseñanza Comercial y Administración,Técnico en Administración de Empresas,Administración de Empresas y Derecho,Educación Comercial y Administración,NO ACREDITADA,ACREDITADA,23/11/2022 - 23/11/2027,5.0,657000,0,3
2023,18444,I143S5C100J2V1,6225034.0,2,197405,40 y más años,2012,1,2021,1,Institutos Profesionales,Institutos Profesionales,Institutos Profesionales,143,IP AIEP,5,SEDE CALAMA,100,PSICOPEDAGOGIA,Presencial,Vespertina,1,Plan Regular,8,1,8,Antofagasta,EL LOA,CALAMA,Pregrado,Profesional Sin Licenciatura,Carreras Profesionales,Educación Media,VIGENTE CON ALUMNOS NUEVOS,Monto en Pesos,210000,1890000,,Educación,Educación,Formación de Personal Docente y Ciencias de la Educación,Psicopedagogía,Educación,Educación,NO ACREDITADA,ACREDITADA,23/11/2022 - 23/11/2027,5.0,210000,0,3
2023,48200,I143S24C95J2V1,5968502.0,2,198106,40 y más años,2020,1,2023,1,Institutos Profesionales,Institutos Profesionales,Institutos Profesionales,143,IP AIEP,24,SEDE VALPARAISO,95,INGENIERIA EN ADMINISTRACION DE EMPRESAS,Presencial,Vespertina,1,Plan Regular,8,1,8,Valparaíso,VALPARAISO,VALPARAISO,Pregrado,Profesional Sin Licenciatura,Carreras Profesionales,Educación Media,VIGENTE CON ALUMNOS NUEVOS,Monto en Pesos,210000,2200000,,Administración y Comercio,"Ciencias Sociales, Enseñanza Comercial y Derecho",Enseñanza Comercial y Administración,Administración de Empresas e Ing. Asociadas,Administración de Empresas y Derecho,Educación Comercial y Administración,NO ACREDITADA,ACREDITADA,23/11/2022 - 23/11/2027,5.0,210000,0,11
2023,450217,I430S33C42J1V2,2936525.0,1,199812,20 a 24 años,2023,1,2023,1,Centros de Formación Técnica,Centros de Formación Técnica,Centros de Formación Técnica,430,CFT INACAP,33,SEDE CURICO,42,ANALISTA PROGRAMADOR,Presencial,Diurna,2,Plan Regular,4,0,4,Maule,CURICO,CURICO,Pregrado,Técnico de Nivel Superior,Carreras Técnicas,Educación Media,VIGENTE CON ALUMNOS NUEVOS,Monto en Pesos,263000,2450000,,Tecnología,Ciencias,Informática,Técnico en Computación e Informática,Tecnología de la Información y la Comunicación (TIC),Tecnología de la Información y la Comunicación (TIC),ACREDITADA,ACREDITADA,05/01/2018 - 05/01/2025,7.0,36000,0,5
2023,541227,I430S14C201J1V1,6710757.0,1,199908,20 a 24 años,2023,1,2023,1,Centros de Formación Técnica,Centros de Formación Técnica,Centros de Formación Técnica,430,CFT INACAP,14,SEDE APOQUINDO,201,ADMINISTRACION DE EMPRESAS,Presencial,Diurna,1,Plan Regular,4,0,4,Metropolitana,SANTIAGO,LAS CONDES,Pregrado,Técnico de Nivel Superior,Carreras Técnicas,Educación Media,VIGENTE CON ALUMNOS NUEVOS,Monto en Pesos,311000,2698000,,Administración y Comercio,"Ciencias Sociales, Enseñanza Comercial y Derecho",Enseñanza Comercial y Administración,Técnico en Administración de Empresas,Administración de Empresas y Derecho,Educación Comercial y Administración,NO ACREDITADA,ACREDITADA,05/01/2018 - 05/01/2025,7.0,36000,0,5
2023,252617,I120S2C114J4V1,9036543.0,1,199310,25 a 29 años,2023,1,2023,1,Institutos Profesionales,Institutos Profesionales,Institutos Profesionales,120,IP DIEGO PORTALES,2,SEDE VIÑA DEL MAR,114,SERVICIO SOCIAL,No Presencial,A Distancia,1,Plan Regular,8,1,8,Valparaíso,VALPARAISO,VIÑA DEL MAR,Pregrado,Profesional Sin Licenciatura,Carreras Profesionales,Educación Media,VIGENTE CON ALUMNOS NUEVOS,Monto en Pesos,90000,1100000,,Ciencias Sociales,Salud y Servicios Sociales,Servicios Sociales,Trabajo Social,Salud y Bienestar,Bienestar,NO ACREDITADA,NO ACREDITADA,,,105000,0,1
2023,248655,I120S1C235J4V1,9241762.0,1,199409,25 a 29 años,2021,1,2021,1,Institutos Profesionales,Institutos Profesionales,Institutos Profesionales,120,IP DIEGO PORTALES,1,CASA CENTRAL (CONCEPCION),235,INGENIERIA EN ADMINISTRACION PUBLICA Y MUNICIPAL,No Presencial,A Distancia,1,Plan Regular,8,1,8,Biobío,CONCEPCION,CONCEPCION,Pregrado,Profesional Sin Licenciatura,Carreras Profesionales,Educación Media,VIGENTE CON ALUMNOS NUEVOS,Monto en Pesos,90000,1100000,,Ciencias Sociales,"Ciencias Sociales, Enseñanza Comercial y Derecho",Enseñanza Comercial y Administración,Ingeniería en Gestión Pública,Administración de Empresas y Derecho,Educación Comercial y Administración,NO ACREDITADA,NO ACREDITADA,,,105000,0,1
2023,1300343,I918S1C14J2V1,10349419.0,2,199408,25 a 29 años,2022,1,2022,1,Centros de Formación Técnica,Centros de Formación Técnica,Centros de Formación Técnica Estatales,918,CFT DE LA REGION DE LOS LAGOS,1,SEDE CENTRAL LLANQUIHUE,14,EDUCACION DE PARVULOS MENCION EN INGLES PARA PARVULOS,Presencial,Vespertina,1,Plan Regular,5,1,5,Los Lagos,LLANQUIHUE,LLANQUIHUE,Pregrado,Técnico de Nivel Superior,Carreras Técnicas,Educación Media,VIGENTE CON ALUMNOS NUEVOS,Monto en Pesos,0,1512000,,Educación,Educación,Formación de Personal Docente y Ciencias de la Educación,Técnico Asistente del Educador de Párvulos,Educación,Educación,NO ACREDITADA,BAJO TUTELA,,,106400,0,1
2023,772344,I910S6C4J2V1,7922907.0,2,200211,20 a 24 años,2022,1,2022,1,Centros de Formación Técnica,Centros de Formación Técnica,Centros de Formación Técnica Estatales,910,CFT DE LA REGION DE COQUIMBO,6,SEDE ANDACOLLO,4,TECNICO DE NIVEL SUPERIOR EN ENERGIAS RENOVABLES Y EFICIENCIA ENERGETICA,Presencial,Vespertina,1,Plan Regular,4,1,5,Coquimbo,ELQUI,ANDACOLLO,Pregrado,Técnico de Nivel Superior,Carreras Técnicas,Educación Media,VIGENTE CON ALUMNOS NUEVOS,Monto en Pesos,0,1693442,,Tecnología,"Ingeniería, Industria y Construcción",Ingeniería y Profesiones Afines,Técnico en Energía,"Ingeniería, Industria y Construcción",Ingeniería y Profesiones Afines,NO ACREDITADA,BAJO TUTELA,,,59000,0,1
2023,508964,I456S4C10J1V1,4129961.0,2,200003,20 a 24 años,2022,1,2022,1,Centros de Formación Técnica,Centros de Formación Técnica,Centros de Formación Técnica,456,CFT CEDUC - UCN,4,SEDE HUALPEN,10,MAQUINARIA PESADA,Presencial,Diurna,1,Plan Regular,5,0,5,Biobío,CONCEPCION,HUALPEN,Pregrado,Técnico de Nivel Superior,Carreras Técnicas,Educación Media,VIGENTE CON ALUMNOS NUEVOS,Monto en Pesos,135514,1769408,,Tecnología,"Ingeniería, Industria y Construcción",Ingeniería y Profesiones Afines,Técnico en Mantenimiento Industrial,"Ingeniería, Industria y Construcción",Ingeniería y Profesiones Afines,NO ACREDITADA,ACREDITADA,04/11/2021 - 04/11/2026,5.0,406542,0,1
2023,5153,I629S3C121J1V1,8202344.0,2,196609,40 y más años,2019,1,2019,1,Centros de Formación Técnica,Centros de Formación Técnica,Centros de Formación Técnica,629,CFT PUCV,3,SEDE VIÑA DEL MAR,121,TECNICO DE NIVEL SUPERIOR EN TURISMO Y HOTELERIA,Presencial,Diurna,1,Plan Regular,4,1,5,Valparaíso,VALPARAISO,VIÑA DEL MAR,Pregrado,Técnico de Nivel Superior,Carreras Técnicas,Educación Media,VIGENTE CON ALUMNOS NUEVOS,Monto en Pesos,177042,1782276,,Administración y Comercio,Servicios,Servicios Personales,Técnico en Turismo y Hotelería,Servicios,Servicios personales,NO ACREDITADA,ACREDITADA,12/01/2022 - 12/01/2027,5.0,891138,0,1
2023,445604,I629S4C118J1V1,4285098.0,1,199711,25 a 29 años,2021,1,2021,1,Centros de Formación Técnica,Centros de Formación Técnica,Centros de Formación Técnica,629,CFT PUCV,4,CAMPUS QUILLOTA,118,TECNICO DE NIVEL SUPERIOR EN MANTENCION INDUSTRIAL,Presencial,Diurna,1,Plan Regular,4,1,5,Valparaíso,QUILLOTA,QUILLOTA,Pregrado,Técnico de Nivel Superior,Carreras Técnicas,Educación Media,VIGENTE SIN ALUMNOS NUEVOS,Monto en Pesos,177042,1782276,,Tecnología,"Ingeniería, Industria y Construcción",Ingeniería y Profesiones Afines,Técnico en Mantenimiento Industrial,"Ingeniería, Industria y Construcción",Ingeniería y Profesiones Afines,NO ACREDITADA,ACREDITADA,12/01/2022 - 12/01/2027,5.0,891138,0,1
2023,1086034,I629S4C135J1V1,515131.0,1,200402,15 a 19 años,2022,1,2022,1,Centros de Formación Técnica,Centros de Formación Técnica,Centros de Formación Técnica,629,CFT PUCV,4,CAMPUS QUILLOTA,135,TECNICO DE NIVEL SUPERIOR EN MECANICA AUTOMOTRIZ,Presencial,Diurna,1,Plan Regular,4,1,5,Valparaíso,QUILLOTA,QUILLOTA,Pregrado,Técnico de Nivel Superior,Carreras Técnicas,Educación Media,VIGENTE CON ALUMNOS NUEVOS,Monto en Pesos,177042,1782276,,Tecnología,"Ingeniería, Industria y Construcción",Ingeniería y Profesiones Afines,Técnico en Mecánica Automotriz,"Ingeniería, Industria y Construcción",Ingeniería y Profesiones Afines,NO ACREDITADA,ACREDITADA,12/01/2022 - 12/01/2027,5.0,891138,0,1
2023,187317,I152S10C321J4V3,4380963.0,2,199405,25 a 29 años,2021,1,2021,1,Institutos Profesionales,Institutos Profesionales,Institutos Profesionales,152,IP LATINOAMERICANO DE COMERCIO EXTERIOR - IPLACEX,10,SEDE SANTIAGO,321,TECNICO EN RECURSOS HUMANOS,No Presencial,A Distancia,3,Plan Regular,4,0,4,Metropolitana,SANTIAGO,SANTIAGO,Pregrado,Técnico de Nivel Superior,Carreras Técnicas,Educación Media,VIGENTE CON ALUMNOS NUEVOS,Monto en Pesos,114000,1739000,,Administración y Comercio,"Ciencias Sociales, Enseñanza Comercial y Derecho",Enseñanza Comercial y Administración,Técnico en Administración de Recursos Humanos y Personal,Administración de Empresas y Derecho,Educación Comercial y Administración,NO ACREDITADA,ACREDITADA,06/10/2021 - 06/10/2025,4.0,210000,0,1
2023,219405,I152S10C328J4V6,7689509.0,1,199209,30 a 34 años,2023,1,2023,1,Institutos Profesionales,Institutos Profesionales,Institutos Profesionales,152,IP LATINOAMERICANO DE COMERCIO EXTERIOR - IPLACEX,10,SEDE SANTIAGO,328,TECNICO EN COMERCIO EXTERIOR,No Presencial,A Distancia,6,Plan Regular,4,0,4,Metropolitana,SANTIAGO,SANTIAGO,Pregrado,Técnico de Nivel Superior,Carreras Técnicas,Educación Media,VIGENTE CON ALUMNOS NUEVOS,Monto en Pesos,114000,1739000,,Administración y Comercio,"Ciencias Sociales, Enseñanza Comercial y Derecho",Enseñanza Comercial y Administración,Técnico en Comercio Exterior,Administración de Empresas y Derecho,Educación Comercial y Administración,NO ACREDITADA,ACREDITADA,06/10/2021 - 06/10/2025,4.0,210000,0,1
2023,1220463,I218S1C151J2V2,3155367.0,1,200312,15 a 19 años,2022,1,2022,1,Centros de Formación Técnica,Centros de Formación Técnica,Centros de Formación Técnica,218,CFT DE ENAC,1,CASA CENTRAL (SANTIAGO),151,TECNICO EN CONSTRUCCION,Presencial,Vespertina,2,Plan Regular,5,0,5,Metropolitana,SANTIAGO,SANTIAGO,Pregrado,Técnico de Nivel Superior,Carreras Técnicas,Educación Media,VIGENTE CON ALUMNOS NUEVOS,Monto en Pesos,0,2353000,,Tecnología,"Ingeniería, Industria y Construcción",Arquitectura y Construcción,Técnico en Construcción y Obras Civiles,"Ingeniería, Industria y Construcción",Arquitectura y Construcción,NO ACREDITADA,ACREDITADA,26/10/2022 - 26/10/2028,6.0,120000,0,1
2023,660976,I218S1C150J2V2,6618552.0,2,200010,20 a 24 años,2022,1,2022,1,Centros de Formación Técnica,Centros de Formación Técnica,Centros de Formación Técnica,218,CFT DE ENAC,1,CASA CENTRAL (SANTIAGO),150,TECNICO EN AUTOMATIZACION Y CONTROL INDUSTRIAL,Presencial,Vespertina,2,Plan Regular,5,0,5,Metropolitana,SANTIAGO,SANTIAGO,Pregrado,Técnico de Nivel Superior,Carreras Técnicas,Educación Media,VIGENTE CON ALUMNOS NUEVOS,Monto en Pesos,0,2353000,,Tecnología,"Ingeniería, Industria y Construcción",Ingeniería y Profesiones Afines,"Técnico en Instrumentación, Automatización y Control Industrial","Ingeniería, Industria y Construcción",Ingeniería y Profesiones Afines,NO ACREDITADA,ACREDITADA,26/10/2022 - 26/10/2028,6.0,120000,0,1
2023,912265,I218S1C152J2V2,6816453.0,2,200210,20 a 24 años,2022,1,2022,1,Centros de Formación Técnica,Centros de Formación Técnica,Centros de Formación Técnica,218,CFT DE ENAC,1,CASA CENTRAL (SANTIAGO),152,TECNICO EN COSMETOLOGIA Y ESTETICA INTEGRAL,Presencial,Vespertina,2,Plan Regular,5,0,5,Metropolitana,SANTIAGO,SANTIAGO,Pregrado,Técnico de Nivel Superior,Carreras Técnicas,Educación Media,VIGENTE CON ALUMNOS NUEVOS,Monto en Pesos,0,2497000,,Arte y Arquitectura,Servicios,Servicios Personales,Técnico en Peluquería y Estética,Servicios,Servicios personales,NO ACREDITADA,ACREDITADA,26/10/2022 - 26/10/2028,6.0,120000,0,1
2023,194642,I218S1C10J1V2,1828656.0,2,199104,30 a 34 años,2022,1,2022,1,Centros de Formación Técnica,Centros de Formación Técnica,Centros de Formación Técnica,218,CFT DE ENAC,1,CASA CENTRAL (SANTIAGO),10,TECNICO EN ENFERMERIA,Presencial,Diurna,2,Plan Regular,5,0,5,Metropolitana,SANTIAGO,SANTIAGO,Pregrado,Técnico de Nivel Superior,Carreras Técnicas,Educación Media,VIGENTE CON ALUMNOS NUEVOS,Monto en Pesos,0,2204000,,Salud,Salud y Servicios Sociales,Medicina,Técnico en Enfermería,Salud y Bienestar,Salud,NO ACREDITADA,ACREDITADA,26/10/2022 - 26/10/2028,6.0,120000,0,1
2023,27391,I171S1C27J4V2,1088897.0,2,197610,40 y más años,2022,1,2022,1,Institutos Profesionales,Institutos Profesionales,Institutos Profesionales,171,IP ESCUELA DE COMERCIO DE SANTIAGO,1,CASA CENTRAL (SANTIAGO),27,INGENIERIA EN FINANZAS,No Presencial,A Distancia,2,Plan Regular,8,1,9,Metropolitana,SANTIAGO,SANTIAGO,Pregrado,Profesional Sin Licenciatura,Carreras Profesionales,Educación Media,VIGENTE CON ALUMNOS NUEVOS,Monto en Pesos,100000,1824000,,Administración y Comercio,"Ciencias Sociales, Enseñanza Comercial y Derecho",Enseñanza Comercial y Administración,Ingeniería en Finanzas,Administración de Empresas y Derecho,Educación Comercial y Administración,NO ACREDITADA,NO ACREDITADA,,,450000,0,1
2023,17647,I312S1C84J4V3,8906795.0,1,197303,40 y más años,2023,1,2023,1,Centros de Formación Técnica,Centros de Formación Técnica,Centros de Formación Técnica,312,CFT CENCO,1,CASA CENTRAL (SANTIAGO),84,TECNICO DE NIVEL SUPERIOR EN FARMACIA,No Presencial,A Distancia,3,Plan Especial,4,1,5,Metropolitana,SANTIAGO,SANTIAGO,Pregrado,Técnico de Nivel Superior,Carreras Técnicas,Educación Media,VIGENTE SIN ALUMNOS NUEVOS,Monto en Pesos,76923,760008,,Salud,Salud y Servicios Sociales,Medicina,Técnico en Farmacia,Salud y Bienestar,Salud,NO ACREDITADA,ACREDITADA,12/10/2022 - 12/10/2025,3.0,150000,0,1
2023,127967,I435S1C1J4V1,4137885.0,1,198509,35 a 39 años,2022,1,2022,1,Centros de Formación Técnica,Centros de Formación Técnica,Centros de Formación Técnica,435,CFT DEL MEDIO AMBIENTE,1,CASA CENTRAL (SANTIAGO),1,TECNICO EN MEDIO AMBIENTE,No Presencial,A Distancia,1,Plan Regular,4,1,5,Metropolitana,SANTIAGO,ÑUÑOA,Pregrado,Técnico de Nivel Superior,Carreras Técnicas,Educación Media,VIGENTE CON ALUMNOS NUEVOS,Monto en Pesos,200000,1880000,,Tecnología,Servicios,Protección del Medio Ambiente,Técnico en Medio Ambiente (Control y Gestión),"Ciencias naturales, matemáticas y estadística",Medio Ambiente,NO ACREDITADA,ACREDITADA,23/07/2020 - 23/07/2023,3.0,940000,0,1
2023,129853,I117S1C65J4V1,2491114.0,1,198709,35 a 39 años,2023,1,2023,1,Institutos Profesionales,Institutos Profesionales,Institutos Profesionales,117,IP IACC,1,CASA CENTRAL (SANTIAGO),65,CONTADOR AUDITOR,No Presencial,A Distancia,1,Plan Regular,8,1,8,Metropolitana,SANTIAGO,PROVIDENCIA,Pregrado,Profesional Sin Licenciatura,Carreras Profesionales,Educación Media,VIGENTE CON ALUMNOS NUEVOS,Monto en Pesos,100000,1880000,,Administración y Comercio,"Ciencias Sociales, Enseñanza Comercial y Derecho",Enseñanza Comercial y Administración,Contador Auditor,Administración de Empresas y Derecho,Educación Comercial y Administración,NO ACREDITADA,ACREDITADA,01/06/2022 - 01/06/2026,4.0,113000,0,1
2023,104274,I117S1C57J4V1,6697867.0,1,198503,35 a 39 años,2022,1,2022,1,Institutos Profesionales,Institutos Profesionales,Institutos Profesionales,117,IP IACC,1,CASA CENTRAL (SANTIAGO),57,INGENIERIA EN INFORMATICA,No Presencial,A Distancia,1,Plan Regular,8,1,8,Metropolitana,SANTIAGO,PROVIDENCIA,Pregrado,Profesional Sin Licenciatura,Carreras Profesionales,Educación Media,VIGENTE CON ALUMNOS NUEVOS,Monto en Pesos,100000,1990000,,Tecnología,Ciencias,Informática,Ingeniería en Computación e Informática,Tecnología de la Información y la Comunicación (TIC),Tecnología de la Información y la Comunicación (TIC),NO ACREDITADA,ACREDITADA,01/06/2022 - 01/06/2026,4.0,113000,0,1
2023,122282,I117S1C67J4V1,4814792.0,1,198701,35 a 39 años,2023,1,2023,1,Institutos Profesionales,Institutos Profesionales,Institutos Profesionales,117,IP IACC,1,CASA CENTRAL (SANTIAGO),67,INGENIERIA INDUSTRIAL,No Presencial,A Distancia,1,Plan Regular,8,1,8,Metropolitana,SANTIAGO,PROVIDENCIA,Pregrado,Profesional Sin Licenciatura,Carreras Profesionales,Educación Media,VIGENTE CON ALUMNOS NUEVOS,Monto en Pesos,100000,1990000,,Tecnología,"Ingeniería, Industria y Construcción",Ingeniería y Profesiones Afines,Ingeniería Industrial,"Ingeniería, Industria y Construcción",Ingeniería y Profesiones Afines,NO ACREDITADA,ACREDITADA,01/06/2022 - 01/06/2026,4.0,113000,0,1
2023,311157,I117S1C62J4V1,5375061.0,2,199604,25 a 29 años,2022,1,2022,1,Institutos Profesionales,Institutos Profesionales,Institutos Profesionales,117,IP IACC,1,CASA CENTRAL (SANTIAGO),62,TECNICO DE NIVEL SUPERIOR EN TRABAJO SOCIAL,No Presencial,A Distancia,1,Plan Regular,5,1,5,Metropolitana,SANTIAGO,PROVIDENCIA,Pregrado,Técnico de Nivel Superior,Carreras Técnicas,Educación Media,VIGENTE CON ALUMNOS NUEVOS,Monto en Pesos,90000,1780000,,Ciencias Sociales,Salud y Servicios Sociales,Servicios Sociales,Técnico en Servicio Social,Salud y Bienestar,Bienestar,NO ACREDITADA,ACREDITADA,01/06/2022 - 01/06/2026,4.0,113000,0,1
2023,11408,I117S1C30J4V1,6298025.0,2,197112,40 y más años,2023,1,2023,1,Institutos Profesionales,Institutos Profesionales,Institutos Profesionales,117,IP IACC,1,CASA CENTRAL (SANTIAGO),30,CONTABILIDAD GENERAL,No Presencial,A Distancia,1,Plan Regular,5,1,5,Metropolitana,SANTIAGO,PROVIDENCIA,Pregrado,Técnico de Nivel Superior,Carreras Técnicas,Educación Media,VIGENTE CON ALUMNOS NUEVOS,Monto en Pesos,90000,1820000,,Administración y Comercio,"Ciencias Sociales, Enseñanza Comercial y Derecho",Enseñanza Comercial y Administración,Técnico en Contabilidad General,Administración de Empresas y Derecho,Educación Comercial y Administración,ACREDITADA,ACREDITADA,01/06/2022 - 01/06/2026,4.0,113000,0,1
2023,52434,I117S1C90J4V1,27713.0,1,198110,40 y más años,2021,2,2021,2,Institutos Profesionales,Institutos Profesionales,Institutos Profesionales,117,IP IACC,1,CASA CENTRAL (SANTIAGO),90,TECNICO DE NIVEL SUPERIOR EN AUTOMATIZACION Y CONTROL,No Presencial,A Distancia,1,Plan Regular,5,1,5,Metropolitana,SANTIAGO,PROVIDENCIA,Pregrado,Técnico de Nivel Superior,Carreras Técnicas,Educación Media,VIGENTE CON ALUMNOS NUEVOS,Monto en Pesos,90000,1820000,,Tecnología,"Ingeniería, Industria y Construcción",Ingeniería y Profesiones Afines,"Técnico en Instrumentación, Automatización y Control Industrial","Ingeniería, Industria y Construcción",Ingeniería y Profesiones Afines,NO ACREDITADA,ACREDITADA,01/06/2022 - 01/06/2026,4.0,113000,0,1
2023,830665,I430S14C330J1V1,7123642.0,1,200204,20 a 24 años,2022,1,2022,1,Centros de Formación Técnica,Centros de Formación Técnica,Centros de Formación Técnica,430,CFT INACAP,14,SEDE APOQUINDO,330,GASTRONOMIA,Presencial,Diurna,1,Plan Regular,4,0,4,Metropolitana,SANTIAGO,LAS CONDES,Pregrado,Técnico de Nivel Superior,Carreras Técnicas,Educación Media,VIGENTE CON ALUMNOS NUEVOS,Monto en Pesos,311000,3950000,,Administración y Comercio,Servicios,Servicios Personales,Técnico en Gastronomía y Cocina,Servicios,Servicios personales,NO ACREDITADA,ACREDITADA,05/01/2018 - 05/01/2025,7.0,36000,0,1
2023,855077,I430S10C42J1V2,5083191.0,1,200206,20 a 24 años,2023,1,2023,1,Centros de Formación Técnica,Centros de Formación Técnica,Centros de Formación Técnica,430,CFT INACAP,10,SEDE RENCA,42,ANALISTA PROGRAMADOR,Presencial,Diurna,2,Plan Regular,4,0,4,Metropolitana,SANTIAGO,RENCA,Pregrado,Técnico de Nivel Superior,Carreras Técnicas,Educación Media,VIGENTE CON ALUMNOS NUEVOS,Monto en Pesos,311000,2766000,,Tecnología,Ciencias,Informática,Técnico en Computación e Informática,Tecnología de la Información y la Comunicación (TIC),Tecnología de la Información y la Comunicación (TIC),ACREDITADA,ACREDITADA,05/01/2018 - 05/01/2025,7.0,36000,0,1
2023,1216351,I430S10C34J2V1,6344189.0,1,200307,15 a 19 años,2023,1,2023,1,Centros de Formación Técnica,Centros de Formación Técnica,Centros de Formación Técnica,430,CFT INACAP,10,SEDE RENCA,34,TECNICO EN MANTENIMIENTO INDUSTRIAL,Presencial,Vespertina,1,Plan Regular,4,0,4,Metropolitana,SANTIAGO,RENCA,Pregrado,Técnico de Nivel Superior,Carreras Técnicas,Educación Media,VIGENTE CON ALUMNOS NUEVOS,Monto en Pesos,311000,2806000,,Tecnología,"Ingeniería, Industria y Construcción",Ingeniería y Profesiones Afines,Técnico en Mantenimiento Industrial,"Ingeniería, Industria y Construcción",Ingeniería y Profesiones Afines,NO ACREDITADA,ACREDITADA,05/01/2018 - 05/01/2025,7.0,36000,0,1
2023,682995,I430S27C326J1V1,5388595.0,1,200307,15 a 19 años,2022,1,2022,1,Centros de Formación Técnica,Centros de Formación Técnica,Centros de Formación Técnica,430,CFT INACAP,27,SEDE LA SERENA,326,TECNICO EN MECANICA Y ELECTROMOVILIDAD AUTOMOTRIZ,Presencial,Diurna,1,Plan Regular,4,0,4,Coquimbo,ELQUI,LA SERENA,Pregrado,Técnico de Nivel Superior,Carreras Técnicas,Educación Media,VIGENTE CON ALUMNOS NUEVOS,Monto en Pesos,300000,2940000,,Tecnología,"Ingeniería, Industria y Construcción",Ingeniería y Profesiones Afines,Técnico en Mecánica Automotriz,"Ingeniería, Industria y Construcción",Ingeniería y Profesiones Afines,NO ACREDITADA,ACREDITADA,05/01/2018 - 05/01/2025,7.0,36000,0,1
2023,1062888,I430S27C135J2V1,59320.0,1,200312,15 a 19 años,2023,1,2023,1,Centros de Formación Técnica,Centros de Formación Técnica,Centros de Formación Técnica,430,CFT INACAP,27,SEDE LA SERENA,135,MECANICA AUTOMOTRIZ EN MAQUINARIA PESADA,Presencial,Vespertina,1,Plan Regular,4,0,4,Coquimbo,ELQUI,LA SERENA,Pregrado,Técnico de Nivel Superior,Carreras Técnicas,Educación Media,VIGENTE CON ALUMNOS NUEVOS,Monto en Pesos,300000,2912000,,Tecnología,"Ingeniería, Industria y Construcción",Ingeniería y Profesiones Afines,Técnico en Mecánica Automotriz,"Ingeniería, Industria y Construcción",Ingeniería y Profesiones Afines,NO ACREDITADA,ACREDITADA,05/01/2018 - 05/01/2025,7.0,36000,0,1
2023,868770,I430S27C326J1V1,5787868.0,1,200207,20 a 24 años,2023,1,2023,1,Centros de Formación Técnica,Centros de Formación Técnica,Centros de Formación Técnica,430,CFT INACAP,27,SEDE LA SERENA,326,TECNICO EN MECANICA Y ELECTROMOVILIDAD AUTOMOTRIZ,Presencial,Diurna,1,Plan Regular,4,0,4,Coquimbo,ELQUI,LA SERENA,Pregrado,Técnico de Nivel Superior,Carreras Técnicas,Educación Media,VIGENTE CON ALUMNOS NUEVOS,Monto en Pesos,300000,2940000,,Tecnología,"Ingeniería, Industria y Construcción",Ingeniería y Profesiones Afines,Técnico en Mecánica Automotriz,"Ingeniería, Industria y Construcción",Ingeniería y Profesiones Afines,NO ACREDITADA,ACREDITADA,05/01/2018 - 05/01/2025,7.0,36000,0,1
2023,529217,I430S20C134J1V1,2418040.0,2,200004,20 a 24 años,2020,1,2020,1,Centros de Formación Técnica,Centros de Formación Técnica,Centros de Formación Técnica,430,CFT INACAP,20,SEDE VALDIVIA,134,MECANICA AUTOMOTRIZ EN SISTEMAS ELECTRONICOS,Presencial,Diurna,1,Plan Regular,4,0,4,Los Ríos,VALDIVIA,VALDIVIA,Pregrado,Técnico de Nivel Superior,Carreras Técnicas,Educación Media,VIGENTE SIN ALUMNOS NUEVOS,Monto en Pesos,263000,2606000,,Tecnología,"Ingeniería, Industria y Construcción",Ingeniería y Profesiones Afines,Técnico en Mecánica Automotriz,"Ingeniería, Industria y Construcción",Ingeniería y Profesiones Afines,NO ACREDITADA,ACREDITADA,05/01/2018 - 05/01/2025,7.0,36000,0,1
2023,890322,I430S30C186J1V2,8666664.0,1,200411,15 a 19 años,2023,1,2023,1,Centros de Formación Técnica,Centros de Formación Técnica,Centros de Formación Técnica,430,CFT INACAP,30,SEDE CONCEPCION - TALCAHUANO,186,TECNICO EN ELECTRICIDAD INDUSTRIAL,Presencial,Diurna,2,Plan Regular,4,0,4,Biobío,CONCEPCION,TALCAHUANO,Pregrado,Técnico de Nivel Superior,Carreras Técnicas,Educación Media,VIGENTE CON ALUMNOS NUEVOS,Monto en Pesos,263000,2760000,,Tecnología,"Ingeniería, Industria y Construcción",Ingeniería y Profesiones Afines,Técnico en Electricidad y Electricidad Industrial,"Ingeniería, Industria y Construcción",Ingeniería y Profesiones Afines,NO ACREDITADA,ACREDITADA,05/01/2018 - 05/01/2025,7.0,36000,0,1
2023,1107332,I430S28C280J1V1,8411194.0,1,200404,15 a 19 años,2023,1,2023,1,Centros de Formación Técnica,Centros de Formación Técnica,Centros de Formación Técnica,430,CFT INACAP,28,SEDE TEMUCO,280,TURISMO,Presencial,Diurna,1,Plan Regular,4,0,4,La Araucanía,CAUTIN,TEMUCO,Pregrado,Técnico de Nivel Superior,Carreras Técnicas,Educación Media,VIGENTE CON ALUMNOS NUEVOS,Monto en Pesos,263000,2640000,,Administración y Comercio,Servicios,Servicios Personales,Técnico en Turismo y Hotelería,Servicios,Servicios personales,ACREDITADA,ACREDITADA,05/01/2018 - 05/01/2025,7.0,36000,0,1
2023,1093730,I430S1C330J1V1,10242834.0,1,200403,15 a 19 años,2023,1,2023,1,Centros de Formación Técnica,Centros de Formación Técnica,Centros de Formación Técnica,430,CFT INACAP,1,SEDE ANTOFAGASTA,330,GASTRONOMIA,Presencial,Diurna,1,Plan Regular,4,0,4,Antofagasta,ANTOFAGASTA,ANTOFAGASTA,Pregrado,Técnico de Nivel Superior,Carreras Técnicas,Educación Media,VIGENTE CON ALUMNOS NUEVOS,Monto en Pesos,263000,2980000,,Administración y Comercio,Servicios,Servicios Personales,Técnico en Gastronomía y Cocina,Servicios,Servicios personales,NO ACREDITADA,ACREDITADA,05/01/2018 - 05/01/2025,7.0,36000,0,1
2023,863019,I100S9C302J1V1,1988510.0,1,200209,20 a 24 años,2022,1,2022,1,Institutos Profesionales,Institutos Profesionales,Institutos Profesionales,100,IP INACAP,9,SEDE VALDIVIA,302,INGENIERIA EN INFORMATICA,Presencial,Diurna,1,Plan Regular,8,0,8,Los Ríos,VALDIVIA,VALDIVIA,Pregrado,Profesional Sin Licenciatura,Carreras Profesionales,Educación Media,VIGENTE CON ALUMNOS NUEVOS,Monto en Pesos,263000,2450000,,Tecnología,Ciencias,Informática,Ingeniería en Computación e Informática,Tecnología de la Información y la Comunicación (TIC),Tecnología de la Información y la Comunicación (TIC),NO ACREDITADA,ACREDITADA,11/12/2016 - 11/12/2022,6.0,36000,0,1
2023,943477,I100S31C294J1V1,5549452.0,1,200301,20 a 24 años,2021,1,2021,1,Institutos Profesionales,Institutos Profesionales,Institutos Profesionales,100,IP INACAP,31,SEDE CHILLAN,294,INGENIERIA ELECTRICA,Presencial,Diurna,1,Plan Regular,8,0,8,Ñuble,DIGUILLIN,CHILLAN,Pregrado,Profesional Sin Licenciatura,Carreras Profesionales,Educación Media,VIGENTE CON ALUMNOS NUEVOS,Monto en Pesos,263000,2760000,,Tecnología,"Ingeniería, Industria y Construcción",Ingeniería y Profesiones Afines,Ingeniería en Electricidad,"Ingeniería, Industria y Construcción",Ingeniería y Profesiones Afines,NO ACREDITADA,ACREDITADA,11/12/2016 - 11/12/2022,6.0,36000,0,1
2023,131863,I143S9C23J2V2,4572531.0,1,198803,35 a 39 años,2021,1,2021,1,Institutos Profesionales,Institutos Profesionales,Institutos Profesionales,143,IP AIEP,9,SEDE RANCAGUA,23,CONSTRUCCION CIVIL,Presencial,Vespertina,2,Plan Regular,8,1,8,Lib. Gral. B. O'Higgins,CACHAPOAL,RANCAGUA,Pregrado,Profesional Sin Licenciatura,Carreras Profesionales,Educación Media,VIGENTE CON ALUMNOS NUEVOS,Monto en Pesos,210000,2280000,,Tecnología,"Ingeniería, Industria y Construcción",Arquitectura y Construcción,Construcción Civil,"Ingeniería, Industria y Construcción",Arquitectura y Construcción,NO ACREDITADA,ACREDITADA,23/11/2022 - 23/11/2027,5.0,210000,0,1
2023,349232,I143S32C28J1V1,8202619.0,2,199801,25 a 29 años,2023,1,2023,1,Institutos Profesionales,Institutos Profesionales,Institutos Profesionales,143,IP AIEP,32,SEDE CASTRO,28,TRABAJO SOCIAL,Presencial,Diurna,1,Plan Regular,8,1,8,Los Lagos,CHILOE,CASTRO,Pregrado,Profesional Sin Licenciatura,Carreras Profesionales,Educación Media,VIGENTE CON ALUMNOS NUEVOS,Monto en Pesos,210000,2180000,,Ciencias Sociales,Salud y Servicios Sociales,Servicios Sociales,Trabajo Social,Salud y Bienestar,Bienestar,NO ACREDITADA,ACREDITADA,23/11/2022 - 23/11/2027,5.0,210000,0,1
2023,55881,I143S10C28J2V2,5381000.0,2,197706,40 y más años,2021,1,2021,1,Institutos Profesionales,Institutos Profesionales,Institutos Profesionales,143,IP AIEP,10,SEDE CURICO,28,TRABAJO SOCIAL,Presencial,Vespertina,2,Plan Regular,8,1,8,Maule,CURICO,CURICO,Pregrado,Profesional Sin Licenciatura,Carreras Profesionales,Educación Media,VIGENTE CON ALUMNOS NUEVOS,Monto en Pesos,210000,2020000,,Ciencias Sociales,Salud y Servicios Sociales,Servicios Sociales,Trabajo Social,Salud y Bienestar,Bienestar,NO ACREDITADA,ACREDITADA,23/11/2022 - 23/11/2027,5.0,210000,0,1
2023,694130,I143S26C219J1V1,7488643.0,1,200106,20 a 24 años,2023,1,2023,1,Institutos Profesionales,Institutos Profesionales,Institutos Profesionales,143,IP AIEP,26,SEDE BELLAVISTA,219,INGENIERIA DE EJECUCION EN INFORMATICA MENCION DESARROLLO DE SISTEMAS,Presencial,Diurna,1,Plan Regular,8,1,8,Metropolitana,SANTIAGO,SANTIAGO,Pregrado,Profesional Sin Licenciatura,Carreras Profesionales,Educación Media,VIGENTE CON ALUMNOS NUEVOS,Monto en Pesos,210000,2010000,,Tecnología,Ciencias,Informática,Ingeniería en Computación e Informática,Tecnología de la Información y la Comunicación (TIC),Tecnología de la Información y la Comunicación (TIC),NO ACREDITADA,ACREDITADA,23/11/2022 - 23/11/2027,5.0,210000,0,1
2023,452089,I143S17C636J2V2,3529740.0,1,199907,20 a 24 años,2022,1,2022,1,Institutos Profesionales,Institutos Profesionales,Institutos Profesionales,143,IP AIEP,17,SEDE LA SERENA,636,TECNICO EN MECANICA AUTOMOTRIZ EN MAQUINARIA PESADA,Presencial,Vespertina,2,Plan Regular,5,1,5,Coquimbo,ELQUI,LA SERENA,Pregrado,Técnico de Nivel Superior,Carreras Técnicas,Educación Media,VIGENTE CON ALUMNOS NUEVOS,Monto en Pesos,210000,2210000,,Tecnología,"Ingeniería, Industria y Construcción",Ingeniería y Profesiones Afines,Técnico en Mecánica Automotriz,"Ingeniería, Industria y Construcción",Ingeniería y Profesiones Afines,NO ACREDITADA,ACREDITADA,23/11/2022 - 23/11/2027,5.0,663000,0,1
2023,178106,I143S25C469J2V2,3981221.0,2,199005,30 a 34 años,2023,1,2023,1,Institutos Profesionales,Institutos Profesionales,Institutos Profesionales,143,IP AIEP,25,SEDE OSORNO,469,TECNICO ASISTENTE EN EDUCACION ESPECIAL,Presencial,Vespertina,2,Plan Regular,5,1,5,Los Lagos,OSORNO,OSORNO,Pregrado,Técnico de Nivel Superior,Carreras Técnicas,Educación Media,VIGENTE CON ALUMNOS NUEVOS,Monto en Pesos,210000,1920000,,Educación,Educación,Formación de Personal Docente y Ciencias de la Educación,Técnico Asistente del Educador Diferencial,Educación,Educación,NO ACREDITADA,ACREDITADA,23/11/2022 - 23/11/2027,5.0,576000,0,1
2023,268695,I143S5C34J2V1,8592595.0,2,199503,25 a 29 años,2023,1,2023,1,Institutos Profesionales,Institutos Profesionales,Institutos Profesionales,143,IP AIEP,5,SEDE CALAMA,34,TECNICO EN ENFERMERIA,Presencial,Vespertina,1,Plan Regular,5,1,5,Antofagasta,EL LOA,CALAMA,Pregrado,Técnico de Nivel Superior,Carreras Técnicas,Educación Media,VIGENTE CON ALUMNOS NUEVOS,Monto en Pesos,210000,2800000,,Salud,Salud y Servicios Sociales,Medicina,Técnico en Enfermería,Salud y Bienestar,Salud,NO ACREDITADA,ACREDITADA,23/11/2022 - 23/11/2027,5.0,840000,0,1
2023,445006,I143S29C29J2V2,1725719.0,2,199806,25 a 29 años,2021,1,2021,1,Institutos Profesionales,Institutos Profesionales,Institutos Profesionales,143,IP AIEP,29,SEDE MAIPU,29,ASISTENTE DE PARVULOS,Presencial,Vespertina,2,Plan Regular,5,1,5,Metropolitana,SANTIAGO,MAIPU,Pregrado,Técnico de Nivel Superior,Carreras Técnicas,Educación Media,VIGENTE CON ALUMNOS NUEVOS,Monto en Pesos,210000,2060000,,Educación,Educación,Formación de Personal Docente y Ciencias de la Educación,Técnico Asistente del Educador de Párvulos,Educación,Educación,NO ACREDITADA,ACREDITADA,23/11/2022 - 23/11/2027,5.0,618000,0,1
2023,128376,I143S28C118J4V1,1563637.0,2,198703,35 a 39 años,2023,1,2023,1,Institutos Profesionales,Institutos Profesionales,Institutos Profesionales,143,IP AIEP,28,SEDE ONLINE,118,TECNICO EN ADMINISTRACION DE EMPRESAS MENCION RECURSOS HUMANOS,No Presencial,A Distancia,1,Plan Regular,5,1,5,Metropolitana,SANTIAGO,CONCHALI,Pregrado,Técnico de Nivel Superior,Carreras Técnicas,Educación Media,VIGENTE CON ALUMNOS NUEVOS,Monto en Pesos,210000,2080000,,Administración y Comercio,"Ciencias Sociales, Enseñanza Comercial y Derecho",Enseñanza Comercial y Administración,Técnico en Administración de Empresas,Administración de Empresas y Derecho,Educación Comercial y Administración,NO ACREDITADA,ACREDITADA,23/11/2022 - 23/11/2027,5.0,624000,0,1
2022,214368,I113S6C193J2V1,23296796.0,1,199308,25 a 29 años,2020,1,2022,1,Institutos Profesionales,Institutos Profesionales,Institutos Profesionales,113,IP IPG,6,SEDE CONCEPCION,193,CONSTRUCCION CIVIL (PLAN CONTINUIDAD),Presencial,Vespertina,1,Plan Regular de Continuidad,5,1,5,Biobío,CONCEPCION,CONCEPCION,Pregrado,Profesional Sin Licenciatura,Carreras Profesionales,Técnico de Nivel Superior,VIGENTE CON ALUMNOS NUEVOS,Monto en Pesos,0,1573000,0.0,Tecnología,"Ingeniería, Industria y Construcción",Arquitectura y Construcción,Construcción Civil,"Ingeniería, Industria y Construcción",Arquitectura y Construcción,NO ACREDITADA,ACREDITADA,22/09/2021 - 22/09/2025,4.0,786500,0,11
2022,185691,I152S10C369J4V1,18884815.0,1,199106,30 a 34 años,2018,1,2021,1,Institutos Profesionales,Institutos Profesionales,Institutos Profesionales,152,IP LATINOAMERICANO DE COMERCIO EXTERIOR - IPLACEX,10,SEDE SANTIAGO,369,INGENIERIA EN CONTROL AUTOMATICO Y GESTION INDUSTRIAL,No Presencial,A Distancia,1,Plan Regular,8,0,8,Metropolitana,SANTIAGO,SANTIAGO,Pregrado,Profesional Sin Licenciatura,Carreras Profesionales,Educación Media,VIGENTE CON ALUMNOS NUEVOS,Monto en Pesos,113000,1716000,0.0,Tecnología,"Ingeniería, Industria y Construcción",Ingeniería y Profesiones Afines,"Ingeniería en Automatización, Instrumentación y Control","Ingeniería, Industria y Construcción",Ingeniería y Profesiones Afines,NO ACREDITADA,ACREDITADA,06/10/2021 - 06/10/2025,4.0,184000,0,3
2022,572918,I152S10C107J4V4,18624018.0,2,200004,20 a 24 años,1900,0,2022,1,Institutos Profesionales,Institutos Profesionales,Institutos Profesionales,152,IP LATINOAMERICANO DE COMERCIO EXTERIOR - IPLACEX,10,SEDE SANTIAGO,107,INGENIERIA EN ADMINISTRACION DE EMPRESAS,No Presencial,A Distancia,4,Plan Regular,8,0,8,Metropolitana,SANTIAGO,SANTIAGO,Pregrado,Profesional Sin Licenciatura,Carreras Profesionales,Educación Media,VIGENTE CON ALUMNOS NUEVOS,Monto en Pesos,113000,1693000,0.0,Administración y Comercio,"Ciencias Sociales, Enseñanza Comercial y Derecho",Enseñanza Comercial y Administración,Administración de Empresas e Ing. Asociadas,Administración de Empresas y Derecho,Educación Comercial y Administración,NO ACREDITADA,ACREDITADA,06/10/2021 - 06/10/2025,4.0,184000,0,4
2022,162891,I19S1C129J4V2,19202470.0,1,199005,30 a 34 años,1900,0,2022,1,Universidades,Universidades Privadas,Universidades Privadas,19,UNIVERSIDAD DE LAS AMERICAS,1,CAMPUS PROVIDENCIA,129,CONTADOR AUDITOR,No Presencial,A Distancia,2,Plan Regular de Continuidad,4,0,4,Metropolitana,SANTIAGO,PROVIDENCIA,Pregrado,Profesional Con Licenciatura,Carreras Profesionales,Educación Media,VIGENTE CON ALUMNOS NUEVOS,Monto en Pesos,180000,2843000,0.0,Administración y Comercio,"Ciencias Sociales, Enseñanza Comercial y Derecho",Enseñanza Comercial y Administración,Contador Auditor,Administración de Empresas y Derecho,Educación Comercial y Administración,NO ACREDITADA,ACREDITADA,17/03/2019 - 17/03/2023,4.0,146473,0,4
2022,362554,I2S1C220J2V1,21754793.0,1,199705,25 a 29 años,2019,1,2019,1,Universidades,Universidades Privadas,Universidades Privadas,2,UNIVERSIDAD FINIS TERRAE,1,CASA CENTRAL (SANTIAGO),220,AUDITORIA,Presencial,Vespertina,1,Plan Regular,8,0,8,Metropolitana,SANTIAGO,PROVIDENCIA,Pregrado,Profesional Con Licenciatura,Carreras Profesionales,Educación Media,VIGENTE CON ALUMNOS NUEVOS,Monto en Pesos,301000,3290000,0.0,Administración y Comercio,"Ciencias Sociales, Enseñanza Comercial y Derecho",Enseñanza Comercial y Administración,Contador Auditor,Administración de Empresas y Derecho,Educación Comercial y Administración,NO ACREDITADA,ACREDITADA,19/11/2019 - 19/11/2023,4.0,250000,0,10
2022,675595,I54S7C227J1V1,22200642.0,1,200006,20 a 24 años,2020,1,2022,1,Universidades,Universidades Privadas,Universidades Privadas,54,UNIVERSIDAD TECNOLOGICA DE CHILE INACAP,7,SEDE LA SERENA,227,INGENIERIA EN ADMINISTRACION DE EMPRESAS,Presencial,Diurna,1,Plan Regular,8,0,8,Coquimbo,ELQUI,LA SERENA,Pregrado,Profesional Sin Licenciatura,Carreras Profesionales,Educación Media,VIGENTE SIN ALUMNOS NUEVOS,Monto en Pesos,250000,2234000,0.0,Administración y Comercio,"Ciencias Sociales, Enseñanza Comercial y Derecho",Enseñanza Comercial y Administración,Administración de Empresas e Ing. Asociadas,Administración de Empresas y Derecho,Educación Comercial y Administración,NO ACREDITADA,NO ACREDITADA,,,36000,0,11
2022,621340,I430S12C131J1V1,20926353.0,2,200011,20 a 24 años,2020,1,2021,1,Centros de Formación Técnica,Centros de Formación Técnica,Centros de Formación Técnica,430,CFT INACAP,12,SEDE MAIPU,131,GASTRONOMIA INTERNACIONAL,Presencial,Diurna,1,Plan Regular,4,0,4,Metropolitana,SANTIAGO,MAIPU,Pregrado,Técnico de Nivel Superior,Carreras Técnicas,Educación Media,VIGENTE SIN ALUMNOS NUEVOS,Monto en Pesos,272000,2726000,0.0,Administración y Comercio,Servicios,Servicios Personales,Técnico en Gastronomía y Cocina,Servicios,Servicios personales,NO ACREDITADA,ACREDITADA,05/01/2018 - 05/01/2025,7.0,36000,0,4
2022,886765,I430S12C292J1V1,18499863.0,2,200209,15 a 19 años,2022,1,2022,1,Centros de Formación Técnica,Centros de Formación Técnica,Centros de Formación Técnica,430,CFT INACAP,12,SEDE MAIPU,292,DISEÑO Y PRODUCCION GRAFICA,Presencial,Diurna,1,Plan Regular,4,0,4,Metropolitana,SANTIAGO,MAIPU,Pregrado,Técnico de Nivel Superior,Carreras Técnicas,Educación Media,VIGENTE CON ALUMNOS NUEVOS,Monto en Pesos,272000,2450000,0.0,Arte y Arquitectura,Humanidades y Artes,Artes,Técnico en Producción Gráfica y Multimedia,Artes y Humanidades,Artes,NO ACREDITADA,ACREDITADA,05/01/2018 - 05/01/2025,7.0,36000,0,5
2022,548365,I430S2C61J1V1,21550296.0,1,199908,20 a 24 años,2018,1,2021,1,Centros de Formación Técnica,Centros de Formación Técnica,Centros de Formación Técnica,430,CFT INACAP,2,SEDE ARICA,61,TOPOGRAFIA,Presencial,Diurna,1,Plan Regular,4,0,4,Arica y Parinacota,ARICA,ARICA,Pregrado,Técnico de Nivel Superior,Carreras Técnicas,Educación Media,VIGENTE CON ALUMNOS NUEVOS,Monto en Pesos,230000,1980000,0.0,Tecnología,"Ingeniería, Industria y Construcción",Arquitectura y Construcción,Técnico en Topografía,"Ingeniería, Industria y Construcción",Arquitectura y Construcción,ACREDITADA,ACREDITADA,05/01/2018 - 05/01/2025,7.0,36000,0,3
2022,675401,I430S30C330J1V1,16466755.0,2,200101,20 a 24 años,2020,1,2022,1,Centros de Formación Técnica,Centros de Formación Técnica,Centros de Formación Técnica,430,CFT INACAP,30,SEDE CONCEPCION - TALCAHUANO,330,GASTRONOMIA,Presencial,Diurna,1,Plan Regular,4,0,4,Biobío,CONCEPCION,TALCAHUANO,Pregrado,Técnico de Nivel Superior,Carreras Técnicas,Educación Media,VIGENTE CON ALUMNOS NUEVOS,Monto en Pesos,230000,2438000,0.0,Administración y Comercio,Servicios,Servicios Personales,Técnico en Gastronomía y Cocina,Servicios,Servicios personales,NO ACREDITADA,ACREDITADA,05/01/2018 - 05/01/2025,7.0,36000,0,3
2022,612498,I100S23C300J2V1,24586703.0,2,200005,20 a 24 años,2019,1,2022,1,Institutos Profesionales,Institutos Profesionales,Institutos Profesionales,100,IP INACAP,23,SEDE RANCAGUA,300,INGENIERIA EN ADMINISTRACION DE EMPRESAS,Presencial,Vespertina,1,Plan Regular,8,0,8,Lib. Gral. B. O'Higgins,CACHAPOAL,RANCAGUA,Pregrado,Profesional Sin Licenciatura,Carreras Profesionales,Educación Media,VIGENTE CON ALUMNOS NUEVOS,Monto en Pesos,272000,2292000,0.0,Administración y Comercio,"Ciencias Sociales, Enseñanza Comercial y Derecho",Enseñanza Comercial y Administración,Administración de Empresas e Ing. Asociadas,Administración de Empresas y Derecho,Educación Comercial y Administración,NO ACREDITADA,ACREDITADA,11/12/2016 - 11/12/2022,6.0,36000,0,11
2022,1154974,I100S20C301J1V1,23317250.0,1,200007,20 a 24 años,2019,1,2021,1,Institutos Profesionales,Institutos Profesionales,Institutos Profesionales,100,IP INACAP,20,SEDE RENCA,301,INGENIERIA EN AUTOMATIZACION Y ROBOTICA,Presencial,Diurna,1,Plan Regular,8,0,8,Metropolitana,SANTIAGO,RENCA,Pregrado,Profesional Sin Licenciatura,Carreras Profesionales,Educación Media,VIGENTE CON ALUMNOS NUEVOS,Monto en Pesos,272000,2374000,0.0,Tecnología,"Ingeniería, Industria y Construcción",Ingeniería y Profesiones Afines,"Ingeniería en Automatización, Instrumentación y Control","Ingeniería, Industria y Construcción",Ingeniería y Profesiones Afines,NO ACREDITADA,ACREDITADA,11/12/2016 - 11/12/2022,6.0,36000,0,4
2022,860600,I100S5C33J2V1,24124900.0,1,200203,20 a 24 años,2020,1,2022,1,Institutos Profesionales,Institutos Profesionales,Institutos Profesionales,100,IP INACAP,5,SEDE CALAMA,33,INGENIERIA EN AUTOMATIZACION Y CONTROL INDUSTRIAL,Presencial,Vespertina,1,Plan Regular,8,0,8,Antofagasta,EL LOA,CALAMA,Pregrado,Profesional Sin Licenciatura,Carreras Profesionales,Educación Media,VIGENTE SIN ALUMNOS NUEVOS,Monto en Pesos,230000,2316000,0.0,Tecnología,"Ingeniería, Industria y Construcción",Ingeniería y Profesiones Afines,"Ingeniería en Automatización, Instrumentación y Control","Ingeniería, Industria y Construcción",Ingeniería y Profesiones Afines,NO ACREDITADA,ACREDITADA,11/12/2016 - 11/12/2022,6.0,36000,0,11
2022,464877,I629S4C134J2V1,16205266.0,1,199807,20 a 24 años,2020,1,2020,1,Centros de Formación Técnica,Centros de Formación Técnica,Centros de Formación Técnica,629,CFT PUCV,4,CAMPUS QUILLOTA,134,TECNICO EN GASTRONOMIA INTERNACIONAL,Presencial,Vespertina,1,Plan Regular,4,1,5,Valparaíso,QUILLOTA,QUILLOTA,Pregrado,Técnico de Nivel Superior,Carreras Técnicas,Educación Media,VIGENTE CON ALUMNOS NUEVOS,Monto en Pesos,155300,1940400,0.0,Administración y Comercio,Servicios,Servicios Personales,Técnico en Gastronomía y Cocina,Servicios,Servicios personales,NO ACREDITADA,ACREDITADA,12/01/2022 - 12/01/2027,5.0,970200,0,1
2022,626836,I456S1C49J2V1,18859447.0,2,200004,20 a 24 años,2021,1,2021,1,Centros de Formación Técnica,Centros de Formación Técnica,Centros de Formación Técnica,456,CFT CEDUC - UCN,1,CASA CENTRAL (COQUIMBO),49,EDUCACION DE PARVULOS,Presencial,Vespertina,1,Plan Regular,5,0,5,Coquimbo,ELQUI,COQUIMBO,Pregrado,Técnico de Nivel Superior,Carreras Técnicas,Educación Media,VIGENTE CON ALUMNOS NUEVOS,Monto en Pesos,120995,1579829,0.0,Educación,Educación,Formación de Personal Docente y Ciencias de la Educación,Técnico Asistente del Educador de Párvulos,Educación,Educación,NO ACREDITADA,ACREDITADA,04/11/2021 - 04/11/2026,5.0,362986,0,1
2022,573031,I143S2C42J2V1,23605755.0,2,199906,20 a 24 años,2021,1,2021,1,Institutos Profesionales,Institutos Profesionales,Institutos Profesionales,143,IP AIEP,2,SEDE ANTOFAGASTA,42,TECNICO DEPORTIVO,Presencial,Vespertina,1,Plan Regular,5,1,5,Antofagasta,ANTOFAGASTA,ANTOFAGASTA,Pregrado,Técnico de Nivel Superior,Carreras Técnicas,Educación Media,VIGENTE CON ALUMNOS NUEVOS,Monto en Pesos,200000,1740000,0.0,Educación,Servicios,Servicios Personales,"Técnico en Deporte, Recreación y Preparación Física",Servicios,Servicios personales,NO ACREDITADA,ACREDITADA,22/10/2017 - 22/10/2022,5.0,557000,0,1
2022,213475,I143S30C29J2V2,23834513.0,2,199310,25 a 29 años,2022,1,2022,1,Institutos Profesionales,Institutos Profesionales,Institutos Profesionales,143,IP AIEP,30,SEDE SAN BERNARDO,29,ASISTENTE DE PARVULOS,Presencial,Vespertina,2,Plan Regular,5,1,5,Metropolitana,MAIPO,SAN BERNARDO,Pregrado,Técnico de Nivel Superior,Carreras Técnicas,Educación Media,VIGENTE CON ALUMNOS NUEVOS,Monto en Pesos,200000,1860000,0.0,Educación,Educación,Formación de Personal Docente y Ciencias de la Educación,Técnico Asistente del Educador de Párvulos,Educación,Educación,NO ACREDITADA,ACREDITADA,22/10/2017 - 22/10/2022,5.0,584000,0,1
2022,896924,I430S1C325J2V1,22374114.0,1,200207,15 a 19 años,2021,1,2021,1,Centros de Formación Técnica,Centros de Formación Técnica,Centros de Formación Técnica,430,CFT INACAP,1,SEDE ANTOFAGASTA,325,TECNICO EN AUTOMATIZACION Y ROBOTICA,Presencial,Vespertina,1,Plan Regular,4,0,4,Antofagasta,ANTOFAGASTA,ANTOFAGASTA,Pregrado,Técnico de Nivel Superior,Carreras Técnicas,Educación Media,VIGENTE CON ALUMNOS NUEVOS,Monto en Pesos,230000,2374000,0.0,Tecnología,"Ingeniería, Industria y Construcción",Ingeniería y Profesiones Afines,"Técnico en Instrumentación, Automatización y Control Industrial","Ingeniería, Industria y Construcción",Ingeniería y Profesiones Afines,NO ACREDITADA,ACREDITADA,05/01/2018 - 05/01/2025,7.0,36000,0,1
2022,3638,I430S2C131J2V1,16707617.0,2,196809,40 y más años,2021,1,2021,1,Centros de Formación Técnica,Centros de Formación Técnica,Centros de Formación Técnica,430,CFT INACAP,2,SEDE ARICA,131,GASTRONOMIA INTERNACIONAL,Presencial,Vespertina,1,Plan Regular,4,0,4,Arica y Parinacota,ARICA,ARICA,Pregrado,Técnico de Nivel Superior,Carreras Técnicas,Educación Media,VIGENTE SIN ALUMNOS NUEVOS,Monto en Pesos,230000,2140000,0.0,Administración y Comercio,Servicios,Servicios Personales,Técnico en Gastronomía y Cocina,Servicios,Servicios personales,NO ACREDITADA,ACREDITADA,05/01/2018 - 05/01/2025,7.0,36000,0,1
2022,645569,I430S28C42J1V2,23555524.0,1,200005,20 a 24 años,2022,1,2022,1,Centros de Formación Técnica,Centros de Formación Técnica,Centros de Formación Técnica,430,CFT INACAP,28,SEDE TEMUCO,42,ANALISTA PROGRAMADOR,Presencial,Diurna,2,Plan Regular,4,0,4,La Araucanía,CAUTIN,TEMUCO,Pregrado,Técnico de Nivel Superior,Carreras Técnicas,Educación Media,VIGENTE CON ALUMNOS NUEVOS,Monto en Pesos,230000,2392000,0.0,Tecnología,Ciencias,Informática,Técnico en Computación e Informática,Tecnología de la Información y la Comunicación (TIC),Tecnología de la Información y la Comunicación (TIC),ACREDITADA,ACREDITADA,05/01/2018 - 05/01/2025,7.0,36000,0,1
2022,973145,I430S5C316J2V1,21679117.0,1,200303,15 a 19 años,2022,1,2022,1,Centros de Formación Técnica,Centros de Formación Técnica,Centros de Formación Técnica,430,CFT INACAP,5,SEDE COPIAPO,316,ELECTROMECANICA,Presencial,Vespertina,1,Plan Regular,4,0,4,Atacama,COPIAPO,COPIAPO,Pregrado,Técnico de Nivel Superior,Carreras Técnicas,Educación Media,VIGENTE CON ALUMNOS NUEVOS,Monto en Pesos,230000,2086000,0.0,Tecnología,"Ingeniería, Industria y Construcción",Ingeniería y Profesiones Afines,Técnico en Electromecánica,"Ingeniería, Industria y Construcción",Ingeniería y Profesiones Afines,NO ACREDITADA,ACREDITADA,05/01/2018 - 05/01/2025,7.0,36000,0,1
2022,924338,I430S28C201J1V1,23377716.0,2,200210,15 a 19 años,2022,1,2022,1,Centros de Formación Técnica,Centros de Formación Técnica,Centros de Formación Técnica,430,CFT INACAP,28,SEDE TEMUCO,201,ADMINISTRACION DE EMPRESAS,Presencial,Diurna,1,Plan Regular,4,0,4,La Araucanía,CAUTIN,TEMUCO,Pregrado,Técnico de Nivel Superior,Carreras Técnicas,Educación Media,VIGENTE CON ALUMNOS NUEVOS,Monto en Pesos,230000,2284000,0.0,Administración y Comercio,"Ciencias Sociales, Enseñanza Comercial y Derecho",Enseñanza Comercial y Administración,Técnico en Administración de Empresas,Administración de Empresas y Derecho,Educación Comercial y Administración,NO ACREDITADA,ACREDITADA,05/01/2018 - 05/01/2025,7.0,36000,0,1
2022,801489,I100S26C300J2V1,16083071.0,1,200305,15 a 19 años,2022,1,2022,1,Institutos Profesionales,Institutos Profesionales,Institutos Profesionales,100,IP INACAP,26,SEDE OSORNO,300,INGENIERIA EN ADMINISTRACION DE EMPRESAS,Presencial,Vespertina,1,Plan Regular,8,0,8,Los Lagos,OSORNO,OSORNO,Pregrado,Profesional Sin Licenciatura,Carreras Profesionales,Educación Media,VIGENTE CON ALUMNOS NUEVOS,Monto en Pesos,230000,2014000,0.0,Administración y Comercio,"Ciencias Sociales, Enseñanza Comercial y Derecho",Enseñanza Comercial y Administración,Administración de Empresas e Ing. Asociadas,Administración de Empresas y Derecho,Educación Comercial y Administración,NO ACREDITADA,ACREDITADA,11/12/2016 - 11/12/2022,6.0,36000,0,1
2022,776959,I100S33C301J1V1,21384586.0,1,200107,20 a 24 años,2021,1,2021,1,Institutos Profesionales,Institutos Profesionales,Institutos Profesionales,100,IP INACAP,33,SEDE CONCEPCION - TALCAHUANO,301,INGENIERIA EN AUTOMATIZACION Y ROBOTICA,Presencial,Diurna,1,Plan Regular,8,0,8,Biobío,CONCEPCION,TALCAHUANO,Pregrado,Profesional Sin Licenciatura,Carreras Profesionales,Educación Media,VIGENTE CON ALUMNOS NUEVOS,Monto en Pesos,230000,2320000,0.0,Tecnología,"Ingeniería, Industria y Construcción",Ingeniería y Profesiones Afines,"Ingeniería en Automatización, Instrumentación y Control","Ingeniería, Industria y Construcción",Ingeniería y Profesiones Afines,NO ACREDITADA,ACREDITADA,11/12/2016 - 11/12/2022,6.0,36000,0,1
2022,932736,I430S16C45J1V1,22985829.0,2,200211,15 a 19 años,2021,1,2021,1,Centros de Formación Técnica,Centros de Formación Técnica,Centros de Formación Técnica,430,CFT INACAP,16,SEDE RANCAGUA,45,CONTABILIDAD GENERAL,Presencial,Diurna,1,Plan Regular,4,0,4,Lib. Gral. B. O'Higgins,CACHAPOAL,RANCAGUA,Pregrado,Técnico de Nivel Superior,Carreras Técnicas,Educación Media,VIGENTE CON ALUMNOS NUEVOS,Monto en Pesos,272000,2182000,0.0,Administración y Comercio,"Ciencias Sociales, Enseñanza Comercial y Derecho",Enseñanza Comercial y Administración,Técnico en Contabilidad General,Administración de Empresas y Derecho,Educación Comercial y Administración,NO ACREDITADA,ACREDITADA,05/01/2018 - 05/01/2025,7.0,36000,0,1
2022,362264,I82S1C12J1V1,15899027.0,2,199612,25 a 29 años,2019,1,2019,1,Universidades,Universidades CRUCH,Universidades Estatales CRUCH,82,UNIVERSIDAD METROPOLITANA DE CIENCIAS DE LA EDUCACION,1,CASA CENTRAL (SANTIAGO),12,LICENCIATURA EN EDUCACION Y PEDAGOGIA EN EDUCACION DIFERENCIAL ESPECIALIDAD PROBLEMAS DE APRENDIZAJE,Presencial,Diurna,1,Plan Regular,10,2,10,Metropolitana,SANTIAGO,ÑUÑOA,Pregrado,Profesional Con Licenciatura,Carreras Profesionales,Educación Media,VIGENTE SIN ALUMNOS NUEVOS,Monto en Pesos,170000,2723600,0.0,Educación,Educación,Formación de Personal Docente y Ciencias de la Educación,Pedagogía en Educación Diferencial,Educación,Educación,ACREDITADA,ACREDITADA,30/12/2019 - 30/12/2022,3.0,174000,0,1
2022,802675,I430S14C315J1V1,22946842.0,2,200109,20 a 24 años,2020,1,2020,1,Centros de Formación Técnica,Centros de Formación Técnica,Centros de Formación Técnica,430,CFT INACAP,14,SEDE APOQUINDO,315,DISEÑO & PRODUCCION DE MODA,Presencial,Diurna,1,Plan Regular,4,0,4,Metropolitana,SANTIAGO,LAS CONDES,Pregrado,Técnico de Nivel Superior,Carreras Técnicas,Educación Media,VIGENTE CON ALUMNOS NUEVOS,Monto en Pesos,272000,2818000,0.0,Arte y Arquitectura,Humanidades y Artes,Artes,Técnico en Diseño de Vestuario,Artes y Humanidades,Artes,NO ACREDITADA,ACREDITADA,05/01/2018 - 05/01/2025,7.0,36000,0,1
2022,1026401,I693S0C4J1V2,18756211.0,1,200311,15 a 19 años,2022,1,2022,1,Institutos Profesionales,Institutos Profesionales,Institutos Profesionales,693,IP PROJAZZ,0,CASA CENTRAL,4,COMPOSICION MUSICAL,Presencial,Diurna,2,Plan Regular,8,1,8,Metropolitana,SANTIAGO,PROVIDENCIA,Pregrado,Profesional Sin Licenciatura,Carreras Profesionales,Educación Media,VIGENTE CON ALUMNOS NUEVOS,Monto en Pesos,298000,3850000,0.0,Arte y Arquitectura,Humanidades y Artes,Artes,"Música, Canto o Danza",Artes y Humanidades,Artes,NO ACREDITADA,NO ACREDITADA,,,300000,0,1
2022,148528,I106S6C287J4V2,21653090.0,1,198905,30 a 34 años,2018,1,2018,1,Institutos Profesionales,Institutos Profesionales,Institutos Profesionales,106,IP PROVIDENCIA,6,SEDE VICUÑA MACKENNA (SANTIAGO VICUÑA MACKENNA 380),287,INGENIERIA EN ADMINISTRACION PUBLICA Y MUNICIPAL,No Presencial,A Distancia,2,Plan Regular,8,1,8,Metropolitana,SANTIAGO,PROVIDENCIA,Pregrado,Profesional Sin Licenciatura,Carreras Profesionales,Educación Media,VIGENTE CON ALUMNOS NUEVOS,Monto en Pesos,136000,1386000,0.0,Ciencias Sociales,"Ciencias Sociales, Enseñanza Comercial y Derecho",Enseñanza Comercial y Administración,Ingeniería en Gestión Pública,Administración de Empresas y Derecho,Educación Comercial y Administración,NO ACREDITADA,ACREDITADA,13/04/2022 - 13/04/2025,3.0,355000,0,1
2022,20218,I106S6C266J4V1,20428989.0,2,197410,40 y más años,2021,1,2021,1,Institutos Profesionales,Institutos Profesionales,Institutos Profesionales,106,IP PROVIDENCIA,6,SEDE VICUÑA MACKENNA (SANTIAGO VICUÑA MACKENNA 380),266,TECNICO EN EDUCACION DIFERENCIAL,No Presencial,A Distancia,1,Plan Regular,5,1,5,Metropolitana,SANTIAGO,PROVIDENCIA,Pregrado,Técnico de Nivel Superior,Carreras Técnicas,Educación Media,VIGENTE CON ALUMNOS NUEVOS,Monto en Pesos,136000,1386000,0.0,Educación,Educación,Formación de Personal Docente y Ciencias de la Educación,Técnico Asistente del Educador Diferencial,Educación,Educación,NO ACREDITADA,ACREDITADA,13/04/2022 - 13/04/2025,3.0,180000,0,1
2022,1112412,I117S1C31J4V1,24475081.0,2,199105,30 a 34 años,2022,1,2022,1,Institutos Profesionales,Institutos Profesionales,Institutos Profesionales,117,IP IACC,1,CASA CENTRAL (SANTIAGO),31,TECNICO DE NIVEL SUPERIOR EN ADMINISTRACION PUBLICA,No Presencial,A Distancia,1,Plan Regular,5,1,5,Metropolitana,SANTIAGO,PROVIDENCIA,Pregrado,Técnico de Nivel Superior,Carreras Técnicas,Educación Media,VIGENTE CON ALUMNOS NUEVOS,Monto en Pesos,80000,1530000,0.0,Ciencias Sociales,"Ciencias Sociales, Enseñanza Comercial y Derecho",Enseñanza Comercial y Administración,Técnico en Administración Pública o Municipal,Administración de Empresas y Derecho,Educación Comercial y Administración,NO ACREDITADA,ACREDITADA,09/10/2019 - 09/10/2021,2.0,90000,0,1
2022,29618,I132S2C169J1V1,16531826.0,2,197805,40 y más años,2021,1,2021,1,Institutos Profesionales,Institutos Profesionales,Institutos Profesionales,132,IP ESUCOMEX,2,CASA CENTRAL (SANTIAGO),169,TECNICO EN ENFERMERIA,Presencial,Diurna,1,Plan Regular,5,1,5,Metropolitana,SANTIAGO,SANTIAGO,Pregrado,Técnico de Nivel Superior,Carreras Técnicas,Educación Media,VIGENTE CON ALUMNOS NUEVOS,Monto en Pesos,60000,1480000,0.0,Salud,Salud y Servicios Sociales,Medicina,Técnico en Enfermería,Salud y Bienestar,Salud,NO ACREDITADA,ACREDITADA,21/12/2018 - 21/12/2023,5.0,166000,0,1
2022,1213414,I214S1C49J4V2,20118116.0,1,196702,40 y más años,2021,1,2021,1,Centros de Formación Técnica,Centros de Formación Técnica,Centros de Formación Técnica,214,CFT INSTITUTO CENTRAL DE CAPACITACION EDUCACIONAL ICCE,1,CASA CENTRAL (SANTIAGO),49,TECNICO EN CONSTRUCCION,No Presencial,A Distancia,2,Plan Especial,3,1,3,Metropolitana,SANTIAGO,SANTIAGO,Pregrado,Técnico de Nivel Superior,Carreras Técnicas,Educación Media,VIGENTE CON ALUMNOS NUEVOS,Monto en Pesos,60000,1392000,0.0,Tecnología,"Ingeniería, Industria y Construcción",Arquitectura y Construcción,Técnico en Construcción y Obras Civiles,"Ingeniería, Industria y Construcción",Arquitectura y Construcción,NO ACREDITADA,NO ACREDITADA,,,450000,0,1
2022,64462,I312S1C82J4V2,17326484.0,2,198110,40 y más años,2022,1,2022,1,Centros de Formación Técnica,Centros de Formación Técnica,Centros de Formación Técnica,312,CFT CENCO,1,CASA CENTRAL (SANTIAGO),82,TECNICO DE NIVEL SUPERIOR EN ADMINISTRACION PUBLICA,No Presencial,A Distancia,2,Plan Especial,4,1,4,Metropolitana,SANTIAGO,SANTIAGO,Pregrado,Técnico de Nivel Superior,Carreras Técnicas,Educación Media,VIGENTE CON ALUMNOS NUEVOS,Monto en Pesos,76923,760008,0.0,Ciencias Sociales,"Ciencias Sociales, Enseñanza Comercial y Derecho",Enseñanza Comercial y Administración,Técnico en Administración Pública o Municipal,Administración de Empresas y Derecho,Educación Comercial y Administración,NO ACREDITADA,NO ACREDITADA,,,150000,0,1
2022,33851,I312S1C84J4V2,17648616.0,2,197812,40 y más años,2021,1,2021,1,Centros de Formación Técnica,Centros de Formación Técnica,Centros de Formación Técnica,312,CFT CENCO,1,CASA CENTRAL (SANTIAGO),84,TECNICO DE NIVEL SUPERIOR EN FARMACIA,No Presencial,A Distancia,2,Plan Especial,4,1,4,Metropolitana,SANTIAGO,SANTIAGO,Pregrado,Técnico de Nivel Superior,Carreras Técnicas,Educación Media,VIGENTE CON ALUMNOS NUEVOS,Monto en Pesos,76923,760008,0.0,Salud,Salud y Servicios Sociales,Medicina,Técnico en Farmacia,Salud y Bienestar,Salud,NO ACREDITADA,NO ACREDITADA,,,150000,0,1
2022,266525,I312S1C101J4V2,17210772.0,2,199505,25 a 29 años,2021,2,2021,2,Centros de Formación Técnica,Centros de Formación Técnica,Centros de Formación Técnica,312,CFT CENCO,1,CASA CENTRAL (SANTIAGO),101,TECNICO DE NIVEL SUPERIOR EN EDUCACION PARVULARIA,No Presencial,A Distancia,2,Plan Especial,4,1,4,Metropolitana,SANTIAGO,SANTIAGO,Pregrado,Técnico de Nivel Superior,Carreras Técnicas,Educación Media,VIGENTE CON ALUMNOS NUEVOS,Monto en Pesos,76923,760008,0.0,Educación,Educación,Formación de Personal Docente y Ciencias de la Educación,Técnico Asistente del Educador de Párvulos,Educación,Educación,NO ACREDITADA,NO ACREDITADA,,,150000,0,1
2022,1099093,I312S1C86J4V2,19982774.0,2,198212,35 a 39 años,2021,2,2021,2,Centros de Formación Técnica,Centros de Formación Técnica,Centros de Formación Técnica,312,CFT CENCO,1,CASA CENTRAL (SANTIAGO),86,TECNICO DE NIVEL SUPERIOR EN GESTION DE INSTITUCIONES DE SALUD,No Presencial,A Distancia,2,Plan Especial,4,1,4,Metropolitana,SANTIAGO,SANTIAGO,Pregrado,Técnico de Nivel Superior,Carreras Técnicas,Educación Media,VIGENTE CON ALUMNOS NUEVOS,Monto en Pesos,76923,760008,0.0,Administración y Comercio,"Ciencias Sociales, Enseñanza Comercial y Derecho",Enseñanza Comercial y Administración,Técnico en Administración de Empresas,Administración de Empresas y Derecho,Educación Comercial y Administración,NO ACREDITADA,NO ACREDITADA,,,150000,0,1
2022,205098,I312S1C82J4V2,20628587.0,1,199211,25 a 29 años,2021,2,2021,2,Centros de Formación Técnica,Centros de Formación Técnica,Centros de Formación Técnica,312,CFT CENCO,1,CASA CENTRAL (SANTIAGO),82,TECNICO DE NIVEL SUPERIOR EN ADMINISTRACION PUBLICA,No Presencial,A Distancia,2,Plan Especial,4,1,4,Metropolitana,SANTIAGO,SANTIAGO,Pregrado,Técnico de Nivel Superior,Carreras Técnicas,Educación Media,VIGENTE CON ALUMNOS NUEVOS,Monto en Pesos,76923,760008,0.0,Ciencias Sociales,"Ciencias Sociales, Enseñanza Comercial y Derecho",Enseñanza Comercial y Administración,Técnico en Administración Pública o Municipal,Administración de Empresas y Derecho,Educación Comercial y Administración,NO ACREDITADA,NO ACREDITADA,,,150000,0,1
2022,39410,I312S1C80J4V2,18238566.0,1,198001,40 y más años,2021,2,2021,2,Centros de Formación Técnica,Centros de Formación Técnica,Centros de Formación Técnica,312,CFT CENCO,1,CASA CENTRAL (SANTIAGO),80,TECNICO DE NIVEL SUPERIOR EN ADMINISTRACION DE RECURSOS HUMANOS,No Presencial,A Distancia,2,Plan Especial,4,1,4,Metropolitana,SANTIAGO,SANTIAGO,Pregrado,Técnico de Nivel Superior,Carreras Técnicas,Educación Media,VIGENTE CON ALUMNOS NUEVOS,Monto en Pesos,76923,760008,0.0,Administración y Comercio,"Ciencias Sociales, Enseñanza Comercial y Derecho",Enseñanza Comercial y Administración,Técnico en Administración de Recursos Humanos y Personal,Administración de Empresas y Derecho,Educación Comercial y Administración,NO ACREDITADA,NO ACREDITADA,,,150000,0,1
2022,771923,I218S1C158J1V2,21884913.0,2,200106,20 a 24 años,2021,1,2021,1,Centros de Formación Técnica,Centros de Formación Técnica,Centros de Formación Técnica,218,CFT DE ENAC,1,CASA CENTRAL (SANTIAGO),158,TECNICO EN INFORMATICA MENCION CIBERSEGURIDAD,Presencial,Diurna,2,Plan Regular,5,0,5,Metropolitana,SANTIAGO,SANTIAGO,Pregrado,Técnico de Nivel Superior,Carreras Técnicas,Educación Media,VIGENTE CON ALUMNOS NUEVOS,Monto en Pesos,0,1900000,0.0,Tecnología,Ciencias,Informática,Técnico en Computación e Informática,Tecnología de la Información y la Comunicación (TIC),Tecnología de la Información y la Comunicación (TIC),NO ACREDITADA,ACREDITADA,25/10/2016 - 25/10/2022,6.0,120000,0,1
2022,625940,I218S1C58J1V2,16125625.0,2,200006,20 a 24 años,2019,1,2019,1,Centros de Formación Técnica,Centros de Formación Técnica,Centros de Formación Técnica,218,CFT DE ENAC,1,CASA CENTRAL (SANTIAGO),58,TECNICO EN EDUCACION ESPECIAL,Presencial,Diurna,2,Plan Regular,5,0,5,Metropolitana,SANTIAGO,SANTIAGO,Pregrado,Técnico de Nivel Superior,Carreras Técnicas,Educación Media,VIGENTE CON ALUMNOS NUEVOS,Monto en Pesos,0,1511000,0.0,Educación,Educación,Formación de Personal Docente y Ciencias de la Educación,Técnico Asistente del Educador Diferencial,Educación,Educación,NO ACREDITADA,ACREDITADA,25/10/2016 - 25/10/2022,6.0,120000,0,1
2022,4721,I152S10C395J4V1,19918970.0,2,198109,40 y más años,2022,1,2022,1,Institutos Profesionales,Institutos Profesionales,Institutos Profesionales,152,IP LATINOAMERICANO DE COMERCIO EXTERIOR - IPLACEX,10,SEDE SANTIAGO,395,TECNICO EN EDUCACION PARVULARIA Y EDUCACION BASICA,No Presencial,A Distancia,1,Plan Regular,4,0,4,Metropolitana,SANTIAGO,SANTIAGO,Pregrado,Técnico de Nivel Superior,Carreras Técnicas,Educación Media,VIGENTE CON ALUMNOS NUEVOS,Monto en Pesos,100000,1440000,0.0,Educación,Educación,Formación de Personal Docente y Ciencias de la Educación,Técnico Asistente del Educador de Párvulos,Educación,Educación,NO ACREDITADA,ACREDITADA,06/10/2021 - 06/10/2025,4.0,184000,0,1
2022,484097,I152S10C300J4V3,21826326.0,2,199910,20 a 24 años,2022,1,2022,1,Institutos Profesionales,Institutos Profesionales,Institutos Profesionales,152,IP LATINOAMERICANO DE COMERCIO EXTERIOR - IPLACEX,10,SEDE SANTIAGO,300,TECNICO EN TRABAJO SOCIAL,No Presencial,A Distancia,3,Plan Regular,4,0,4,Metropolitana,SANTIAGO,SANTIAGO,Pregrado,Técnico de Nivel Superior,Carreras Técnicas,Educación Media,VIGENTE CON ALUMNOS NUEVOS,Monto en Pesos,100000,1512000,0.0,Ciencias Sociales,Salud y Servicios Sociales,Servicios Sociales,Técnico en Servicio Social,Salud y Bienestar,Bienestar,NO ACREDITADA,ACREDITADA,06/10/2021 - 06/10/2025,4.0,184000,0,1
2022,12990,I152S10C41J4V4,17106220.0,2,197306,40 y más años,2021,1,2021,1,Institutos Profesionales,Institutos Profesionales,Institutos Profesionales,152,IP LATINOAMERICANO DE COMERCIO EXTERIOR - IPLACEX,10,SEDE SANTIAGO,41,TRABAJO SOCIAL,No Presencial,A Distancia,4,Plan Regular,8,0,8,Metropolitana,SANTIAGO,SANTIAGO,Pregrado,Profesional Sin Licenciatura,Carreras Profesionales,Educación Media,VIGENTE CON ALUMNOS NUEVOS,Monto en Pesos,113000,1677000,0.0,Ciencias Sociales,Salud y Servicios Sociales,Servicios Sociales,Trabajo Social,Salud y Bienestar,Bienestar,NO ACREDITADA,ACREDITADA,06/10/2021 - 06/10/2025,4.0,184000,0,1
2022,221325,I143S28C83J4V1,20965241.0,1,199212,25 a 29 años,2022,1,2022,1,Institutos Profesionales,Institutos Profesionales,Institutos Profesionales,143,IP AIEP,28,CAMPUS VIRTUAL SANTIAGO NORTE,83,TECNICO EN TRABAJO SOCIAL,No Presencial,A Distancia,1,Plan Regular,5,1,5,Metropolitana,SANTIAGO,CONCHALI,Pregrado,Técnico de Nivel Superior,Carreras Técnicas,Educación Media,VIGENTE CON ALUMNOS NUEVOS,Monto en Pesos,200000,1850000,0.0,Ciencias Sociales,Salud y Servicios Sociales,Servicios Sociales,Técnico en Servicio Social,Salud y Bienestar,Bienestar,NO ACREDITADA,ACREDITADA,22/10/2017 - 22/10/2022,5.0,594000,0,1
2023,1231615,I111S7C48J2V1,25473189.0,1,200405,15 a 19 años,2023,1,2023,1,Institutos Profesionales,Institutos Profesionales,Institutos Profesionales,111,IP DUOC UC,7,SEDE ALAMEDA,48,INGENIERIA EN INFORMATICA,Presencial,Vespertina,1,Plan Regular,8,1,8,Metropolitana,SANTIAGO,SANTIAGO,Pregrado,Profesional Sin Licenciatura,Carreras Profesionales,Educación Media,VIGENTE CON ALUMNOS NUEVOS,Monto en Pesos,304000,2970000,,Tecnología,Ciencias,Informática,Ingeniería en Computación e Informática,Tecnología de la Información y la Comunicación (TIC),Tecnología de la Información y la Comunicación (TIC),NO ACREDITADA,ACREDITADA,26/08/2017 - 26/08/2024,7.0,0,0,1
2023,202675,I111S5C486J2V1,21682423.0,2,199108,30 a 34 años,2020,1,2020,1,Institutos Profesionales,Institutos Profesionales,Institutos Profesionales,111,IP DUOC UC,5,SEDE ANTONIO VARAS,486,INGENIERIA EN ADMINISTRACION MENCION MARKETING,Presencial,Vespertina,1,Plan Regular,8,1,8,Metropolitana,SANTIAGO,PROVIDENCIA,Pregrado,Profesional Sin Licenciatura,Carreras Profesionales,Educación Media,VIGENTE SIN ALUMNOS NUEVOS,Monto en Pesos,304000,2860000,,Administración y Comercio,"Ciencias Sociales, Enseñanza Comercial y Derecho",Enseñanza Comercial y Administración,Ingeniería en Marketing,Administración de Empresas y Derecho,Educación Comercial y Administración,NO ACREDITADA,ACREDITADA,26/08/2017 - 26/08/2024,7.0,0,0,1
2023,829926,I111S9C486J1V1,11060595.0,2,200203,20 a 24 años,2022,1,2022,1,Institutos Profesionales,Institutos Profesionales,Institutos Profesionales,111,IP DUOC UC,9,SEDE PLAZA VESPUCIO,486,INGENIERIA EN ADMINISTRACION MENCION MARKETING,Presencial,Diurna,1,Plan Regular,8,1,8,Metropolitana,SANTIAGO,LA FLORIDA,Pregrado,Profesional Sin Licenciatura,Carreras Profesionales,Educación Media,VIGENTE SIN ALUMNOS NUEVOS,Monto en Pesos,304000,2860000,,Administración y Comercio,"Ciencias Sociales, Enseñanza Comercial y Derecho",Enseñanza Comercial y Administración,Ingeniería en Marketing,Administración de Empresas y Derecho,Educación Comercial y Administración,NO ACREDITADA,ACREDITADA,26/08/2017 - 26/08/2024,7.0,0,0,1
2023,1013741,I111S5C443J2V1,20905424.0,1,200308,15 a 19 años,2023,1,2023,1,Institutos Profesionales,Institutos Profesionales,Institutos Profesionales,111,IP DUOC UC,5,SEDE ANTONIO VARAS,443,TURISMO Y HOTELERIA,Presencial,Vespertina,1,Plan Regular,8,1,8,Metropolitana,SANTIAGO,PROVIDENCIA,Pregrado,Profesional Sin Licenciatura,Carreras Profesionales,Educación Media,VIGENTE CON ALUMNOS NUEVOS,Monto en Pesos,304000,3410000,,Administración y Comercio,Servicios,Servicios Personales,Administración Turística y Hotelera,Servicios,Servicios personales,NO ACREDITADA,ACREDITADA,26/08/2017 - 26/08/2024,7.0,0,0,1
2023,934293,I111S5C100J1V1,14072973.0,1,200212,20 a 24 años,2023,1,2023,1,Institutos Profesionales,Institutos Profesionales,Institutos Profesionales,111,IP DUOC UC,5,SEDE ANTONIO VARAS,100,GASTRONOMIA INTERNACIONAL,Presencial,Diurna,1,Plan Regular,8,1,8,Metropolitana,SANTIAGO,PROVIDENCIA,Pregrado,Profesional Sin Licenciatura,Carreras Profesionales,Educación Media,VIGENTE CON ALUMNOS NUEVOS,Monto en Pesos,304000,3780000,,Administración y Comercio,Servicios,Servicios Personales,Administración Gastronómica,Servicios,Servicios personales,NO ACREDITADA,ACREDITADA,26/08/2017 - 26/08/2024,7.0,0,0,1
2023,838722,I111S23C48J1V1,21571342.0,1,200204,20 a 24 años,2020,1,2020,1,Institutos Profesionales,Institutos Profesionales,Institutos Profesionales,111,IP DUOC UC,23,SEDE MELIPILLA,48,INGENIERIA EN INFORMATICA,Presencial,Diurna,1,Plan Regular,8,1,8,Metropolitana,MELIPILLA,MELIPILLA,Pregrado,Profesional Sin Licenciatura,Carreras Profesionales,Educación Media,VIGENTE CON ALUMNOS NUEVOS,Monto en Pesos,304000,2870000,,Tecnología,Ciencias,Informática,Ingeniería en Computación e Informática,Tecnología de la Información y la Comunicación (TIC),Tecnología de la Información y la Comunicación (TIC),ACREDITADA,ACREDITADA,26/08/2017 - 26/08/2024,7.0,0,0,1
2023,890038,I111S23C22J2V1,23241256.0,1,200301,20 a 24 años,2022,1,2022,1,Institutos Profesionales,Institutos Profesionales,Institutos Profesionales,111,IP DUOC UC,23,SEDE MELIPILLA,22,INGENIERIA EN MECANICA AUTOMOTRIZ Y AUTOTRONICA,Presencial,Vespertina,1,Plan Regular,8,1,8,Metropolitana,MELIPILLA,MELIPILLA,Pregrado,Profesional Sin Licenciatura,Carreras Profesionales,Educación Media,VIGENTE CON ALUMNOS NUEVOS,Monto en Pesos,304000,2840000,,Tecnología,"Ingeniería, Industria y Construcción",Ingeniería y Profesiones Afines,Ingeniería en Mecánica Automotriz,"Ingeniería, Industria y Construcción",Ingeniería y Profesiones Afines,NO ACREDITADA,ACREDITADA,26/08/2017 - 26/08/2024,7.0,0,0,1
2023,584302,I111S20C6J2V1,15161150.0,1,200002,20 a 24 años,2023,1,2023,1,Institutos Profesionales,Institutos Profesionales,Institutos Profesionales,111,IP DUOC UC,20,SEDE SAN BERNARDO,6,AUDITORIA,Presencial,Vespertina,1,Plan Regular,8,1,8,Metropolitana,MAIPO,SAN BERNARDO,Pregrado,Profesional Sin Licenciatura,Carreras Profesionales,Educación Media,VIGENTE CON ALUMNOS NUEVOS,Monto en Pesos,304000,2640000,,Administración y Comercio,"Ciencias Sociales, Enseñanza Comercial y Derecho",Enseñanza Comercial y Administración,Contador Auditor,Administración de Empresas y Derecho,Educación Comercial y Administración,NO ACREDITADA,ACREDITADA,26/08/2017 - 26/08/2024,7.0,0,0,1
2023,40407,I111S12C489J1V1,22878685.0,1,197903,40 y más años,2023,1,2023,1,Institutos Profesionales,Institutos Profesionales,Institutos Profesionales,111,IP DUOC UC,12,SEDE PUENTE ALTO,489,TECNICO EN ENERGIAS RENOVABLES,Presencial,Diurna,1,Plan Regular,5,1,5,Metropolitana,CORDILLERA,PUENTE ALTO,Pregrado,Técnico de Nivel Superior,Carreras Técnicas,Educación Media,VIGENTE CON ALUMNOS NUEVOS,Monto en Pesos,232000,2520000,,Tecnología,"Ingeniería, Industria y Construcción",Ingeniería y Profesiones Afines,Técnico en Energía,"Ingeniería, Industria y Construcción",Ingeniería y Profesiones Afines,NO ACREDITADA,ACREDITADA,26/08/2017 - 26/08/2024,7.0,0,0,1
2023,80308,I111S20C58J2V1,20685861.0,1,198311,35 a 39 años,2023,1,2023,1,Institutos Profesionales,Institutos Profesionales,Institutos Profesionales,111,IP DUOC UC,20,SEDE SAN BERNARDO,58,TECNICO EN MECANICA AUTOMOTRIZ Y AUTOTRONICA,Presencial,Vespertina,1,Plan Regular,5,1,5,Metropolitana,MAIPO,SAN BERNARDO,Pregrado,Técnico de Nivel Superior,Carreras Técnicas,Educación Media,VIGENTE CON ALUMNOS NUEVOS,Monto en Pesos,232000,2590000,,Tecnología,"Ingeniería, Industria y Construcción",Ingeniería y Profesiones Afines,Técnico en Mecánica Automotriz,"Ingeniería, Industria y Construcción",Ingeniería y Profesiones Afines,NO ACREDITADA,ACREDITADA,26/08/2017 - 26/08/2024,7.0,0,0,1
2023,945458,I111S22C23J1V1,19544480.0,1,200301,20 a 24 años,2021,1,2021,1,Institutos Profesionales,Institutos Profesionales,Institutos Profesionales,111,IP DUOC UC,22,SEDE PADRE ALONSO DE OVALLE,23,ANALISTA PROGRAMADOR COMPUTACIONAL,Presencial,Diurna,1,Plan Regular,5,1,5,Metropolitana,SANTIAGO,SANTIAGO,Pregrado,Técnico de Nivel Superior,Carreras Técnicas,Educación Media,VIGENTE CON ALUMNOS NUEVOS,Monto en Pesos,232000,2690000,,Tecnología,Ciencias,Informática,Técnico en Computación e Informática,Tecnología de la Información y la Comunicación (TIC),Tecnología de la Información y la Comunicación (TIC),NO ACREDITADA,ACREDITADA,26/08/2017 - 26/08/2024,7.0,0,0,1
2023,287302,I111S2C103J1V1,20241264.0,2,199505,25 a 29 años,2021,1,2021,1,Institutos Profesionales,Institutos Profesionales,Institutos Profesionales,111,IP DUOC UC,2,SEDE VALPARAISO,103,ECOTURISMO,Presencial,Diurna,1,Plan Regular,8,1,8,Valparaíso,VALPARAISO,VALPARAISO,Pregrado,Profesional Sin Licenciatura,Carreras Profesionales,Educación Media,VIGENTE CON ALUMNOS NUEVOS,Monto en Pesos,258000,3420000,,Administración y Comercio,Servicios,Servicios Personales,Administración Turística y Hotelera,Servicios,Servicios personales,NO ACREDITADA,ACREDITADA,26/08/2017 - 26/08/2024,7.0,0,0,1
2023,478281,I111S4C48J1V1,22491746.0,1,199901,20 a 24 años,2020,1,2020,1,Institutos Profesionales,Institutos Profesionales,Institutos Profesionales,111,IP DUOC UC,4,SEDE VIÑA DEL MAR,48,INGENIERIA EN INFORMATICA,Presencial,Diurna,1,Plan Regular,8,1,8,Valparaíso,VALPARAISO,VIÑA DEL MAR,Pregrado,Profesional Sin Licenciatura,Carreras Profesionales,Educación Media,VIGENTE CON ALUMNOS NUEVOS,Monto en Pesos,258000,2870000,,Tecnología,Ciencias,Informática,Ingeniería en Computación e Informática,Tecnología de la Información y la Comunicación (TIC),Tecnología de la Información y la Comunicación (TIC),ACREDITADA,ACREDITADA,26/08/2017 - 26/08/2024,7.0,0,0,1
2024,771068,I111S22C443J1V1,1961173.0,2,200505,15 a 19 años,2024,1,2024,1,Institutos Profesionales,Institutos Profesionales,Institutos Profesionales,111,IP DUOC UC,22,SEDE PADRE ALONSO DE OVALLE,443,TURISMO Y HOTELERIA,Presencial,Diurna,1,Plan Regular,8,1,8,Metropolitana,SANTIAGO,SANTIAGO,Pregrado,Profesional Sin Licenciatura,Carreras Profesionales,Educación Media,VIGENTE CON ALUMNOS NUEVOS,Monto en Pesos,318000,3560000,,Administración y Comercio,Servicios,Servicios Personales,Administración Turística y Hotelera,Servicios,Servicios personales,NO ACREDITADA,ACREDITADA,26/08/2017 - 26/08/2024,7.0,0,0,1
2024,842054,I111S12C484J1V1,3769293.0,2,200109,20 a 24 años,2022,1,2022,1,Institutos Profesionales,Institutos Profesionales,Institutos Profesionales,111,IP DUOC UC,12,SEDE PUENTE ALTO,484,INGENIERIA EN ADMINISTRACION MENCION FINANZAS,Presencial,Diurna,1,Plan Regular,8,1,8,Metropolitana,CORDILLERA,PUENTE ALTO,Pregrado,Profesional Sin Licenciatura,Carreras Profesionales,Educación Media,VIGENTE CON ALUMNOS NUEVOS,Monto en Pesos,318000,2980000,,Administración y Comercio,"Ciencias Sociales, Enseñanza Comercial y Derecho",Enseñanza Comercial y Administración,Ingeniería en Finanzas,Administración de Empresas y Derecho,Educación Comercial y Administración,NO ACREDITADA,ACREDITADA,26/08/2017 - 26/08/2024,7.0,0,0,1
2023,622060,I111S3C488J1V1,18848457.0,2,200007,20 a 24 años,2022,1,2022,1,Institutos Profesionales,Institutos Profesionales,Institutos Profesionales,111,IP DUOC UC,3,SEDE CONCEPCION,488,TECNICO EN ADMINISTRACION,Presencial,Diurna,1,Plan Regular,5,1,5,Biobío,CONCEPCION,CONCEPCION,Pregrado,Técnico de Nivel Superior,Carreras Técnicas,Educación Media,VIGENTE SIN ALUMNOS NUEVOS,Monto en Pesos,210000,2400000,,Administración y Comercio,"Ciencias Sociales, Enseñanza Comercial y Derecho",Enseñanza Comercial y Administración,Técnico en Administración de Empresas,Administración de Empresas y Derecho,Educación Comercial y Administración,NO ACREDITADA,ACREDITADA,26/08/2017 - 26/08/2024,7.0,0,0,1
2023,1115990,I111S28C472J2V1,16238497.0,2,200405,15 a 19 años,2023,1,2023,1,Institutos Profesionales,Institutos Profesionales,Institutos Profesionales,111,IP DUOC UC,28,CAMPUS NACIMIENTO,472,TECNICO EN MANTENIMIENTO ELECTROMECANICO,Presencial,Vespertina,1,Plan Regular,5,1,5,Biobío,BIOBIO,NACIMIENTO,Pregrado,Técnico de Nivel Superior,Carreras Técnicas,Educación Media,VIGENTE CON ALUMNOS NUEVOS,Monto en Pesos,210000,2460000,,Tecnología,"Ingeniería, Industria y Construcción",Ingeniería y Profesiones Afines,Técnico en Electromecánica,"Ingeniería, Industria y Construcción",Ingeniería y Profesiones Afines,NO ACREDITADA,ACREDITADA,26/08/2017 - 26/08/2024,7.0,0,0,1
2023,983913,I111S4C76J1V1,23560074.0,1,200305,20 a 24 años,2023,1,2023,1,Institutos Profesionales,Institutos Profesionales,Institutos Profesionales,111,IP DUOC UC,4,SEDE VIÑA DEL MAR,76,TECNOLOGIA EN SONIDO,Presencial,Diurna,1,Plan Regular,5,1,5,Valparaíso,VALPARAISO,VIÑA DEL MAR,Pregrado,Técnico de Nivel Superior,Carreras Técnicas,Educación Media,VIGENTE CON ALUMNOS NUEVOS,Monto en Pesos,210000,2620000,,Tecnología,"Ingeniería, Industria y Construcción",Ingeniería y Profesiones Afines,Técnico en Sonido,Artes y Humanidades,Artes,ACREDITADA,ACREDITADA,26/08/2017 - 26/08/2024,7.0,0,0,1
2023,642835,I111S4C106J2V1,24495907.0,1,200006,20 a 24 años,2023,1,2023,1,Institutos Profesionales,Institutos Profesionales,Institutos Profesionales,111,IP DUOC UC,4,SEDE VIÑA DEL MAR,106,PREPARADOR FISICO,Presencial,Vespertina,1,Plan Regular,5,1,5,Valparaíso,VALPARAISO,VIÑA DEL MAR,Pregrado,Técnico de Nivel Superior,Carreras Técnicas,Educación Media,VIGENTE CON ALUMNOS NUEVOS,Monto en Pesos,210000,2420000,,Educación,Servicios,Servicios Personales,"Técnico en Deporte, Recreación y Preparación Física",Servicios,Servicios personales,NO ACREDITADA,ACREDITADA,26/08/2017 - 26/08/2024,7.0,0,0,1
2024,753229,I111S10C505J2V1,1745016.0,1,200405,20 a 24 años,2023,1,2023,1,Institutos Profesionales,Institutos Profesionales,Institutos Profesionales,111,IP DUOC UC,10,SEDE PLAZA OESTE,505,ADMINISTRACION DE REDES Y TELECOMUNICACIONES,Presencial,Vespertina,1,Plan Regular,5,1,5,Metropolitana,SANTIAGO,CERRILLOS,Pregrado,Técnico de Nivel Superior,Carreras Técnicas,Educación Media,VIGENTE CON ALUMNOS NUEVOS,Monto en Pesos,242000,2820000,,Tecnología,"Ingeniería, Industria y Construcción",Ingeniería y Profesiones Afines,Técnico en Telecomunicaciones,"Ingeniería, Industria y Construcción",Ingeniería y Profesiones Afines,NO ACREDITADA,ACREDITADA,26/08/2017 - 26/08/2024,7.0,0,0,1
2024,1144253,I111S12C106J1V1,1496755.0,1,199704,25 a 29 años,2020,1,2020,1,Institutos Profesionales,Institutos Profesionales,Institutos Profesionales,111,IP DUOC UC,12,SEDE PUENTE ALTO,106,PREPARADOR FISICO,Presencial,Diurna,1,Plan Regular,5,1,5,Metropolitana,CORDILLERA,PUENTE ALTO,Pregrado,Técnico de Nivel Superior,Carreras Técnicas,Educación Media,VIGENTE CON ALUMNOS NUEVOS,Monto en Pesos,242000,2560000,,Educación,Servicios,Servicios Personales,"Técnico en Deporte, Recreación y Preparación Física",Servicios,Servicios personales,NO ACREDITADA,ACREDITADA,26/08/2017 - 26/08/2024,7.0,0,0,1
2024,1135664,I111S4C484J1V1,2219412.0,1,200112,20 a 24 años,2024,1,2024,1,Institutos Profesionales,Institutos Profesionales,Institutos Profesionales,111,IP DUOC UC,4,SEDE VIÑA DEL MAR,484,INGENIERIA EN ADMINISTRACION MENCION FINANZAS,Presencial,Diurna,1,Plan Regular,8,1,8,Valparaíso,VALPARAISO,VIÑA DEL MAR,Pregrado,Profesional Sin Licenciatura,Carreras Profesionales,Educación Media,VIGENTE CON ALUMNOS NUEVOS,Monto en Pesos,270000,2970000,,Administración y Comercio,"Ciencias Sociales, Enseñanza Comercial y Derecho",Enseñanza Comercial y Administración,Ingeniería en Finanzas,Administración de Empresas y Derecho,Educación Comercial y Administración,NO ACREDITADA,ACREDITADA,26/08/2017 - 26/08/2024,7.0,0,0,1
2023,1068847,I917S1C12J2V1,20881393.0,1,200309,15 a 19 años,2022,1,2022,1,Centros de Formación Técnica,Centros de Formación Técnica,Centros de Formación Técnica Estatales,917,CFT DE LA REGION DE LOS RIOS,1,SEDE CENTRAL,12,TECNICO DE NIVEL SUPERIOR EN INFORMATICA Y DATA SCIENCE,Presencial,Vespertina,1,Plan Regular,5,1,5,Los Ríos,DEL RANCO,LA UNION,Pregrado,Técnico de Nivel Superior,Carreras Técnicas,Educación Media,VIGENTE CON ALUMNOS NUEVOS,Monto en Pesos,110000,1750000,,Tecnología,Ciencias,Informática,Técnico en Computación e Informática,Tecnología de la Información y la Comunicación (TIC),Tecnología de la Información y la Comunicación (TIC),NO ACREDITADA,BAJO TUTELA,,,0,0,1
2023,759577,I912S1C11J2V1,16813210.0,1,200108,20 a 24 años,2023,1,2023,1,Centros de Formación Técnica,Centros de Formación Técnica,Centros de Formación Técnica Estatales,912,CFT DE LA REGION METROPOLITANA DE SANTIAGO,1,CASA CENTRAL,11,TECNICO DE NIVEL SUPERIOR EN ANALISIS Y PROGRAMACION COMPUTACIONAL,Presencial,Vespertina,1,Plan Regular,5,1,5,Metropolitana,SANTIAGO,PEÑALOLEN,Pregrado,Técnico de Nivel Superior,Carreras Técnicas,Educación Media,VIGENTE CON ALUMNOS NUEVOS,Monto en Pesos,0,1650000,,Tecnología,Ciencias,Informática,Técnico en Computación e Informática,Tecnología de la Información y la Comunicación (TIC),Tecnología de la Información y la Comunicación (TIC),NO ACREDITADA,BAJO TUTELA,,,0,0,1
2024,1172960,I909S1C10J2V1,3299644.0,1,200104,20 a 24 años,2023,1,2023,1,Centros de Formación Técnica,Centros de Formación Técnica,Centros de Formación Técnica Estatales,909,CFT DE LA REGION DE ATACAMA,1,CASA CENTRAL,10,TECNICO DE NIVEL SUPERIOR EN MANTENIMIENTO ELECTROMECANICO DE EQUIPOS MOVILES,Presencial,Vespertina,1,Plan Regular,5,1,5,Atacama,CHAÑARAL,CHAÑARAL,Pregrado,Técnico de Nivel Superior,Carreras Técnicas,Educación Media,VIGENTE CON ALUMNOS NUEVOS,Monto en Pesos,0,1995000,,Tecnología,"Ingeniería, Industria y Construcción",Ingeniería y Profesiones Afines,Técnico en Electromecánica,"Ingeniería, Industria y Construcción",Ingeniería y Profesiones Afines,NO ACREDITADA,BAJO TUTELA,,,0,0,1
2023,250668,I911S1C10J2V1,16840190.0,1,199703,25 a 29 años,2020,1,2020,1,Centros de Formación Técnica,Centros de Formación Técnica,Centros de Formación Técnica Estatales,911,CFT DE LA REGION DE VALPARAISO,1,SEDE VIÑA DEL MAR,10,TECNICO DE NIVEL SUPERIOR EN ENFERMERIA,Presencial,Vespertina,1,Plan Regular,5,1,5,Valparaíso,VALPARAISO,VIÑA DEL MAR,Pregrado,Técnico de Nivel Superior,Carreras Técnicas,Educación Media,VIGENTE CON ALUMNOS NUEVOS,Monto en Pesos,0,1977276,,Salud,Salud y Servicios Sociales,Medicina,Técnico en Enfermería,Salud y Bienestar,Salud,NO ACREDITADA,BAJO TUTELA,,,0,0,1
2024,1250275,I117S1C17J4V1,1510577.0,2,199212,30 a 34 años,2024,1,2024,1,Institutos Profesionales,Institutos Profesionales,Institutos Profesionales,117,IP IACC,1,CASA CENTRAL (SANTIAGO),17,TECNICO DE NIVEL SUPERIOR EN INFORMATICA,No Presencial,A Distancia,1,Plan Regular,5,1,5,Metropolitana,SANTIAGO,PROVIDENCIA,Pregrado,Técnico de Nivel Superior,Carreras Técnicas,Educación Media,VIGENTE CON ALUMNOS NUEVOS,Monto en Pesos,100000,1990000,,Tecnología,Ciencias,Informática,Técnico en Computación e Informática,Tecnología de la Información y la Comunicación (TIC),Tecnología de la Información y la Comunicación (TIC),NO ACREDITADA,ACREDITADA,01/06/2022 - 01/06/2026,4.0,0,0,1
2024,1252690,I117S1C60J4V1,1090860.0,1,197607,40 y más años,2023,1,2023,1,Institutos Profesionales,Institutos Profesionales,Institutos Profesionales,117,IP IACC,1,CASA CENTRAL (SANTIAGO),60,TECNICO DE NIVEL SUPERIOR EN LOGISTICA,No Presencial,A Distancia,1,Plan Regular,5,1,5,Metropolitana,SANTIAGO,PROVIDENCIA,Pregrado,Técnico de Nivel Superior,Carreras Técnicas,Educación Media,VIGENTE CON ALUMNOS NUEVOS,Monto en Pesos,100000,1890000,,Administración y Comercio,"Ciencias Sociales, Enseñanza Comercial y Derecho",Enseñanza Comercial y Administración,Técnico en Logística,Administración de Empresas y Derecho,Educación Comercial y Administración,NO ACREDITADA,ACREDITADA,01/06/2022 - 01/06/2026,4.0,0,0,1
2024,1274451,I117S1C61J4V1,2414585.0,2,198201,40 y más años,2022,2,2022,2,Institutos Profesionales,Institutos Profesionales,Institutos Profesionales,117,IP IACC,1,CASA CENTRAL (SANTIAGO),61,TECNICO DE NIVEL SUPERIOR EN RECURSOS HUMANOS,No Presencial,A Distancia,1,Plan Regular,5,1,5,Metropolitana,SANTIAGO,PROVIDENCIA,Pregrado,Técnico de Nivel Superior,Carreras Técnicas,Educación Media,VIGENTE CON ALUMNOS NUEVOS,Monto en Pesos,100000,1840000,,Administración y Comercio,"Ciencias Sociales, Enseñanza Comercial y Derecho",Enseñanza Comercial y Administración,Técnico en Administración de Recursos Humanos y Personal,Administración de Empresas y Derecho,Educación Comercial y Administración,NO ACREDITADA,ACREDITADA,01/06/2022 - 01/06/2026,4.0,0,0,1
2023,1265155,I106S6C294J4V1,18178238.0,2,199202,30 a 34 años,2022,1,2022,1,Institutos Profesionales,Institutos Profesionales,Institutos Profesionales,106,IP PROVIDENCIA,6,SEDE VICUÑA MACKENNA (SANTIAGO VICUÑA MACKENNA 380),294,TECNICO EN EDUCACION PARVULARIA Y PRIMER CICLO BASICO,No Presencial,A Distancia,1,Plan Regular,5,1,5,Metropolitana,SANTIAGO,PROVIDENCIA,Pregrado,Técnico de Nivel Superior,Carreras Técnicas,Educación Media,VIGENTE CON ALUMNOS NUEVOS,Monto en Pesos,136000,1580945,,Educación,Educación,Formación de Personal Docente y Ciencias de la Educación,Técnico Asistente del Educador de Párvulos,Educación,Educación,NO ACREDITADA,ACREDITADA,13/04/2022 - 13/04/2025,3.0,0,0,1
2023,1017588,I144S1C49J1V1,17909657.0,1,200308,15 a 19 años,2022,1,2022,1,Institutos Profesionales,Institutos Profesionales,Institutos Profesionales,144,IP ARCOS,1,CASA CENTRAL (SANTIAGO),49,DISEÑO DE VIDEO JUEGOS,Presencial,Diurna,1,Plan Regular,8,0,8,Metropolitana,SANTIAGO,SANTIAGO,Pregrado,Profesional Sin Licenciatura,Carreras Profesionales,Educación Media,VIGENTE CON ALUMNOS NUEVOS,Monto en Pesos,218000,3868200,,Arte y Arquitectura,Humanidades y Artes,Artes,Diseño Gráfico,Artes y Humanidades,Artes,NO ACREDITADA,ACREDITADA,08/09/2021 - 08/09/2025,4.0,0,0,1
2024,421521,I260S41C79J2V1,2232510.0,2,198010,40 y más años,2022,1,2022,1,Centros de Formación Técnica,Centros de Formación Técnica,Centros de Formación Técnica,260,CFT SANTO TOMAS,41,SEDE RANCAGUA,79,TECNICO EN EDUCACION ESPECIAL,Presencial,Vespertina,1,Plan Regular,5,0,5,Lib. Gral. B. O'Higgins,CACHAPOAL,RANCAGUA,Pregrado,Técnico de Nivel Superior,Carreras Técnicas,Educación Media,VIGENTE SIN ALUMNOS NUEVOS,Monto en Pesos,78000,2018000,,Educación,Educación,Formación de Personal Docente y Ciencias de la Educación,Técnico Asistente del Educador Diferencial,Educación,Educación,NO ACREDITADA,ACREDITADA,20/12/2019 - 20/12/2024,5.0,0,0,1
2024,425005,I260S38C79J1V1,4110114.0,2,198710,35 a 39 años,2022,1,2022,1,Centros de Formación Técnica,Centros de Formación Técnica,Centros de Formación Técnica,260,CFT SANTO TOMAS,38,SEDE VIÑA DEL MAR,79,TECNICO EN EDUCACION ESPECIAL,Presencial,Diurna,1,Plan Regular,5,0,5,Valparaíso,VALPARAISO,VIÑA DEL MAR,Pregrado,Técnico de Nivel Superior,Carreras Técnicas,Educación Media,VIGENTE CON ALUMNOS NUEVOS,Monto en Pesos,84000,2172000,,Educación,Educación,Formación de Personal Docente y Ciencias de la Educación,Técnico Asistente del Educador Diferencial,Educación,Educación,NO ACREDITADA,ACREDITADA,20/12/2019 - 20/12/2024,5.0,0,0,1
2024,488714,I260S43C316J1V1,1555410.0,2,200506,15 a 19 años,2023,1,2023,1,Centros de Formación Técnica,Centros de Formación Técnica,Centros de Formación Técnica,260,CFT SANTO TOMAS,43,SEDE COPIAPO,316,TECNICO EN ENFERMERIA MENCION TERAPIAS COMPLEMENTARIAS,Presencial,Diurna,1,Plan Regular,5,0,5,Atacama,COPIAPO,COPIAPO,Pregrado,Técnico de Nivel Superior,Carreras Técnicas,Educación Media,VIGENTE CON ALUMNOS NUEVOS,Monto en Pesos,84000,2613000,,Salud,Salud y Servicios Sociales,Medicina,Técnico en Enfermería,Salud y Bienestar,Salud,NO ACREDITADA,ACREDITADA,20/12/2019 - 20/12/2024,5.0,0,0,1
2024,403025,I260S11C118J1V1,1883721.0,2,200009,20 a 24 años,2023,1,2023,1,Centros de Formación Técnica,Centros de Formación Técnica,Centros de Formación Técnica,260,CFT SANTO TOMAS,11,SEDE TEMUCO,118,TECNICO EN ENFERMERIA GINECO-OBSTETRICA Y NEONATAL,Presencial,Diurna,1,Plan Regular,5,0,5,La Araucanía,CAUTIN,TEMUCO,Pregrado,Técnico de Nivel Superior,Carreras Técnicas,Educación Media,VIGENTE CON ALUMNOS NUEVOS,Monto en Pesos,84000,2855000,,Salud,Salud y Servicios Sociales,Medicina,Técnico en Enfermería,Salud y Bienestar,Salud,NO ACREDITADA,ACREDITADA,20/12/2019 - 20/12/2024,5.0,0,0,1
2024,20992,I260S34C78J2V1,1353400.0,1,199304,30 a 34 años,2024,1,2024,1,Centros de Formación Técnica,Centros de Formación Técnica,Centros de Formación Técnica,260,CFT SANTO TOMAS,34,SEDE LOS ANGELES,78,TECNICO EN CONSTRUCCIONES CIVILES,Presencial,Vespertina,1,Plan Regular,5,0,5,Biobío,BIOBIO,LOS ANGELES,Pregrado,Técnico de Nivel Superior,Carreras Técnicas,Educación Media,VIGENTE CON ALUMNOS NUEVOS,Monto en Pesos,84000,2123000,,Tecnología,"Ingeniería, Industria y Construcción",Arquitectura y Construcción,Técnico en Construcción y Obras Civiles,"Ingeniería, Industria y Construcción",Arquitectura y Construcción,NO ACREDITADA,ACREDITADA,20/12/2019 - 20/12/2024,5.0,0,0,1
2023,1243189,I906S1C10J2V1,26526866.0,2,199910,20 a 24 años,2022,1,2022,1,Centros de Formación Técnica,Centros de Formación Técnica,Centros de Formación Técnica Estatales,906,CFT DE LA REGION DE TARAPACA,1,SEDE CENTRAL ALTO HOSPICIO,10,TECNICO DE NIVEL SUPERIOR EN ENFERMERIA,Presencial,Vespertina,1,Plan Regular,5,0,5,Tarapacá,IQUIQUE,ALTO HOSPICIO,Pregrado,Técnico de Nivel Superior,Carreras Técnicas,Educación Media,VIGENTE CON ALUMNOS NUEVOS,Monto en Pesos,60000,1763175,,Salud,Salud y Servicios Sociales,Medicina,Técnico en Enfermería,Salud y Bienestar,Salud,NO ACREDITADA,BAJO TUTELA,,,0,0,1
2023,419775,I367S3C7J1V1,21208201.0,2,199802,25 a 29 años,2021,1,2021,1,Centros de Formación Técnica,Centros de Formación Técnica,Centros de Formación Técnica,367,CFT SAN AGUSTIN,3,SEDE LINARES,7,ADMINISTRACION DE EMPRESAS,Presencial,Diurna,1,Plan Regular,5,0,5,Maule,LINARES,LINARES,Pregrado,Técnico de Nivel Superior,Carreras Técnicas,Educación Media,VIGENTE CON ALUMNOS NUEVOS,Monto en Pesos,60000,2248000,,Administración y Comercio,"Ciencias Sociales, Enseñanza Comercial y Derecho",Enseñanza Comercial y Administración,Técnico en Administración de Empresas,Administración de Empresas y Derecho,Educación Comercial y Administración,ACREDITADA,ACREDITADA,11/12/2018 - 11/12/2023,5.0,0,0,1
2023,1069446,I367S3C16J1V1,24520974.0,2,200312,15 a 19 años,2022,1,2022,1,Centros de Formación Técnica,Centros de Formación Técnica,Centros de Formación Técnica,367,CFT SAN AGUSTIN,3,SEDE LINARES,16,TECNICO EN PARVULOS Y BASICA,Presencial,Diurna,1,Plan Regular,5,0,5,Maule,LINARES,LINARES,Pregrado,Técnico de Nivel Superior,Carreras Técnicas,Educación Media,VIGENTE CON ALUMNOS NUEVOS,Monto en Pesos,60000,2065000,,Educación,Educación,Formación de Personal Docente y Ciencias de la Educación,Técnico Asistente del Educador de Párvulos,Educación,Educación,NO ACREDITADA,ACREDITADA,11/12/2018 - 11/12/2023,5.0,0,0,1
2024,26798,I260S25C47J1V1,1983377.0,2,200401,20 a 24 años,2024,1,2024,1,Centros de Formación Técnica,Centros de Formación Técnica,Centros de Formación Técnica,260,CFT SANTO TOMAS,25,SEDE TALCA,47,TECNICO EN ENFERMERIA,Presencial,Diurna,1,Plan Regular,5,0,5,Maule,TALCA,TALCA,Pregrado,Técnico de Nivel Superior,Carreras Técnicas,Educación Media,VIGENTE CON ALUMNOS NUEVOS,Monto en Pesos,84000,2578000,,Salud,Salud y Servicios Sociales,Medicina,Técnico en Enfermería,Salud y Bienestar,Salud,NO ACREDITADA,ACREDITADA,20/12/2019 - 20/12/2024,5.0,0,0,1
2023,703549,I430S9C39J1V2,11350175.0,1,200104,20 a 24 años,2023,1,2023,1,Centros de Formación Técnica,Centros de Formación Técnica,Centros de Formación Técnica,430,CFT INACAP,9,SEDE VALPARAISO,39,TECNICO EN ENFERMERIA,Presencial,Diurna,2,Plan Regular,5,0,5,Valparaíso,VALPARAISO,VALPARAISO,Pregrado,Técnico de Nivel Superior,Carreras Técnicas,Educación Media,VIGENTE CON ALUMNOS NUEVOS,Monto en Pesos,300000,2480000,,Salud,Salud y Servicios Sociales,Medicina,Técnico en Enfermería,Salud y Bienestar,Salud,NO ACREDITADA,ACREDITADA,05/01/2018 - 05/01/2025,7.0,0,0,1
2024,493582,I430S5C39J1V2,1688765.0,2,200206,20 a 24 años,2022,1,2022,1,Centros de Formación Técnica,Centros de Formación Técnica,Centros de Formación Técnica,430,CFT INACAP,5,SEDE COPIAPO,39,TECNICO EN ENFERMERIA,Presencial,Diurna,2,Plan Regular,5,0,5,Atacama,COPIAPO,COPIAPO,Pregrado,Técnico de Nivel Superior,Carreras Técnicas,Educación Media,VIGENTE CON ALUMNOS NUEVOS,Monto en Pesos,277000,2601000,,Salud,Salud y Servicios Sociales,Medicina,Técnico en Enfermería,Salud y Bienestar,Salud,NO ACREDITADA,ACREDITADA,05/01/2018 - 05/01/2025,7.0,0,0,1
2024,990798,I430S12C39J1V2,3994282.0,2,200210,20 a 24 años,2024,1,2024,1,Centros de Formación Técnica,Centros de Formación Técnica,Centros de Formación Técnica,430,CFT INACAP,12,SEDE MAIPU,39,TECNICO EN ENFERMERIA,Presencial,Diurna,2,Plan Regular,5,0,5,Metropolitana,SANTIAGO,MAIPU,Pregrado,Técnico de Nivel Superior,Carreras Técnicas,Educación Media,VIGENTE CON ALUMNOS NUEVOS,Monto en Pesos,277000,2600000,,Salud,Salud y Servicios Sociales,Medicina,Técnico en Enfermería,Salud y Bienestar,Salud,NO ACREDITADA,ACREDITADA,05/01/2018 - 05/01/2025,7.0,0,0,1
2023,580238,I430S12C39J1V2,12321621.0,2,200005,20 a 24 años,2021,1,2021,1,Centros de Formación Técnica,Centros de Formación Técnica,Centros de Formación Técnica,430,CFT INACAP,12,SEDE MAIPU,39,TECNICO EN ENFERMERIA,Presencial,Diurna,2,Plan Regular,5,0,5,Metropolitana,SANTIAGO,MAIPU,Pregrado,Técnico de Nivel Superior,Carreras Técnicas,Educación Media,VIGENTE CON ALUMNOS NUEVOS,Monto en Pesos,311000,2250000,,Salud,Salud y Servicios Sociales,Medicina,Técnico en Enfermería,Salud y Bienestar,Salud,NO ACREDITADA,ACREDITADA,05/01/2018 - 05/01/2025,7.0,0,0,1
2023,1208506,I430S22C39J1V2,21297265.0,2,200505,15 a 19 años,2023,1,2023,1,Centros de Formación Técnica,Centros de Formación Técnica,Centros de Formación Técnica,430,CFT INACAP,22,SEDE CHILLAN,39,TECNICO EN ENFERMERIA,Presencial,Diurna,2,Plan Regular,5,0,5,Ñuble,DIGUILLIN,CHILLAN,Pregrado,Técnico de Nivel Superior,Carreras Técnicas,Educación Media,VIGENTE CON ALUMNOS NUEVOS,Monto en Pesos,263000,2422000,,Salud,Salud y Servicios Sociales,Medicina,Técnico en Enfermería,Salud y Bienestar,Salud,NO ACREDITADA,ACREDITADA,05/01/2018 - 05/01/2025,7.0,0,0,1
2024,459771,I116S25C8J1V1,912739.0,1,200105,20 a 24 años,2023,1,2023,1,Institutos Profesionales,Institutos Profesionales,Institutos Profesionales,116,IP SANTO TOMAS,25,SEDE RANCAGUA,8,INGENIERIA EN INFORMATICA,Presencial,Diurna,1,Plan Regular,8,0,8,Lib. Gral. B. O'Higgins,CACHAPOAL,RANCAGUA,Pregrado,Profesional Sin Licenciatura,Carreras Profesionales,Educación Media,VIGENTE CON ALUMNOS NUEVOS,Monto en Pesos,117000,2219000,,Tecnología,Ciencias,Informática,Ingeniería en Computación e Informática,Tecnología de la Información y la Comunicación (TIC),Tecnología de la Información y la Comunicación (TIC),NO ACREDITADA,ACREDITADA,20/01/2021 - 20/01/2026,5.0,0,0,1
2023,581495,I116S17C60J2V1,11635042.0,1,200103,20 a 24 años,2022,1,2022,1,Institutos Profesionales,Institutos Profesionales,Institutos Profesionales,116,IP SANTO TOMAS,17,SEDE TEMUCO,60,CONSTRUCCION CIVIL,Presencial,Vespertina,1,Plan Regular,8,0,8,La Araucanía,CAUTIN,TEMUCO,Pregrado,Profesional Sin Licenciatura,Carreras Profesionales,Educación Media,VIGENTE CON ALUMNOS NUEVOS,Monto en Pesos,110000,2185000,,Tecnología,"Ingeniería, Industria y Construcción",Arquitectura y Construcción,Construcción Civil,"Ingeniería, Industria y Construcción",Arquitectura y Construcción,NO ACREDITADA,ACREDITADA,20/01/2021 - 20/01/2026,5.0,0,0,1
2023,408661,I116S9C8J2V1,23500978.0,1,199806,25 a 29 años,2023,1,2023,1,Institutos Profesionales,Institutos Profesionales,Institutos Profesionales,116,IP SANTO TOMAS,9,SEDE ARICA,8,INGENIERIA EN INFORMATICA,Presencial,Vespertina,1,Plan Regular,8,0,8,Arica y Parinacota,ARICA,ARICA,Pregrado,Profesional Sin Licenciatura,Carreras Profesionales,Educación Media,VIGENTE CON ALUMNOS NUEVOS,Monto en Pesos,110000,2288000,,Tecnología,Ciencias,Informática,Ingeniería en Computación e Informática,Tecnología de la Información y la Comunicación (TIC),Tecnología de la Información y la Comunicación (TIC),NO ACREDITADA,ACREDITADA,20/01/2021 - 20/01/2026,5.0,0,0,1
2023,556971,I260S11C50J1V1,12407959.0,1,200003,20 a 24 años,2023,1,2023,1,Centros de Formación Técnica,Centros de Formación Técnica,Centros de Formación Técnica,260,CFT SANTO TOMAS,11,SEDE TEMUCO,50,TECNICO AGRICOLA Y GANADERO,Presencial,Diurna,1,Plan Regular,6,0,6,La Araucanía,CAUTIN,TEMUCO,Pregrado,Técnico de Nivel Superior,Carreras Técnicas,Educación Media,VIGENTE CON ALUMNOS NUEVOS,Monto en Pesos,79000,2050000,,Agropecuaria,Agricultura,"Agricultura, Silvicultura y Pesca",Técnico Agropecuario,"Agricultura, Silvicultura, Pesca y Veterinaria",Agricultura,NO ACREDITADA,ACREDITADA,20/12/2019 - 20/12/2024,5.0,0,0,1
2023,817468,I260S34C50J1V1,16294458.0,1,200202,20 a 24 años,2023,1,2023,1,Centros de Formación Técnica,Centros de Formación Técnica,Centros de Formación Técnica,260,CFT SANTO TOMAS,34,SEDE LOS ANGELES,50,TECNICO AGRICOLA Y GANADERO,Presencial,Diurna,1,Plan Regular,6,0,6,Biobío,BIOBIO,LOS ANGELES,Pregrado,Técnico de Nivel Superior,Carreras Técnicas,Educación Media,VIGENTE CON ALUMNOS NUEVOS,Monto en Pesos,79000,1843000,,Agropecuaria,Agricultura,"Agricultura, Silvicultura y Pesca",Técnico Agropecuario,"Agricultura, Silvicultura, Pesca y Veterinaria",Agricultura,NO ACREDITADA,ACREDITADA,20/12/2019 - 20/12/2024,5.0,0,0,1
2023,33073,I260S22C211J1V1,11959611.0,2,197809,40 y más años,2023,1,2023,1,Centros de Formación Técnica,Centros de Formación Técnica,Centros de Formación Técnica,260,CFT SANTO TOMAS,22,SEDE LA SERENA,211,TECNICO EN ANALISIS QUIMICO,Presencial,Diurna,1,Plan Regular,6,0,6,Coquimbo,ELQUI,LA SERENA,Pregrado,Técnico de Nivel Superior,Carreras Técnicas,Educación Media,VIGENTE CON ALUMNOS NUEVOS,Monto en Pesos,79000,2268000,,Ciencias Básicas,Ciencias,Ciencias Físicas,Técnico en Química (Análisis e Industrial),"Ciencias naturales, matemáticas y estadística",Ciencias Físicas,NO ACREDITADA,ACREDITADA,20/12/2019 - 20/12/2024,5.0,0,0,1
2023,482261,I260S42C276J1V1,13984380.0,2,199908,20 a 24 años,2018,1,2018,1,Centros de Formación Técnica,Centros de Formación Técnica,Centros de Formación Técnica,260,CFT SANTO TOMAS,42,SEDE CHILLAN,276,TECNICO EN ODONTOLOGIA MENCION HIGIENISTA DENTAL,Presencial,Diurna,1,Plan Regular,5,0,5,Ñuble,DIGUILLIN,CHILLAN,Pregrado,Técnico de Nivel Superior,Carreras Técnicas,Educación Media,VIGENTE CON ALUMNOS NUEVOS,Monto en Pesos,79000,2065000,,Salud,Salud y Servicios Sociales,Medicina,Técnico Dental y Asistente de Odontología,Salud y Bienestar,Salud,NO ACREDITADA,ACREDITADA,20/12/2019 - 20/12/2024,5.0,0,0,1
2023,600521,I260S47C276J1V1,20857392.0,2,200005,20 a 24 años,2020,1,2020,1,Centros de Formación Técnica,Centros de Formación Técnica,Centros de Formación Técnica,260,CFT SANTO TOMAS,47,SEDE PUENTE ALTO,276,TECNICO EN ODONTOLOGIA MENCION HIGIENISTA DENTAL,Presencial,Diurna,1,Plan Regular,5,0,5,Metropolitana,CORDILLERA,PUENTE ALTO,Pregrado,Técnico de Nivel Superior,Carreras Técnicas,Educación Media,VIGENTE CON ALUMNOS NUEVOS,Monto en Pesos,79000,2215000,,Salud,Salud y Servicios Sociales,Medicina,Técnico Dental y Asistente de Odontología,Salud y Bienestar,Salud,NO ACREDITADA,ACREDITADA,20/12/2019 - 20/12/2024,5.0,0,0,1
2023,224424,I260S47C118J2V1,22207593.0,2,199204,30 a 34 años,2021,1,2021,1,Centros de Formación Técnica,Centros de Formación Técnica,Centros de Formación Técnica,260,CFT SANTO TOMAS,47,SEDE PUENTE ALTO,118,TECNICO EN ENFERMERIA GINECO-OBSTETRICA Y NEONATAL,Presencial,Vespertina,1,Plan Regular,5,0,5,Metropolitana,CORDILLERA,PUENTE ALTO,Pregrado,Técnico de Nivel Superior,Carreras Técnicas,Educación Media,VIGENTE CON ALUMNOS NUEVOS,Monto en Pesos,79000,2200000,,Salud,Salud y Servicios Sociales,Medicina,Técnico en Enfermería,Salud y Bienestar,Salud,NO ACREDITADA,ACREDITADA,20/12/2019 - 20/12/2024,5.0,0,0,1
2023,1214710,I260S21C100J1V1,21601370.0,2,196412,40 y más años,2021,1,2021,1,Centros de Formación Técnica,Centros de Formación Técnica,Centros de Formación Técnica,260,CFT SANTO TOMAS,21,SEDE SANTIAGO,100,TECNICO JURIDICO,Presencial,Diurna,1,Plan Regular,5,0,5,Metropolitana,SANTIAGO,SANTIAGO,Pregrado,Técnico de Nivel Superior,Carreras Técnicas,Educación Media,VIGENTE CON ALUMNOS NUEVOS,Monto en Pesos,79000,1617000,,Derecho,"Ciencias Sociales, Enseñanza Comercial y Derecho",Derecho,Técnico Jurídico,Administración de Empresas y Derecho,Derecho,NO ACREDITADA,ACREDITADA,20/12/2019 - 20/12/2024,5.0,0,0,1
2023,437254,I260S3C320J1V1,19176529.0,2,199811,20 a 24 años,2021,1,2021,1,Centros de Formación Técnica,Centros de Formación Técnica,Centros de Formación Técnica,260,CFT SANTO TOMAS,3,SEDE ANTOFAGASTA,320,TECNICO EN EDUCACION PARVULARIA 1° Y 2° BASICO,Presencial,Diurna,1,Plan Regular,5,0,5,Antofagasta,ANTOFAGASTA,ANTOFAGASTA,Pregrado,Técnico de Nivel Superior,Carreras Técnicas,Educación Media,VIGENTE CON ALUMNOS NUEVOS,Monto en Pesos,79000,1663000,,Educación,Educación,Formación de Personal Docente y Ciencias de la Educación,Técnico Asistente del Educador de Párvulos,Educación,Educación,NO ACREDITADA,ACREDITADA,20/12/2019 - 20/12/2024,5.0,0,0,1
2023,873458,I260S1C47J1V1,12808074.0,1,200207,20 a 24 años,2021,1,2021,1,Centros de Formación Técnica,Centros de Formación Técnica,Centros de Formación Técnica,260,CFT SANTO TOMAS,1,SEDE ARICA,47,TECNICO EN ENFERMERIA,Presencial,Diurna,1,Plan Regular,5,0,5,Arica y Parinacota,ARICA,ARICA,Pregrado,Técnico de Nivel Superior,Carreras Técnicas,Educación Media,VIGENTE CON ALUMNOS NUEVOS,Monto en Pesos,79000,2543000,,Salud,Salud y Servicios Sociales,Medicina,Técnico en Enfermería,Salud y Bienestar,Salud,NO ACREDITADA,ACREDITADA,20/12/2019 - 20/12/2024,5.0,0,0,1
2023,674930,I260S42C47J1V1,14855995.0,1,200109,20 a 24 años,2021,1,2021,1,Centros de Formación Técnica,Centros de Formación Técnica,Centros de Formación Técnica,260,CFT SANTO TOMAS,42,SEDE CHILLAN,47,TECNICO EN ENFERMERIA,Presencial,Diurna,1,Plan Regular,5,0,5,Ñuble,DIGUILLIN,CHILLAN,Pregrado,Técnico de Nivel Superior,Carreras Técnicas,Educación Media,VIGENTE CON ALUMNOS NUEVOS,Monto en Pesos,79000,2300000,,Salud,Salud y Servicios Sociales,Medicina,Técnico en Enfermería,Salud y Bienestar,Salud,NO ACREDITADA,ACREDITADA,20/12/2019 - 20/12/2024,5.0,0,0,1
2023,953904,I260S5C47J1V1,24815308.0,2,200302,20 a 24 años,2021,1,2021,1,Centros de Formación Técnica,Centros de Formación Técnica,Centros de Formación Técnica,260,CFT SANTO TOMAS,5,SEDE OVALLE,47,TECNICO EN ENFERMERIA,Presencial,Diurna,1,Plan Regular,5,0,5,Coquimbo,LIMARI,OVALLE,Pregrado,Técnico de Nivel Superior,Carreras Técnicas,Educación Media,VIGENTE CON ALUMNOS NUEVOS,Monto en Pesos,79000,2297000,,Salud,Salud y Servicios Sociales,Medicina,Técnico en Enfermería,Salud y Bienestar,Salud,NO ACREDITADA,ACREDITADA,20/12/2019 - 20/12/2024,5.0,0,0,1
2023,160325,I260S21C47J2V1,12686888.0,2,198909,30 a 34 años,2021,1,2021,1,Centros de Formación Técnica,Centros de Formación Técnica,Centros de Formación Técnica,260,CFT SANTO TOMAS,21,SEDE SANTIAGO,47,TECNICO EN ENFERMERIA,Presencial,Vespertina,1,Plan Regular,5,0,5,Metropolitana,SANTIAGO,SANTIAGO,Pregrado,Técnico de Nivel Superior,Carreras Técnicas,Educación Media,VIGENTE CON ALUMNOS NUEVOS,Monto en Pesos,79000,2192000,,Salud,Salud y Servicios Sociales,Medicina,Técnico en Enfermería,Salud y Bienestar,Salud,NO ACREDITADA,ACREDITADA,20/12/2019 - 20/12/2024,5.0,0,0,1
2023,1017619,I260S34C295J1V1,21518908.0,2,200308,15 a 19 años,2022,1,2022,1,Centros de Formación Técnica,Centros de Formación Técnica,Centros de Formación Técnica,260,CFT SANTO TOMAS,34,SEDE LOS ANGELES,295,TECNICO EN FARMACIA,Presencial,Diurna,1,Plan Regular,5,0,5,Biobío,BIOBIO,LOS ANGELES,Pregrado,Técnico de Nivel Superior,Carreras Técnicas,Educación Media,VIGENTE CON ALUMNOS NUEVOS,Monto en Pesos,79000,2227000,,Salud,Salud y Servicios Sociales,Medicina,Técnico en Farmacia,Salud y Bienestar,Salud,NO ACREDITADA,ACREDITADA,20/12/2019 - 20/12/2024,5.0,0,0,1
2023,8881,I260S8C108J1V1,18354187.0,2,197010,40 y más años,2022,1,2022,1,Centros de Formación Técnica,Centros de Formación Técnica,Centros de Formación Técnica,260,CFT SANTO TOMAS,8,SEDE CURICO,108,PREPARADOR FISICO,Presencial,Diurna,1,Plan Regular,5,0,5,Maule,CURICO,CURICO,Pregrado,Técnico de Nivel Superior,Carreras Técnicas,Educación Media,VIGENTE CON ALUMNOS NUEVOS,Monto en Pesos,79000,1955000,,Educación,Servicios,Servicios Personales,"Técnico en Deporte, Recreación y Preparación Física",Servicios,Servicios personales,NO ACREDITADA,ACREDITADA,20/12/2019 - 20/12/2024,5.0,0,0,1
2023,91898,I260S12C47J1V1,19399939.0,2,198110,40 y más años,2022,1,2022,1,Centros de Formación Técnica,Centros de Formación Técnica,Centros de Formación Técnica,260,CFT SANTO TOMAS,12,SEDE VALDIVIA,47,TECNICO EN ENFERMERIA,Presencial,Diurna,1,Plan Regular,5,0,5,Los Ríos,VALDIVIA,VALDIVIA,Pregrado,Técnico de Nivel Superior,Carreras Técnicas,Educación Media,VIGENTE CON ALUMNOS NUEVOS,Monto en Pesos,79000,2407000,,Salud,Salud y Servicios Sociales,Medicina,Técnico en Enfermería,Salud y Bienestar,Salud,NO ACREDITADA,ACREDITADA,20/12/2019 - 20/12/2024,5.0,0,0,1
2023,1016616,I260S8C43J2V1,23344622.0,1,200308,15 a 19 años,2023,1,2023,1,Centros de Formación Técnica,Centros de Formación Técnica,Centros de Formación Técnica,260,CFT SANTO TOMAS,8,SEDE CURICO,43,TECNICO AGRICOLA,Presencial,Vespertina,1,Plan Regular,5,0,5,Maule,CURICO,CURICO,Pregrado,Técnico de Nivel Superior,Carreras Técnicas,Educación Media,VIGENTE CON ALUMNOS NUEVOS,Monto en Pesos,79000,2083000,,Agropecuaria,Agricultura,"Agricultura, Silvicultura y Pesca",Técnico Agropecuario,"Agricultura, Silvicultura, Pesca y Veterinaria",Agricultura,NO ACREDITADA,ACREDITADA,20/12/2019 - 20/12/2024,5.0,0,0,1
2023,1186003,I260S5C280J1V1,12194099.0,2,200501,15 a 19 años,2023,1,2023,1,Centros de Formación Técnica,Centros de Formación Técnica,Centros de Formación Técnica,260,CFT SANTO TOMAS,5,SEDE OVALLE,280,GASTRONOMIA INTERNACIONAL Y TRADICIONAL CHILENA,Presencial,Diurna,1,Plan Regular,5,0,5,Coquimbo,LIMARI,OVALLE,Pregrado,Técnico de Nivel Superior,Carreras Técnicas,Educación Media,VIGENTE CON ALUMNOS NUEVOS,Monto en Pesos,79000,2570000,,Administración y Comercio,Servicios,Servicios Personales,Técnico en Gastronomía y Cocina,Servicios,Servicios personales,NO ACREDITADA,ACREDITADA,20/12/2019 - 20/12/2024,5.0,0,0,1
2023,809241,I260S45C108J1V1,16188884.0,1,200201,20 a 24 años,2023,1,2023,1,Centros de Formación Técnica,Centros de Formación Técnica,Centros de Formación Técnica,260,CFT SANTO TOMAS,45,SEDE CONCEPCION,108,PREPARADOR FISICO,Presencial,Diurna,1,Plan Regular,5,0,5,Biobío,CONCEPCION,CONCEPCION,Pregrado,Técnico de Nivel Superior,Carreras Técnicas,Educación Media,VIGENTE CON ALUMNOS NUEVOS,Monto en Pesos,79000,2168000,,Educación,Servicios,Servicios Personales,"Técnico en Deporte, Recreación y Preparación Física",Servicios,Servicios personales,NO ACREDITADA,ACREDITADA,20/12/2019 - 20/12/2024,5.0,0,0,1
2023,753153,I260S3C47J1V1,18466558.0,2,200108,20 a 24 años,2023,1,2023,1,Centros de Formación Técnica,Centros de Formación Técnica,Centros de Formación Técnica,260,CFT SANTO TOMAS,3,SEDE ANTOFAGASTA,47,TECNICO EN ENFERMERIA,Presencial,Diurna,1,Plan Regular,5,0,5,Antofagasta,ANTOFAGASTA,ANTOFAGASTA,Pregrado,Técnico de Nivel Superior,Carreras Técnicas,Educación Media,VIGENTE CON ALUMNOS NUEVOS,Monto en Pesos,79000,2464000,,Salud,Salud y Servicios Sociales,Medicina,Técnico en Enfermería,Salud y Bienestar,Salud,NO ACREDITADA,ACREDITADA,20/12/2019 - 20/12/2024,5.0,0,0,1
2023,1213336,I116S17C163J1V1,22560563.0,1,200405,15 a 19 años,2023,1,2023,1,Institutos Profesionales,Institutos Profesionales,Institutos Profesionales,116,IP SANTO TOMAS,17,SEDE TEMUCO,163,TECNICO EN DISEÑO DIGITAL Y PUBLICITARIO,Presencial,Diurna,1,Plan Regular,5,0,5,La Araucanía,CAUTIN,TEMUCO,Pregrado,Técnico de Nivel Superior,Carreras Técnicas,Educación Media,VIGENTE CON ALUMNOS NUEVOS,Monto en Pesos,79000,2260000,,Arte y Arquitectura,Humanidades y Artes,Artes,Técnico en Diseño Gráfico,Artes y Humanidades,Artes,NO ACREDITADA,ACREDITADA,20/01/2021 - 20/01/2026,5.0,0,0,1
2023,1217,I260S43C316J1V1,,2,199604,25 a 29 años,2023,1,2023,1,Centros de Formación Técnica,Centros de Formación Técnica,Centros de Formación Técnica,260,CFT SANTO TOMAS,43,SEDE COPIAPO,316,TECNICO EN ENFERMERIA MENCION TERAPIAS COMPLEMENTARIAS,Presencial,Diurna,1,Plan Regular,5,0,5,Atacama,COPIAPO,COPIAPO,Pregrado,Técnico de Nivel Superior,Carreras Técnicas,Educación Media,VIGENTE CON ALUMNOS NUEVOS,Monto en Pesos,79000,2453000,,Salud,Salud y Servicios Sociales,Medicina,Técnico en Enfermería,Salud y Bienestar,Salud,NO ACREDITADA,ACREDITADA,20/12/2019 - 20/12/2024,5.0,0,0,6
2023,95949,I120S1C1J3V1,17645331.0,2,198410,35 a 39 años,2022,1,2023,1,Institutos Profesionales,Institutos Profesionales,Institutos Profesionales,120,IP DIEGO PORTALES,1,CASA CENTRAL (CONCEPCION),1,CONSTRUCCION CIVIL,Semipresencial,Semipresencial,1,Plan Regular,9,1,9,Biobío,CONCEPCION,CONCEPCION,Pregrado,Profesional Sin Licenciatura,Carreras Profesionales,Educación Media,VIGENTE CON ALUMNOS NUEVOS,Monto en Pesos,140000,1755000,,Tecnología,"Ingeniería, Industria y Construcción",Arquitectura y Construcción,Construcción Civil,"Ingeniería, Industria y Construcción",Arquitectura y Construcción,NO ACREDITADA,NO ACREDITADA,,,105000,0,3
2023,1209637,I430S23C280J1V1,15665746.0,1,200505,15 a 19 años,2023,1,2023,1,Centros de Formación Técnica,Centros de Formación Técnica,Centros de Formación Técnica,430,CFT INACAP,23,SEDE PUERTO MONTT,280,TURISMO,Presencial,Diurna,1,Plan Regular,4,0,4,Los Lagos,LLANQUIHUE,PUERTO MONTT,Pregrado,Técnico de Nivel Superior,Carreras Técnicas,Educación Media,VIGENTE CON ALUMNOS NUEVOS,Monto en Pesos,263000,2314000,,Administración y Comercio,Servicios,Servicios Personales,Técnico en Turismo y Hotelería,Servicios,Servicios personales,ACREDITADA,ACREDITADA,05/01/2018 - 05/01/2025,7.0,36000,0,5
2024,1073748,I100S9C303J2V1,1865635.0,1,199302,30 a 34 años,2018,1,2024,1,Institutos Profesionales,Institutos Profesionales,Institutos Profesionales,100,IP INACAP,9,SEDE VALDIVIA,303,CONTADOR PUBLICO,Presencial,Vespertina,1,Plan Regular,8,0,8,Los Ríos,VALDIVIA,VALDIVIA,Pregrado,Profesional Sin Licenciatura,Carreras Profesionales,Educación Media,VIGENTE SIN ALUMNOS NUEVOS,Monto en Pesos,277000,2354000,,Administración y Comercio,"Ciencias Sociales, Enseñanza Comercial y Derecho",Enseñanza Comercial y Administración,Contador Auditor,Administración de Empresas y Derecho,Educación Comercial y Administración,NO ACREDITADA,ACREDITADA,06/09/2023 - 06/09/2030,7.0,36000,0,4
2024,611613,I100S21C21J2V1,713807.0,1,200211,20 a 24 años,2022,1,2024,1,Institutos Profesionales,Institutos Profesionales,Institutos Profesionales,100,IP INACAP,21,SEDE PUERTO MONTT,21,INGENIERIA EN MANTENIMIENTO INDUSTRIAL,Presencial,Vespertina,1,Plan Regular,8,0,8,Los Lagos,LLANQUIHUE,PUERTO MONTT,Pregrado,Profesional Sin Licenciatura,Carreras Profesionales,Educación Media,VIGENTE CON ALUMNOS NUEVOS,Monto en Pesos,277000,2943000,,Tecnología,"Ingeniería, Industria y Construcción",Ingeniería y Profesiones Afines,Ingeniería Industrial,"Ingeniería, Industria y Construcción",Ingeniería y Profesiones Afines,NO ACREDITADA,ACREDITADA,06/09/2023 - 06/09/2030,7.0,36000,0,4
2023,489430,I100S20C294J2V1,21083944.0,1,199812,20 a 24 años,2018,1,2023,1,Institutos Profesionales,Institutos Profesionales,Institutos Profesionales,100,IP INACAP,20,SEDE RENCA,294,INGENIERIA ELECTRICA,Presencial,Vespertina,1,Plan Regular,8,0,8,Metropolitana,SANTIAGO,RENCA,Pregrado,Profesional Sin Licenciatura,Carreras Profesionales,Educación Media,VIGENTE CON ALUMNOS NUEVOS,Monto en Pesos,311000,2712000,,Tecnología,"Ingeniería, Industria y Construcción",Ingeniería y Profesiones Afines,Ingeniería en Electricidad,"Ingeniería, Industria y Construcción",Ingeniería y Profesiones Afines,NO ACREDITADA,ACREDITADA,11/12/2016 - 11/12/2022,6.0,36000,0,11
2023,274508,I100S9C294J1V1,12980641.0,1,199410,25 a 29 años,2021,1,2023,1,Institutos Profesionales,Institutos Profesionales,Institutos Profesionales,100,IP INACAP,9,SEDE VALDIVIA,294,INGENIERIA ELECTRICA,Presencial,Diurna,1,Plan Regular,8,0,8,Los Ríos,VALDIVIA,VALDIVIA,Pregrado,Profesional Sin Licenciatura,Carreras Profesionales,Educación Media,VIGENTE CON ALUMNOS NUEVOS,Monto en Pesos,263000,2760000,,Tecnología,"Ingeniería, Industria y Construcción",Ingeniería y Profesiones Afines,Ingeniería en Electricidad,"Ingeniería, Industria y Construcción",Ingeniería y Profesiones Afines,NO ACREDITADA,ACREDITADA,11/12/2016 - 11/12/2022,6.0,36000,0,11
2023,950714,I100S31C304J1V1,16472140.0,1,200302,20 a 24 años,2021,1,2023,1,Institutos Profesionales,Institutos Profesionales,Institutos Profesionales,100,IP INACAP,31,SEDE CHILLAN,304,INGENIERIA EN MECANICA Y ELECTROMOVILIDAD AUTOMOTRIZ,Presencial,Diurna,1,Plan Regular,8,0,8,Ñuble,DIGUILLIN,CHILLAN,Pregrado,Profesional Sin Licenciatura,Carreras Profesionales,Educación Media,VIGENTE CON ALUMNOS NUEVOS,Monto en Pesos,263000,2676000,,Tecnología,"Ingeniería, Industria y Construcción",Ingeniería y Profesiones Afines,Ingeniería en Mecánica Automotriz,"Ingeniería, Industria y Construcción",Ingeniería y Profesiones Afines,NO ACREDITADA,ACREDITADA,11/12/2016 - 11/12/2022,6.0,36000,0,11
2023,838248,I100S29C150J1V1,11133279.0,2,200204,20 a 24 años,2021,1,2021,1,Institutos Profesionales,Institutos Profesionales,Institutos Profesionales,100,IP INACAP,29,SEDE TALCA,150,ADMINISTRACION GASTRONOMICA INTERNACIONAL,Presencial,Diurna,1,Plan Regular,8,0,8,Maule,TALCA,TALCA,Pregrado,Profesional Sin Licenciatura,Carreras Profesionales,Educación Media,VIGENTE SIN ALUMNOS NUEVOS,Monto en Pesos,263000,2910000,,Administración y Comercio,Servicios,Servicios Personales,Administración Gastronómica,Servicios,Servicios personales,NO ACREDITADA,ACREDITADA,11/12/2016 - 11/12/2022,6.0,72000,0,1
2023,1194717,I456S2C68J1V1,22308421.0,1,200503,15 a 19 años,2023,1,2023,1,Centros de Formación Técnica,Centros de Formación Técnica,Centros de Formación Técnica,456,CFT CEDUC - UCN,2,SEDE ANTOFAGASTA,68,COMPUTACION E INFORMATICA MENCION CIBERSEGURIDAD,Presencial,Diurna,1,Plan Regular,5,0,5,Antofagasta,ANTOFAGASTA,ANTOFAGASTA,Pregrado,Técnico de Nivel Superior,Carreras Técnicas,Educación Media,VIGENTE CON ALUMNOS NUEVOS,Monto en Pesos,134082,1985432,,Tecnología,Ciencias,Informática,Técnico en Computación e Informática,Tecnología de la Información y la Comunicación (TIC),Tecnología de la Información y la Comunicación (TIC),NO ACREDITADA,ACREDITADA,04/11/2021 - 04/11/2026,5.0,402246,0,1
2023,714416,I456S1C16J2V1,23515422.0,1,200109,20 a 24 años,2023,1,2023,1,Centros de Formación Técnica,Centros de Formación Técnica,Centros de Formación Técnica,456,CFT CEDUC - UCN,1,CASA CENTRAL (COQUIMBO),16,MECANICA DE EQUIPO PESADO,Presencial,Vespertina,1,Plan Regular,5,0,5,Coquimbo,ELQUI,COQUIMBO,Pregrado,Técnico de Nivel Superior,Carreras Técnicas,Educación Media,VIGENTE CON ALUMNOS NUEVOS,Monto en Pesos,135514,1769408,,Tecnología,"Ingeniería, Industria y Construcción",Ingeniería y Profesiones Afines,Técnico en Mecánica Industrial,"Ingeniería, Industria y Construcción",Ingeniería y Profesiones Afines,NO ACREDITADA,ACREDITADA,04/11/2021 - 04/11/2026,5.0,406542,0,1
2023,191757,I120S2C244J3V1,12572918.0,2,198811,30 a 34 años,2023,1,2023,1,Institutos Profesionales,Institutos Profesionales,Institutos Profesionales,120,IP DIEGO PORTALES,2,SEDE VIÑA DEL MAR,244,TECNICO EN EDUCACION PARVULARIA,Semipresencial,Semipresencial,1,Plan Regular,5,1,5,Valparaíso,VALPARAISO,VIÑA DEL MAR,Pregrado,Técnico de Nivel Superior,Carreras Técnicas,Educación Media,VIGENTE CON ALUMNOS NUEVOS,Monto en Pesos,140000,1573000,,Educación,Educación,Formación de Personal Docente y Ciencias de la Educación,Técnico Asistente del Educador de Párvulos,Educación,Educación,NO ACREDITADA,NO ACREDITADA,,,105000,0,1
2023,6129,I435S2C114J3V1,22521498.0,1,196603,40 y más años,2023,1,2023,1,Centros de Formación Técnica,Centros de Formación Técnica,Centros de Formación Técnica,435,CFT DEL MEDIO AMBIENTE,2,SEDE BUIN,114,TECNICO EN MANEJO DE AREAS SILVESTRES PROTEGIDAS,Semipresencial,Semipresencial,1,Plan Especial,5,1,5,Metropolitana,MAIPO,BUIN,Pregrado,Técnico de Nivel Superior,Carreras Técnicas,Educación Media,VIGENTE SIN ALUMNOS NUEVOS,Monto en Pesos,160000,2000000,,Tecnología,Servicios,Protección del Medio Ambiente,Técnico en Medio Ambiente (Control y Gestión),"Ciencias naturales, matemáticas y estadística",Medio Ambiente,NO ACREDITADA,ACREDITADA,23/07/2020 - 23/07/2023,3.0,1000000,0,1
2023,844927,I257S1C66J2V1,13616376.0,1,200205,20 a 24 años,2023,1,2023,1,Centros de Formación Técnica,Centros de Formación Técnica,Centros de Formación Técnica,257,CFT JUAN BOHON,1,CASA CENTRAL (LA SERENA),66,TECNICO MECANICO EN MAQUINARIA PESADA,Presencial,Vespertina,1,Plan Regular,5,1,5,Coquimbo,ELQUI,LA SERENA,Pregrado,Técnico de Nivel Superior,Carreras Técnicas,Educación Media,VIGENTE CON ALUMNOS NUEVOS,Monto en Pesos,65000,1615000,,Tecnología,"Ingeniería, Industria y Construcción",Ingeniería y Profesiones Afines,Técnico en Mecánica Industrial,"Ingeniería, Industria y Construcción",Ingeniería y Profesiones Afines,NO ACREDITADA,ACREDITADA,05/04/2023 - 05/04/2027,4.0,807500,0,1
2023,1051162,I629S4C134J1V1,18142503.0,2,200311,15 a 19 años,2022,1,2022,1,Centros de Formación Técnica,Centros de Formación Técnica,Centros de Formación Técnica,629,CFT PUCV,4,CAMPUS QUILLOTA,134,TECNICO DE NIVEL SUPERIOR EN GASTRONOMIA INTERNACIONAL,Presencial,Diurna,1,Plan Regular,4,1,5,Valparaíso,QUILLOTA,QUILLOTA,Pregrado,Técnico de Nivel Superior,Carreras Técnicas,Educación Media,VIGENTE CON ALUMNOS NUEVOS,Monto en Pesos,177042,2212056,,Administración y Comercio,Servicios,Servicios Personales,Técnico en Gastronomía y Cocina,Servicios,Servicios personales,NO ACREDITADA,ACREDITADA,12/01/2022 - 12/01/2027,5.0,1106028,0,1
2023,1181313,I629S2C116J1V1,22674030.0,2,200412,15 a 19 años,2023,1,2023,1,Centros de Formación Técnica,Centros de Formación Técnica,Centros de Formación Técnica,629,CFT PUCV,2,SEDE LA CALERA,116,TECNICO DE NIVEL SUPERIOR EN EDUCACION PARVULARIA,Presencial,Diurna,1,Plan Regular,4,1,5,Valparaíso,QUILLOTA,LA CALERA,Pregrado,Técnico de Nivel Superior,Carreras Técnicas,Educación Media,VIGENTE CON ALUMNOS NUEVOS,Monto en Pesos,177042,1782276,,Educación,Educación,Formación de Personal Docente y Ciencias de la Educación,Técnico Asistente del Educador de Párvulos,Educación,Educación,NO ACREDITADA,ACREDITADA,12/01/2022 - 12/01/2027,5.0,891138,0,1
2024,821741,I143S2C654J2V1,4488103.0,1,200312,20 a 24 años,2023,1,2023,1,Institutos Profesionales,Institutos Profesionales,Institutos Profesionales,143,IP AIEP,2,SEDE ANTOFAGASTA,654,TECNICO EN AUTOMATIZACION Y CONTROL INDUSTRIAL,Presencial,Vespertina,1,Plan Regular,5,1,5,Antofagasta,ANTOFAGASTA,ANTOFAGASTA,Pregrado,Técnico de Nivel Superior,Carreras Técnicas,Educación Media,VIGENTE CON ALUMNOS NUEVOS,Monto en Pesos,220000,2160000,,Tecnología,"Ingeniería, Industria y Construcción",Ingeniería y Profesiones Afines,"Técnico en Instrumentación, Automatización y Control Industrial","Ingeniería, Industria y Construcción",Ingeniería y Profesiones Afines,NO ACREDITADA,ACREDITADA,23/11/2022 - 23/11/2027,5.0,648000,0,1
2023,1242794,I143S0C83J1V1,25961370.0,2,200212,20 a 24 años,2022,1,2022,1,Institutos Profesionales,Institutos Profesionales,Institutos Profesionales,143,IP AIEP,0,SEDE LOS ANGELES,83,TECNICO EN TRABAJO SOCIAL,Presencial,Diurna,1,Plan Regular,5,1,5,Biobío,BIOBIO,LOS ANGELES,Pregrado,Técnico de Nivel Superior,Carreras Técnicas,Educación Media,VIGENTE CON ALUMNOS NUEVOS,Monto en Pesos,210000,1940000,,Ciencias Sociales,Salud y Servicios Sociales,Servicios Sociales,Técnico en Servicio Social,Salud y Bienestar,Bienestar,NO ACREDITADA,ACREDITADA,23/11/2022 - 23/11/2027,5.0,582000,0,1
2023,1191990,I143S20C92J1V1,17451539.0,2,200502,15 a 19 años,2023,1,2023,1,Institutos Profesionales,Institutos Profesionales,Institutos Profesionales,143,IP AIEP,20,SEDE TEMUCO,92,TECNICO EN ODONTOLOGIA,Presencial,Diurna,1,Plan Regular,5,1,5,La Araucanía,CAUTIN,TEMUCO,Pregrado,Técnico de Nivel Superior,Carreras Técnicas,Educación Media,VIGENTE CON ALUMNOS NUEVOS,Monto en Pesos,210000,2220000,,Salud,Salud y Servicios Sociales,Medicina,Técnico Dental y Asistente de Odontología,Salud y Bienestar,Salud,NO ACREDITADA,ACREDITADA,23/11/2022 - 23/11/2027,5.0,666000,0,1
2023,795877,I143S9C34J1V1,18269245.0,2,200202,20 a 24 años,2023,1,2023,1,Institutos Profesionales,Institutos Profesionales,Institutos Profesionales,143,IP AIEP,9,SEDE RANCAGUA,34,TECNICO EN ENFERMERIA,Presencial,Diurna,1,Plan Regular,5,1,5,Lib. Gral. B. O'Higgins,CACHAPOAL,RANCAGUA,Pregrado,Técnico de Nivel Superior,Carreras Técnicas,Educación Media,VIGENTE CON ALUMNOS NUEVOS,Monto en Pesos,210000,2430000,,Salud,Salud y Servicios Sociales,Medicina,Técnico en Enfermería,Salud y Bienestar,Salud,NO ACREDITADA,ACREDITADA,23/11/2022 - 23/11/2027,5.0,729000,0,1
2023,1034082,I143S13C251J1V1,15432187.0,2,200310,15 a 19 años,2022,1,2022,1,Institutos Profesionales,Institutos Profesionales,Institutos Profesionales,143,IP AIEP,13,SEDE CONCEPCION,251,ESTETICA PROFESIONAL,Presencial,Diurna,1,Plan Regular,8,1,8,Biobío,CONCEPCION,CONCEPCION,Pregrado,Profesional Sin Licenciatura,Carreras Profesionales,Educación Media,VIGENTE CON ALUMNOS NUEVOS,Monto en Pesos,210000,2320000,,Arte y Arquitectura,Servicios,Servicios Personales,Otros Profesionales de Arte y Arquitectura,Servicios,Servicios personales,NO ACREDITADA,ACREDITADA,23/11/2022 - 23/11/2027,5.0,210000,0,1
2023,962626,I430S2C2J2V1,12368023.0,2,200109,20 a 24 años,2022,1,2022,1,Centros de Formación Técnica,Centros de Formación Técnica,Centros de Formación Técnica,430,CFT INACAP,2,SEDE ARICA,2,COMERCIO EXTERIOR,Presencial,Vespertina,1,Plan Regular,4,0,4,Arica y Parinacota,ARICA,ARICA,Pregrado,Técnico de Nivel Superior,Carreras Técnicas,Educación Media,VIGENTE CON ALUMNOS NUEVOS,Monto en Pesos,263000,2036000,,Administración y Comercio,"Ciencias Sociales, Enseñanza Comercial y Derecho",Enseñanza Comercial y Administración,Técnico en Comercio Exterior,Administración de Empresas y Derecho,Educación Comercial y Administración,NO ACREDITADA,ACREDITADA,05/01/2018 - 05/01/2025,7.0,36000,0,1
2023,809048,I430S22C280J1V1,15234502.0,1,200201,20 a 24 años,2022,1,2022,1,Centros de Formación Técnica,Centros de Formación Técnica,Centros de Formación Técnica,430,CFT INACAP,22,SEDE CHILLAN,280,TURISMO,Presencial,Diurna,1,Plan Regular,4,0,4,Ñuble,DIGUILLIN,CHILLAN,Pregrado,Técnico de Nivel Superior,Carreras Técnicas,Educación Media,VIGENTE CON ALUMNOS NUEVOS,Monto en Pesos,263000,2324000,,Administración y Comercio,Servicios,Servicios Personales,Técnico en Turismo y Hotelería,Servicios,Servicios personales,ACREDITADA,ACREDITADA,05/01/2018 - 05/01/2025,7.0,36000,0,1
2023,1079846,I430S1C135J1V1,23470098.0,1,200402,15 a 19 años,2022,1,2022,1,Centros de Formación Técnica,Centros de Formación Técnica,Centros de Formación Técnica,430,CFT INACAP,1,SEDE ANTOFAGASTA,135,MECANICA AUTOMOTRIZ EN MAQUINARIA PESADA,Presencial,Diurna,1,Plan Regular,4,0,4,Antofagasta,ANTOFAGASTA,ANTOFAGASTA,Pregrado,Técnico de Nivel Superior,Carreras Técnicas,Educación Media,VIGENTE CON ALUMNOS NUEVOS,Monto en Pesos,263000,2772000,,Tecnología,"Ingeniería, Industria y Construcción",Ingeniería y Profesiones Afines,Técnico en Mecánica Automotriz,"Ingeniería, Industria y Construcción",Ingeniería y Profesiones Afines,NO ACREDITADA,ACREDITADA,05/01/2018 - 05/01/2025,7.0,36000,0,1
2023,1114752,I430S2C201J1V1,11604751.0,2,200405,15 a 19 años,2022,1,2022,1,Centros de Formación Técnica,Centros de Formación Técnica,Centros de Formación Técnica,430,CFT INACAP,2,SEDE ARICA,201,ADMINISTRACION DE EMPRESAS,Presencial,Diurna,1,Plan Regular,4,0,4,Arica y Parinacota,ARICA,ARICA,Pregrado,Técnico de Nivel Superior,Carreras Técnicas,Educación Media,VIGENTE CON ALUMNOS NUEVOS,Monto en Pesos,263000,2280000,,Administración y Comercio,"Ciencias Sociales, Enseñanza Comercial y Derecho",Enseñanza Comercial y Administración,Técnico en Administración de Empresas,Administración de Empresas y Derecho,Educación Comercial y Administración,NO ACREDITADA,ACREDITADA,05/01/2018 - 05/01/2025,7.0,36000,0,1
2023,1121440,I430S26C42J1V2,21960743.0,1,200406,15 a 19 años,2023,1,2023,1,Centros de Formación Técnica,Centros de Formación Técnica,Centros de Formación Técnica,430,CFT INACAP,26,SEDE TALCA,42,ANALISTA PROGRAMADOR,Presencial,Diurna,2,Plan Regular,4,0,4,Maule,TALCA,TALCA,Pregrado,Técnico de Nivel Superior,Carreras Técnicas,Educación Media,VIGENTE CON ALUMNOS NUEVOS,Monto en Pesos,263000,2546000,,Tecnología,Ciencias,Informática,Técnico en Computación e Informática,Tecnología de la Información y la Comunicación (TIC),Tecnología de la Información y la Comunicación (TIC),ACREDITADA,ACREDITADA,05/01/2018 - 05/01/2025,7.0,36000,0,1
2023,913275,I430S28C186J1V2,22133759.0,1,200209,20 a 24 años,2023,1,2023,1,Centros de Formación Técnica,Centros de Formación Técnica,Centros de Formación Técnica,430,CFT INACAP,28,SEDE TEMUCO,186,TECNICO EN ELECTRICIDAD INDUSTRIAL,Presencial,Diurna,2,Plan Regular,4,0,4,La Araucanía,CAUTIN,TEMUCO,Pregrado,Técnico de Nivel Superior,Carreras Técnicas,Educación Media,VIGENTE CON ALUMNOS NUEVOS,Monto en Pesos,263000,2760000,,Tecnología,"Ingeniería, Industria y Construcción",Ingeniería y Profesiones Afines,Técnico en Electricidad y Electricidad Industrial,"Ingeniería, Industria y Construcción",Ingeniería y Profesiones Afines,NO ACREDITADA,ACREDITADA,05/01/2018 - 05/01/2025,7.0,36000,0,1
2023,1109729,I430S28C34J1V1,22192276.0,1,200404,15 a 19 años,2023,1,2023,1,Centros de Formación Técnica,Centros de Formación Técnica,Centros de Formación Técnica,430,CFT INACAP,28,SEDE TEMUCO,34,TECNICO EN MANTENIMIENTO INDUSTRIAL,Presencial,Diurna,1,Plan Regular,4,0,4,La Araucanía,CAUTIN,TEMUCO,Pregrado,Técnico de Nivel Superior,Carreras Técnicas,Educación Media,VIGENTE CON ALUMNOS NUEVOS,Monto en Pesos,263000,2594000,,Tecnología,"Ingeniería, Industria y Construcción",Ingeniería y Profesiones Afines,Técnico en Mantenimiento Industrial,"Ingeniería, Industria y Construcción",Ingeniería y Profesiones Afines,NO ACREDITADA,ACREDITADA,05/01/2018 - 05/01/2025,7.0,36000,0,1
2023,999426,I430S22C326J1V1,23700845.0,1,200306,20 a 24 años,2023,1,2023,1,Centros de Formación Técnica,Centros de Formación Técnica,Centros de Formación Técnica,430,CFT INACAP,22,SEDE CHILLAN,326,TECNICO EN MECANICA Y ELECTROMOVILIDAD AUTOMOTRIZ,Presencial,Diurna,1,Plan Regular,4,0,4,Ñuble,DIGUILLIN,CHILLAN,Pregrado,Técnico de Nivel Superior,Carreras Técnicas,Educación Media,VIGENTE CON ALUMNOS NUEVOS,Monto en Pesos,263000,2676000,,Tecnología,"Ingeniería, Industria y Construcción",Ingeniería y Profesiones Afines,Técnico en Mecánica Automotriz,"Ingeniería, Industria y Construcción",Ingeniería y Profesiones Afines,NO ACREDITADA,ACREDITADA,05/01/2018 - 05/01/2025,7.0,36000,0,1
2023,1143098,I100S4C302J1V1,15902661.0,1,200408,15 a 19 años,2023,1,2023,1,Institutos Profesionales,Institutos Profesionales,Institutos Profesionales,100,IP INACAP,4,SEDE ANTOFAGASTA,302,INGENIERIA EN INFORMATICA,Presencial,Diurna,1,Plan Regular,8,0,8,Antofagasta,ANTOFAGASTA,ANTOFAGASTA,Pregrado,Profesional Sin Licenciatura,Carreras Profesionales,Educación Media,VIGENTE CON ALUMNOS NUEVOS,Monto en Pesos,263000,2772000,,Tecnología,Ciencias,Informática,Ingeniería en Computación e Informática,Tecnología de la Información y la Comunicación (TIC),Tecnología de la Información y la Comunicación (TIC),NO ACREDITADA,ACREDITADA,11/12/2016 - 11/12/2022,6.0,36000,0,1
2023,1224383,I100S4C301J1V1,18472332.0,2,200404,15 a 19 años,2023,1,2023,1,Institutos Profesionales,Institutos Profesionales,Institutos Profesionales,100,IP INACAP,4,SEDE ANTOFAGASTA,301,INGENIERIA EN AUTOMATIZACION Y ROBOTICA,Presencial,Diurna,1,Plan Regular,8,0,8,Antofagasta,ANTOFAGASTA,ANTOFAGASTA,Pregrado,Profesional Sin Licenciatura,Carreras Profesionales,Educación Media,VIGENTE CON ALUMNOS NUEVOS,Monto en Pesos,263000,2708000,,Tecnología,"Ingeniería, Industria y Construcción",Ingeniería y Profesiones Afines,"Ingeniería en Automatización, Instrumentación y Control","Ingeniería, Industria y Construcción",Ingeniería y Profesiones Afines,NO ACREDITADA,ACREDITADA,11/12/2016 - 11/12/2022,6.0,36000,0,1
2023,903731,I100S41C160J2V1,19617500.0,1,200210,20 a 24 años,2023,1,2023,1,Institutos Profesionales,Institutos Profesionales,Institutos Profesionales,100,IP INACAP,41,SEDE SAN PEDRO DE LA PAZ,160,INGENIERIA EN MAQUINARIA PESADA Y VEHICULOS AUTOMOTRICES,Presencial,Vespertina,1,Plan Regular,8,0,8,Biobío,CONCEPCION,SAN PEDRO DE LA PAZ,Pregrado,Profesional Sin Licenciatura,Carreras Profesionales,Educación Media,VIGENTE CON ALUMNOS NUEVOS,Monto en Pesos,263000,2660000,,Tecnología,"Ingeniería, Industria y Construcción",Ingeniería y Profesiones Afines,Ingeniería en Mecánica Automotriz,"Ingeniería, Industria y Construcción",Ingeniería y Profesiones Afines,NO ACREDITADA,ACREDITADA,11/12/2016 - 11/12/2022,6.0,36000,0,1
2024,611305,I100S23C302J1V1,3939503.0,1,200112,20 a 24 años,2021,1,2021,1,Institutos Profesionales,Institutos Profesionales,Institutos Profesionales,100,IP INACAP,23,SEDE RANCAGUA,302,INGENIERIA EN INFORMATICA,Presencial,Diurna,1,Plan Regular,8,0,8,Lib. Gral. B. O'Higgins,CACHAPOAL,RANCAGUA,Pregrado,Profesional Sin Licenciatura,Carreras Profesionales,Educación Media,VIGENTE CON ALUMNOS NUEVOS,Monto en Pesos,277000,2906000,,Tecnología,Ciencias,Informática,Ingeniería en Computación e Informática,Tecnología de la Información y la Comunicación (TIC),Tecnología de la Información y la Comunicación (TIC),NO ACREDITADA,ACREDITADA,06/09/2023 - 06/09/2030,7.0,36000,0,1
2024,44690,I430S4C330J2V1,2798669.0,2,199811,25 a 29 años,2024,1,2024,1,Centros de Formación Técnica,Centros de Formación Técnica,Centros de Formación Técnica,430,CFT INACAP,4,SEDE CALAMA,330,GASTRONOMIA,Presencial,Vespertina,1,Plan Regular,4,0,4,Antofagasta,EL LOA,CALAMA,Pregrado,Técnico de Nivel Superior,Carreras Técnicas,Educación Media,VIGENTE CON ALUMNOS NUEVOS,Monto en Pesos,277000,3404000,,Administración y Comercio,Servicios,Servicios Personales,Técnico en Gastronomía y Cocina,Servicios,Servicios personales,NO ACREDITADA,ACREDITADA,05/01/2018 - 05/01/2025,7.0,36000,0,1
2024,46894,I430S27C330J1V1,4310390.0,2,200507,15 a 19 años,2024,1,2024,1,Centros de Formación Técnica,Centros de Formación Técnica,Centros de Formación Técnica,430,CFT INACAP,27,SEDE LA SERENA,330,GASTRONOMIA,Presencial,Diurna,1,Plan Regular,4,0,4,Coquimbo,ELQUI,LA SERENA,Pregrado,Técnico de Nivel Superior,Carreras Técnicas,Educación Media,VIGENTE CON ALUMNOS NUEVOS,Monto en Pesos,277000,3445000,,Administración y Comercio,Servicios,Servicios Personales,Técnico en Gastronomía y Cocina,Servicios,Servicios personales,NO ACREDITADA,ACREDITADA,05/01/2018 - 05/01/2025,7.0,36000,0,1
2023,104483,I430S9C45J2V1,19754762.0,2,198509,35 a 39 años,2022,1,2022,1,Centros de Formación Técnica,Centros de Formación Técnica,Centros de Formación Técnica,430,CFT INACAP,9,SEDE VALPARAISO,45,CONTABILIDAD GENERAL,Presencial,Vespertina,1,Plan Regular,4,0,4,Valparaíso,VALPARAISO,VALPARAISO,Pregrado,Técnico de Nivel Superior,Carreras Técnicas,Educación Media,VIGENTE CON ALUMNOS NUEVOS,Monto en Pesos,300000,2492000,,Administración y Comercio,"Ciencias Sociales, Enseñanza Comercial y Derecho",Enseñanza Comercial y Administración,Técnico en Contabilidad General,Administración de Empresas y Derecho,Educación Comercial y Administración,NO ACREDITADA,ACREDITADA,05/01/2018 - 05/01/2025,7.0,36000,0,1
2023,500010,I100S30C119J1V1,23225026.0,2,200002,20 a 24 años,2022,1,2022,1,Institutos Profesionales,Institutos Profesionales,Institutos Profesionales,100,IP INACAP,30,SEDE LA SERENA,119,INGENIERIA EN LOGISTICA,Presencial,Diurna,1,Plan Regular,8,0,8,Coquimbo,ELQUI,LA SERENA,Pregrado,Profesional Sin Licenciatura,Carreras Profesionales,Educación Media,VIGENTE CON ALUMNOS NUEVOS,Monto en Pesos,300000,2632000,,Administración y Comercio,"Ciencias Sociales, Enseñanza Comercial y Derecho",Enseñanza Comercial y Administración,Ingeniería en Logística,Administración de Empresas y Derecho,Educación Comercial y Administración,NO ACREDITADA,ACREDITADA,11/12/2016 - 11/12/2022,6.0,36000,0,1
2023,1050891,I430S37C330J1V1,21246008.0,1,200311,15 a 19 años,2023,1,2023,1,Centros de Formación Técnica,Centros de Formación Técnica,Centros de Formación Técnica,430,CFT INACAP,37,SEDE PUENTE ALTO,330,GASTRONOMIA,Presencial,Diurna,1,Plan Regular,4,0,4,Metropolitana,CORDILLERA,PUENTE ALTO,Pregrado,Técnico de Nivel Superior,Carreras Técnicas,Educación Media,VIGENTE CON ALUMNOS NUEVOS,Monto en Pesos,311000,3466000,,Administración y Comercio,Servicios,Servicios Personales,Técnico en Gastronomía y Cocina,Servicios,Servicios personales,NO ACREDITADA,ACREDITADA,05/01/2018 - 05/01/2025,7.0,36000,0,1
2023,183517,I117S1C27J4V1,11073277.0,2,199007,30 a 34 años,2023,1,2023,1,Institutos Profesionales,Institutos Profesionales,Institutos Profesionales,117,IP IACC,1,CASA CENTRAL (SANTIAGO),27,INGENIERIA EN PREVENCION DE RIESGOS,No Presencial,A Distancia,1,Plan Regular,8,1,8,Metropolitana,SANTIAGO,PROVIDENCIA,Pregrado,Profesional Sin Licenciatura,Carreras Profesionales,Educación Media,VIGENTE CON ALUMNOS NUEVOS,Monto en Pesos,100000,1990000,,Tecnología,Servicios,Servicios de Seguridad,Ingeniería en Prevención de Riesgos,Servicios,Servicios de Higiene y Salud Ocupacional,NO ACREDITADA,ACREDITADA,01/06/2022 - 01/06/2026,4.0,113000,0,1
2023,31014,I117S1C57J4V1,23673127.0,1,197709,40 y más años,2022,2,2022,2,Institutos Profesionales,Institutos Profesionales,Institutos Profesionales,117,IP IACC,1,CASA CENTRAL (SANTIAGO),57,INGENIERIA EN INFORMATICA,No Presencial,A Distancia,1,Plan Regular,8,1,8,Metropolitana,SANTIAGO,PROVIDENCIA,Pregrado,Profesional Sin Licenciatura,Carreras Profesionales,Educación Media,VIGENTE CON ALUMNOS NUEVOS,Monto en Pesos,100000,1990000,,Tecnología,Ciencias,Informática,Ingeniería en Computación e Informática,Tecnología de la Información y la Comunicación (TIC),Tecnología de la Información y la Comunicación (TIC),NO ACREDITADA,ACREDITADA,01/06/2022 - 01/06/2026,4.0,113000,0,1
2023,60903,I117S1C70J4V1,17333420.0,2,199402,25 a 29 años,2021,1,2021,1,Institutos Profesionales,Institutos Profesionales,Institutos Profesionales,117,IP IACC,1,CASA CENTRAL (SANTIAGO),70,TECNICO DE NIVEL SUPERIOR EN EDUCACION DIFERENCIAL,No Presencial,A Distancia,1,Plan Regular,5,1,5,Metropolitana,SANTIAGO,PROVIDENCIA,Pregrado,Técnico de Nivel Superior,Carreras Técnicas,Educación Media,VIGENTE CON ALUMNOS NUEVOS,Monto en Pesos,90000,1650000,,Educación,Educación,Formación de Personal Docente y Ciencias de la Educación,Técnico Asistente del Educador Diferencial,Educación,Educación,NO ACREDITADA,ACREDITADA,01/06/2022 - 01/06/2026,4.0,113000,0,1
2023,73278,I117S1C73J4V1,24325190.0,2,200011,20 a 24 años,2022,1,2022,1,Institutos Profesionales,Institutos Profesionales,Institutos Profesionales,117,IP IACC,1,CASA CENTRAL (SANTIAGO),73,TECNICO DE NIVEL SUPERIOR EN PROCESOS MINEROS,No Presencial,A Distancia,1,Plan Regular,5,1,5,Metropolitana,SANTIAGO,PROVIDENCIA,Pregrado,Técnico de Nivel Superior,Carreras Técnicas,Educación Media,VIGENTE CON ALUMNOS NUEVOS,Monto en Pesos,90000,1780000,,Tecnología,"Ingeniería, Industria y Construcción",Industria y Producción,Técnico en Minería,"Ingeniería, Industria y Construcción",Industria y Producción,NO ACREDITADA,ACREDITADA,01/06/2022 - 01/06/2026,4.0,113000,0,1
2023,342866,I117S1C69J4V1,11592024.0,1,199307,25 a 29 años,2023,1,2023,1,Institutos Profesionales,Institutos Profesionales,Institutos Profesionales,117,IP IACC,1,CASA CENTRAL (SANTIAGO),69,TECNICO DE NIVEL SUPERIOR EN CONTROL INDUSTRIAL,No Presencial,A Distancia,1,Plan Regular,5,1,5,Metropolitana,SANTIAGO,PROVIDENCIA,Pregrado,Técnico de Nivel Superior,Carreras Técnicas,Educación Media,VIGENTE CON ALUMNOS NUEVOS,Monto en Pesos,90000,1820000,,Tecnología,"Ingeniería, Industria y Construcción",Ingeniería y Profesiones Afines,"Técnico en Instrumentación, Automatización y Control Industrial","Ingeniería, Industria y Construcción",Ingeniería y Profesiones Afines,NO ACREDITADA,ACREDITADA,01/06/2022 - 01/06/2026,4.0,113000,0,1
2023,161706,I117S1C69J4V1,23999027.0,1,198902,30 a 34 años,2023,1,2023,1,Institutos Profesionales,Institutos Profesionales,Institutos Profesionales,117,IP IACC,1,CASA CENTRAL (SANTIAGO),69,TECNICO DE NIVEL SUPERIOR EN CONTROL INDUSTRIAL,No Presencial,A Distancia,1,Plan Regular,5,1,5,Metropolitana,SANTIAGO,PROVIDENCIA,Pregrado,Técnico de Nivel Superior,Carreras Técnicas,Educación Media,VIGENTE CON ALUMNOS NUEVOS,Monto en Pesos,90000,1820000,,Tecnología,"Ingeniería, Industria y Construcción",Ingeniería y Profesiones Afines,"Técnico en Instrumentación, Automatización y Control Industrial","Ingeniería, Industria y Construcción",Ingeniería y Profesiones Afines,NO ACREDITADA,ACREDITADA,01/06/2022 - 01/06/2026,4.0,113000,0,1
2023,1241452,I117S1C35J4V1,25789900.0,1,200304,20 a 24 años,2022,1,2022,1,Institutos Profesionales,Institutos Profesionales,Institutos Profesionales,117,IP IACC,1,CASA CENTRAL (SANTIAGO),35,TECNICO EN PREVENCION DE RIESGOS,No Presencial,A Distancia,1,Plan Regular,5,1,5,Metropolitana,SANTIAGO,PROVIDENCIA,Pregrado,Técnico de Nivel Superior,Carreras Técnicas,Educación Media,VIGENTE CON ALUMNOS NUEVOS,Monto en Pesos,90000,1850000,,Tecnología,Servicios,Servicios de Seguridad,Técnico en Prevención de Riesgos,Servicios,Servicios de Higiene y Salud Ocupacional,NO ACREDITADA,ACREDITADA,01/06/2022 - 01/06/2026,4.0,113000,0,1
2023,577887,I100S38C169J1V1,19432676.0,1,200004,20 a 24 años,2019,1,2019,1,Institutos Profesionales,Institutos Profesionales,Institutos Profesionales,100,IP INACAP,38,SEDE SANTIAGO SUR,169,INGENIERIA AGRICOLA,Presencial,Diurna,1,Plan Regular,8,0,8,Metropolitana,SANTIAGO,MACUL,Pregrado,Profesional Sin Licenciatura,Carreras Profesionales,Educación Media,VIGENTE CON ALUMNOS NUEVOS,Monto en Pesos,311000,3124000,,Agropecuaria,Agricultura,"Agricultura, Silvicultura y Pesca",Ingeniería Agrícola,"Agricultura, Silvicultura, Pesca y Veterinaria",Agricultura,NO ACREDITADA,ACREDITADA,11/12/2016 - 11/12/2022,6.0,36000,0,1
2023,254658,I430S36C89J2V1,21670467.0,1,199403,25 a 29 años,2017,1,2017,1,Centros de Formación Técnica,Centros de Formación Técnica,Centros de Formación Técnica,430,CFT INACAP,36,SEDE SANTIAGO SUR (MACUL),89,TECNOLOGIA EN ANALISIS QUIMICO,Presencial,Vespertina,1,Plan Regular,5,0,5,Metropolitana,SANTIAGO,MACUL,Pregrado,Técnico de Nivel Superior,Carreras Técnicas,Educación Media,VIGENTE CON ALUMNOS NUEVOS,Monto en Pesos,311000,2392000,,Ciencias Básicas,Ciencias,Ciencias Físicas,Técnico en Química (Análisis e Industrial),"Ciencias naturales, matemáticas y estadística",Ciencias Físicas,NO ACREDITADA,ACREDITADA,05/01/2018 - 05/01/2025,7.0,36000,0,1
2024,623701,I100S20C144J2V1,417161.0,1,199305,30 a 34 años,2021,1,2021,1,Institutos Profesionales,Institutos Profesionales,Institutos Profesionales,100,IP INACAP,20,SEDE RENCA,144,INGENIERIA MECANICA EN MANTENIMIENTO INDUSTRIAL,Presencial,Vespertina,1,Plan Regular,8,0,8,Metropolitana,SANTIAGO,RENCA,Pregrado,Profesional Sin Licenciatura,Carreras Profesionales,Educación Media,VIGENTE SIN ALUMNOS NUEVOS,Monto en Pesos,277000,3004000,,Tecnología,"Ingeniería, Industria y Construcción",Ingeniería y Profesiones Afines,Ingeniería Mecánica,"Ingeniería, Industria y Construcción",Ingeniería y Profesiones Afines,NO ACREDITADA,ACREDITADA,06/09/2023 - 06/09/2030,7.0,36000,0,1
2024,494923,I430S39C326J2V1,2792692.0,1,200410,15 a 19 años,2023,1,2023,1,Centros de Formación Técnica,Centros de Formación Técnica,Centros de Formación Técnica,430,CFT INACAP,39,SEDE LA GRANJA,326,TECNICO EN MECANICA Y ELECTROMOVILIDAD AUTOMOTRIZ,Presencial,Vespertina,1,Plan Regular,4,0,4,Metropolitana,SANTIAGO,LA GRANJA,Pregrado,Técnico de Nivel Superior,Carreras Técnicas,Educación Media,VIGENTE CON ALUMNOS NUEVOS,Monto en Pesos,277000,2773000,,Tecnología,"Ingeniería, Industria y Construcción",Ingeniería y Profesiones Afines,Técnico en Mecánica Automotriz,"Ingeniería, Industria y Construcción",Ingeniería y Profesiones Afines,NO ACREDITADA,ACREDITADA,05/01/2018 - 05/01/2025,7.0,36000,0,1
2024,849774,I435S1C9J2V1,96897.0,1,199612,25 a 29 años,2024,1,2024,1,Centros de Formación Técnica,Centros de Formación Técnica,Centros de Formación Técnica,435,CFT DEL MEDIO AMBIENTE,1,CASA CENTRAL (SANTIAGO),9,TECNICO EN AGRICULTURA ECOLOGICA,Presencial,Vespertina,1,Plan Regular,5,1,5,Metropolitana,SANTIAGO,ÑUÑOA,Pregrado,Técnico de Nivel Superior,Carreras Técnicas,Educación Media,VIGENTE SIN ALUMNOS NUEVOS,Monto en Pesos,200000,2040000,,Agropecuaria,Agricultura,"Agricultura, Silvicultura y Pesca",Técnico Agropecuario,"Agricultura, Silvicultura, Pesca y Veterinaria",Agricultura,NO ACREDITADA,ACREDITADA,28/02/2024 - 28/02/2027,3.0,1098000,0,1
2023,6178,I104S1C1J2V1,11667728.0,1,197006,40 y más años,2022,1,2022,1,Institutos Profesionales,Institutos Profesionales,Institutos Profesionales,104,IP ESCUELA DE CONTADORES AUDITORES DE SANTIAGO,1,CASA CENTRAL (SANTIAGO),1,CONTADOR AUDITOR,Presencial,Vespertina,1,Plan Regular,9,1,10,Metropolitana,SANTIAGO,PROVIDENCIA,Pregrado,Profesional Sin Licenciatura,Carreras Profesionales,Educación Media,VIGENTE CON ALUMNOS NUEVOS,Monto en Pesos,207000,2310000,,Administración y Comercio,"Ciencias Sociales, Enseñanza Comercial y Derecho",Enseñanza Comercial y Administración,Contador Auditor,Administración de Empresas y Derecho,Educación Comercial y Administración,NO ACREDITADA,ACREDITADA,28/08/2019 - 28/08/2023,4.0,207000,0,1
2024,103221,I143S23C609J1V2,4080061.0,1,199811,25 a 29 años,2024,1,2024,1,Institutos Profesionales,Institutos Profesionales,Institutos Profesionales,143,IP AIEP,23,SEDE SAN JOAQUIN,609,GASTRONOMIA INTERNACIONAL,Presencial,Diurna,2,Plan Regular,4,1,4,Metropolitana,SANTIAGO,SAN JOAQUIN,Pregrado,Técnico de Nivel Superior,Carreras Técnicas,Educación Media,VIGENTE CON ALUMNOS NUEVOS,Monto en Pesos,220000,3180000,,Administración y Comercio,Servicios,Servicios Personales,Técnico en Gastronomía y Cocina,Servicios,Servicios personales,NO ACREDITADA,ACREDITADA,23/11/2022 - 23/11/2027,5.0,954000,0,1
2023,122600,I143S23C9J2V2,15682208.0,2,198701,35 a 39 años,2023,1,2023,1,Institutos Profesionales,Institutos Profesionales,Institutos Profesionales,143,IP AIEP,23,SEDE SAN JOAQUIN,9,CONTABILIDAD GENERAL,Presencial,Vespertina,2,Plan Regular,5,1,5,Metropolitana,SANTIAGO,SAN JOAQUIN,Pregrado,Técnico de Nivel Superior,Carreras Técnicas,Educación Media,VIGENTE CON ALUMNOS NUEVOS,Monto en Pesos,210000,2210000,,Administración y Comercio,"Ciencias Sociales, Enseñanza Comercial y Derecho",Enseñanza Comercial y Administración,Técnico en Contabilidad General,Administración de Empresas y Derecho,Educación Comercial y Administración,NO ACREDITADA,ACREDITADA,23/11/2022 - 23/11/2027,5.0,663000,0,1
2023,1239641,I143S28C111J4V1,27178773.0,2,199908,20 a 24 años,2023,1,2023,1,Institutos Profesionales,Institutos Profesionales,Institutos Profesionales,143,IP AIEP,28,SEDE ONLINE,111,INGENIERIA DE EJECUCION EN ADMINISTRACION DE EMPRESAS MENCION FINANZAS,No Presencial,A Distancia,1,Plan Regular,8,1,8,Metropolitana,SANTIAGO,CONCHALI,Pregrado,Profesional Sin Licenciatura,Carreras Profesionales,Educación Media,VIGENTE CON ALUMNOS NUEVOS,Monto en Pesos,210000,2080000,,Administración y Comercio,"Ciencias Sociales, Enseñanza Comercial y Derecho",Enseñanza Comercial y Administración,Administración de Empresas e Ing. Asociadas,Administración de Empresas y Derecho,Educación Comercial y Administración,NO ACREDITADA,ACREDITADA,23/11/2022 - 23/11/2027,5.0,210000,0,1
2023,626585,I143S28C650J4V2,12838077.0,1,200004,20 a 24 años,2023,1,2023,1,Institutos Profesionales,Institutos Profesionales,Institutos Profesionales,143,IP AIEP,28,SEDE ONLINE,650,INGENIERIA EN CIBERSEGURIDAD,No Presencial,A Distancia,2,Plan Regular,8,1,8,Metropolitana,SANTIAGO,CONCHALI,Pregrado,Profesional Sin Licenciatura,Carreras Profesionales,Educación Media,VIGENTE CON ALUMNOS NUEVOS,Monto en Pesos,210000,2110000,,Tecnología,Ciencias,Informática,Ingeniería en Conectividad y Redes,Tecnología de la Información y la Comunicación (TIC),Tecnología de la Información y la Comunicación (TIC),NO ACREDITADA,ACREDITADA,23/11/2022 - 23/11/2027,5.0,210000,0,1
2023,921007,I143S26C36J1V1,16661390.0,2,200211,20 a 24 años,2021,1,2021,1,Institutos Profesionales,Institutos Profesionales,Institutos Profesionales,143,IP AIEP,26,SEDE BELLAVISTA,36,TECNICO EN ENFERMERIA MENCION GINECOBSTETRICIA,Presencial,Diurna,1,Plan Regular,5,1,5,Metropolitana,SANTIAGO,SANTIAGO,Pregrado,Técnico de Nivel Superior,Carreras Técnicas,Educación Media,VIGENTE CON ALUMNOS NUEVOS,Monto en Pesos,210000,2670000,,Salud,Salud y Servicios Sociales,Medicina,Técnico en Enfermería,Salud y Bienestar,Salud,NO ACREDITADA,ACREDITADA,23/11/2022 - 23/11/2027,5.0,801000,0,1
2024,514809,I430S15C2J1V1,2535328.0,2,200503,15 a 19 años,2024,1,2024,1,Centros de Formación Técnica,Centros de Formación Técnica,Centros de Formación Técnica,430,CFT INACAP,15,SEDE SANTIAGO CENTRO,2,COMERCIO EXTERIOR,Presencial,Diurna,1,Plan Regular,4,0,4,Metropolitana,SANTIAGO,SANTIAGO,Pregrado,Técnico de Nivel Superior,Carreras Técnicas,Educación Media,VIGENTE CON ALUMNOS NUEVOS,Monto en Pesos,277000,2724000,,Administración y Comercio,"Ciencias Sociales, Enseñanza Comercial y Derecho",Enseñanza Comercial y Administración,Técnico en Comercio Exterior,Administración de Empresas y Derecho,Educación Comercial y Administración,NO ACREDITADA,ACREDITADA,05/01/2018 - 05/01/2025,7.0,36000,0,1
2023,260598,I426S1C7J4V2,19884742.0,1,199402,25 a 29 años,2021,1,2021,1,Centros de Formación Técnica,Centros de Formación Técnica,Centros de Formación Técnica,426,CFT ESCUELA DE COMERCIO,1,CASA CENTRAL (SANTIAGO),7,CONTABILIDAD GENERAL,No Presencial,A Distancia,2,Plan Regular,5,1,5,Metropolitana,SANTIAGO,SANTIAGO,Pregrado,Técnico de Nivel Superior,Carreras Técnicas,Educación Media,VIGENTE CON ALUMNOS NUEVOS,Monto en Pesos,100000,1692000,,Administración y Comercio,"Ciencias Sociales, Enseñanza Comercial y Derecho",Enseñanza Comercial y Administración,Técnico en Contabilidad General,Administración de Empresas y Derecho,Educación Comercial y Administración,NO ACREDITADA,ACREDITADA,24/03/2021 - 24/03/2024,3.0,450000,0,1
2023,20138,I312S1C82J4V3,13528269.0,2,197405,40 y más años,2022,2,2022,2,Centros de Formación Técnica,Centros de Formación Técnica,Centros de Formación Técnica,312,CFT CENCO,1,CASA CENTRAL (SANTIAGO),82,TECNICO DE NIVEL SUPERIOR EN ADMINISTRACION PUBLICA,No Presencial,A Distancia,3,Plan Especial,4,1,5,Metropolitana,SANTIAGO,SANTIAGO,Pregrado,Técnico de Nivel Superior,Carreras Técnicas,Educación Media,VIGENTE SIN ALUMNOS NUEVOS,Monto en Pesos,76923,760008,,Ciencias Sociales,"Ciencias Sociales, Enseñanza Comercial y Derecho",Enseñanza Comercial y Administración,Técnico en Administración Pública o Municipal,Administración de Empresas y Derecho,Educación Comercial y Administración,NO ACREDITADA,ACREDITADA,12/10/2022 - 12/10/2025,3.0,150000,0,1
2023,191652,I312S1C82J4V3,20090641.0,2,199011,30 a 34 años,2022,2,2022,2,Centros de Formación Técnica,Centros de Formación Técnica,Centros de Formación Técnica,312,CFT CENCO,1,CASA CENTRAL (SANTIAGO),82,TECNICO DE NIVEL SUPERIOR EN ADMINISTRACION PUBLICA,No Presencial,A Distancia,3,Plan Especial,4,1,5,Metropolitana,SANTIAGO,SANTIAGO,Pregrado,Técnico de Nivel Superior,Carreras Técnicas,Educación Media,VIGENTE SIN ALUMNOS NUEVOS,Monto en Pesos,76923,760008,,Ciencias Sociales,"Ciencias Sociales, Enseñanza Comercial y Derecho",Enseñanza Comercial y Administración,Técnico en Administración Pública o Municipal,Administración de Empresas y Derecho,Educación Comercial y Administración,NO ACREDITADA,ACREDITADA,12/10/2022 - 12/10/2025,3.0,150000,0,1
2023,357919,I218S1C23J2V2,24104210.0,2,199705,25 a 29 años,2021,1,2021,1,Centros de Formación Técnica,Centros de Formación Técnica,Centros de Formación Técnica,218,CFT DE ENAC,1,CASA CENTRAL (SANTIAGO),23,TECNICO EN EDUCACION PARVULOS 1 Y 2 BASICO,Presencial,Vespertina,2,Plan Regular,5,0,5,Metropolitana,SANTIAGO,SANTIAGO,Pregrado,Técnico de Nivel Superior,Carreras Técnicas,Educación Media,VIGENTE CON ALUMNOS NUEVOS,Monto en Pesos,0,1707000,,Educación,Educación,Formación de Personal Docente y Ciencias de la Educación,Técnico Asistente del Educador de Párvulos,Educación,Educación,NO ACREDITADA,ACREDITADA,26/10/2022 - 26/10/2028,6.0,120000,0,1
2024,656503,I218S1C152J2V2,3870230.0,2,198503,35 a 39 años,2022,2,2022,2,Centros de Formación Técnica,Centros de Formación Técnica,Centros de Formación Técnica,218,CFT DE ENAC,1,CASA CENTRAL (SANTIAGO),152,TECNICO EN COSMETOLOGIA Y ESTETICA INTEGRAL,Presencial,Vespertina,2,Plan Regular,5,0,5,Metropolitana,SANTIAGO,SANTIAGO,Pregrado,Técnico de Nivel Superior,Carreras Técnicas,Educación Media,VIGENTE CON ALUMNOS NUEVOS,Monto en Pesos,0,2622000,,Arte y Arquitectura,Servicios,Servicios Personales,Técnico en Peluquería y Estética,Servicios,Servicios personales,NO ACREDITADA,ACREDITADA,26/10/2022 - 26/10/2028,6.0,120000,0,1
2023,675875,I218S1C10J1V2,16633665.0,2,200108,20 a 24 años,2021,1,2021,1,Centros de Formación Técnica,Centros de Formación Técnica,Centros de Formación Técnica,218,CFT DE ENAC,1,CASA CENTRAL (SANTIAGO),10,TECNICO EN ENFERMERIA,Presencial,Diurna,2,Plan Regular,5,0,5,Metropolitana,SANTIAGO,SANTIAGO,Pregrado,Técnico de Nivel Superior,Carreras Técnicas,Educación Media,VIGENTE CON ALUMNOS NUEVOS,Monto en Pesos,0,2204000,,Salud,Salud y Servicios Sociales,Medicina,Técnico en Enfermería,Salud y Bienestar,Salud,NO ACREDITADA,ACREDITADA,26/10/2022 - 26/10/2028,6.0,120000,0,1
2023,132721,I143S15C660J2V1,23646555.0,2,198802,35 a 39 años,2020,1,2020,1,Institutos Profesionales,Institutos Profesionales,Institutos Profesionales,143,IP AIEP,15,SEDE BARRIO UNIVERSITARIO,660,ADMINISTRACION PUBLICA,Presencial,Vespertina,1,Plan Regular,8,1,8,Metropolitana,SANTIAGO,SANTIAGO,Pregrado,Profesional Sin Licenciatura,Carreras Profesionales,Educación Media,VIGENTE CON ALUMNOS NUEVOS,Monto en Pesos,210000,2020000,,Ciencias Sociales,"Ciencias Sociales, Enseñanza Comercial y Derecho",Enseñanza Comercial y Administración,Administración Pública,Administración de Empresas y Derecho,Educación Comercial y Administración,NO ACREDITADA,ACREDITADA,23/11/2022 - 23/11/2027,5.0,210000,0,1
2023,360250,I143S15C665J2V1,13483448.0,1,199612,25 a 29 años,2023,1,2023,1,Institutos Profesionales,Institutos Profesionales,Institutos Profesionales,143,IP AIEP,15,SEDE BARRIO UNIVERSITARIO,665,INGENIERIA EN GESTION DE OPERACIONES LOGISTICAS,Presencial,Vespertina,1,Plan Regular,8,1,8,Metropolitana,SANTIAGO,SANTIAGO,Pregrado,Profesional Sin Licenciatura,Carreras Profesionales,Educación Media,VIGENTE CON ALUMNOS NUEVOS,Monto en Pesos,210000,2240000,,Administración y Comercio,"Ciencias Sociales, Enseñanza Comercial y Derecho",Enseñanza Comercial y Administración,Ingeniería en Logística,Administración de Empresas y Derecho,Educación Comercial y Administración,NO ACREDITADA,ACREDITADA,23/11/2022 - 23/11/2027,5.0,210000,0,1
2023,287516,I143S15C95J2V1,16335213.0,1,199502,25 a 29 años,2022,1,2022,1,Institutos Profesionales,Institutos Profesionales,Institutos Profesionales,143,IP AIEP,15,SEDE BARRIO UNIVERSITARIO,95,INGENIERIA EN ADMINISTRACION DE EMPRESAS,Presencial,Vespertina,1,Plan Regular,8,1,8,Metropolitana,SANTIAGO,SANTIAGO,Pregrado,Profesional Sin Licenciatura,Carreras Profesionales,Educación Media,VIGENTE CON ALUMNOS NUEVOS,Monto en Pesos,210000,2190000,,Administración y Comercio,"Ciencias Sociales, Enseñanza Comercial y Derecho",Enseñanza Comercial y Administración,Administración de Empresas e Ing. Asociadas,Administración de Empresas y Derecho,Educación Comercial y Administración,NO ACREDITADA,ACREDITADA,23/11/2022 - 23/11/2027,5.0,210000,0,1
2023,162232,I152S10C395J1V1,15441199.0,2,198907,30 a 34 años,2022,1,2022,1,Institutos Profesionales,Institutos Profesionales,Institutos Profesionales,152,IP LATINOAMERICANO DE COMERCIO EXTERIOR - IPLACEX,10,SEDE SANTIAGO,395,TECNICO EN EDUCACION PARVULARIA Y EDUCACION BASICA,Presencial,Diurna,1,Plan Regular,4,0,4,Metropolitana,SANTIAGO,SANTIAGO,Pregrado,Técnico de Nivel Superior,Carreras Técnicas,Educación Media,VIGENTE CON ALUMNOS NUEVOS,Monto en Pesos,122000,1429000,,Educación,Educación,Formación de Personal Docente y Ciencias de la Educación,Técnico Asistente del Educador de Párvulos,Educación,Educación,NO ACREDITADA,ACREDITADA,06/10/2021 - 06/10/2025,4.0,210000,0,1
2023,492764,I152S10C295J4V4,18788228.0,2,199809,20 a 24 años,2023,1,2023,1,Institutos Profesionales,Institutos Profesionales,Institutos Profesionales,152,IP LATINOAMERICANO DE COMERCIO EXTERIOR - IPLACEX,10,SEDE SANTIAGO,295,CONTABILIDAD,No Presencial,A Distancia,4,Plan Regular,4,0,4,Metropolitana,SANTIAGO,SANTIAGO,Pregrado,Técnico de Nivel Superior,Carreras Técnicas,Educación Media,VIGENTE CON ALUMNOS NUEVOS,Monto en Pesos,114000,1739000,,Administración y Comercio,"Ciencias Sociales, Enseñanza Comercial y Derecho",Enseñanza Comercial y Administración,Técnico en Contabilidad General,Administración de Empresas y Derecho,Educación Comercial y Administración,NO ACREDITADA,ACREDITADA,06/10/2021 - 06/10/2025,4.0,210000,0,1
2023,485784,I152S10C107J4V4,19813628.0,2,199812,20 a 24 años,2023,1,2023,1,Institutos Profesionales,Institutos Profesionales,Institutos Profesionales,152,IP LATINOAMERICANO DE COMERCIO EXTERIOR - IPLACEX,10,SEDE SANTIAGO,107,INGENIERIA EN ADMINISTRACION DE EMPRESAS,No Presencial,A Distancia,4,Plan Regular,8,0,8,Metropolitana,SANTIAGO,SANTIAGO,Pregrado,Profesional Sin Licenciatura,Carreras Profesionales,Educación Media,VIGENTE CON ALUMNOS NUEVOS,Monto en Pesos,129000,1947000,,Administración y Comercio,"Ciencias Sociales, Enseñanza Comercial y Derecho",Enseñanza Comercial y Administración,Administración de Empresas e Ing. Asociadas,Administración de Empresas y Derecho,Educación Comercial y Administración,NO ACREDITADA,ACREDITADA,06/10/2021 - 06/10/2025,4.0,210000,0,1
2023,1384598,I50S2C313J4V2,24375513.0,2,199509,25 a 29 años,2019,1,2019,1,Universidades,Universidades Privadas,Universidades Privadas,50,UNIVERSIDAD BERNARDO O'HIGGINS,2,CAMPUS RONDIZZONI,313,MAGISTER EN EDUCACION DIFERENCIAL CON MENCION DIFICULTADES ESPECIFICAS DEL APRENDIZAJE,No Presencial,A Distancia,2,Plan Regular,4,1,4,Metropolitana,SANTIAGO,SANTIAGO,Postgrado,Magister,Magister,Licenciatura,VIGENTE CON ALUMNOS NUEVOS,Monto en Pesos,160000,2443575,0.0,Educación,Educación,Formación de Personal Docente y Ciencias de la Educación,Magister en Educación,Educación,Educación,NO ACREDITADA,ACREDITADA,09/11/2022 - 09/11/2026,4.0,723000,0,1
2023,89723,I2S1C1J2V1,14566699.0,1,198405,35 a 39 años,2019,1,2019,1,Universidades,Universidades Privadas,Universidades Privadas,2,UNIVERSIDAD FINIS TERRAE,1,CASA CENTRAL (SANTIAGO),1,INGENIERIA COMERCIAL,Presencial,Vespertina,1,Plan Regular,10,0,10,Metropolitana,SANTIAGO,PROVIDENCIA,Pregrado,Profesional Con Licenciatura,Carreras Profesionales,Educación Media,VIGENTE CON ALUMNOS NUEVOS,Monto en Pesos,409000,4450000,0.0,Administración y Comercio,"Ciencias Sociales, Enseñanza Comercial y Derecho",Enseñanza Comercial y Administración,Ingeniería Comercial,Administración de Empresas y Derecho,Educación Comercial y Administración,NO ACREDITADA,ACREDITADA,19/11/2019 - 19/11/2023,4.0,280000,0,10
2024,640756,I19S1C10J4V1,1583490.0,2,198812,35 a 39 años,2021,1,2021,1,Universidades,Universidades Privadas,Universidades Privadas,19,UNIVERSIDAD DE LAS AMERICAS,1,CAMPUS PROVIDENCIA,10,INGENIERIA DE EJECUCION EN ADMINISTRACION DE EMPRESAS,No Presencial,A Distancia,1,Plan Regular,8,0,8,Metropolitana,SANTIAGO,PROVIDENCIA,Pregrado,Profesional Con Licenciatura,Carreras Profesionales,Educación Media,VIGENTE CON ALUMNOS NUEVOS,Monto en Pesos,200000,3500000,0.0,Administración y Comercio,"Ciencias Sociales, Enseñanza Comercial y Derecho",Enseñanza Comercial y Administración,Administración de Empresas e Ing. Asociadas,Administración de Empresas y Derecho,Educación Comercial y Administración,NO ACREDITADA,ACREDITADA,18/03/2023 - 18/03/2028,5.0,219646,0,1
2023,566628,I94S1C213J2V4,24672598.0,2,200008,20 a 24 años,2020,1,2020,1,Universidades,Universidades CRUCH,Universidades Privadas CRUCH,94,UNIVERSIDAD CATOLICA DE TEMUCO,1,CASA CENTRAL (TEMUCO),213,TECNICO UNIVERSITARIO EN ADMINISTRACION DE EMPRESAS,Presencial,Vespertina,4,Plan Regular,5,0,5,La Araucanía,CAUTIN,TEMUCO,Pregrado,Técnico de Nivel Superior,Carreras Técnicas,Educación Media,VIGENTE SIN ALUMNOS NUEVOS,Monto en Pesos,150000,1694000,0.0,Administración y Comercio,"Ciencias Sociales, Enseñanza Comercial y Derecho",Enseñanza Comercial y Administración,Técnico en Administración de Empresas,Administración de Empresas y Derecho,Educación Comercial y Administración,NO ACREDITADA,ACREDITADA,16/07/2019 - 16/07/2024,5.0,121882,0,10
2023,196136,I19S6C37J3V1,11504723.0,1,199107,30 a 34 años,2011,1,2011,1,Universidades,Universidades Privadas,Universidades Privadas,19,UNIVERSIDAD DE LAS AMERICAS,6,SEDE VIÑA DEL MAR,37,MEDICINA VETERINARIA,Semipresencial,Semipresencial,1,Plan Regular,10,0,10,Valparaíso,VALPARAISO,VIÑA DEL MAR,Pregrado,Profesional Con Licenciatura,Carreras Profesionales,Educación Media,VIGENTE CON ALUMNOS NUEVOS,Monto en Pesos,190000,4990000,0.0,Agropecuaria,Agricultura,Veterinaria,Medicina Veterinaria,"Agricultura, Silvicultura, Pesca y Veterinaria",Veterinaria,NO ACREDITADA,ACREDITADA,18/03/2023 - 18/03/2028,5.0,157763,0,1
2023,80690,I46S23C132J2V1,24109214.0,2,198307,35 a 39 años,2021,1,2021,1,Universidades,Universidades Privadas,Universidades Privadas,46,UNIVERSIDAD DE ACONCAGUA,23,SEDE RANCAGUA,132,PSICOLOGIA,Presencial,Vespertina,1,Plan Regular,10,0,10,Lib. Gral. B. O'Higgins,CACHAPOAL,RANCAGUA,Pregrado,Profesional Con Licenciatura,Carreras Profesionales,Educación Media,VIGENTE CON ALUMNOS NUEVOS,Monto en Pesos,152751,2812008,0.0,Ciencias Sociales,"Ciencias Sociales, Enseñanza Comercial y Derecho",Ciencias Sociales y del Comportamiento,Psicología,"Ciencias Sociales, Periodismo e Información",Ciencias Sociales y del Comportamiento,NO ACREDITADA,NO ACREDITADA,,,520000,0,1
2023,627054,I93S4C59J1V1,12393448.0,1,200011,20 a 24 años,2022,1,2022,1,Universidades,Universidades CRUCH,Universidades Privadas CRUCH,93,UNIVERSIDAD CATOLICA DE LA SANTISIMA CONCEPCION,4,IT SEDE CHILLAN,59,TECNICO UNIVERSITARIO EN ENFERMERIA,Presencial,Diurna,1,Plan Regular,5,1,5,Ñuble,DIGUILLIN,CHILLAN,Pregrado,Técnico de Nivel Superior,Carreras Técnicas,Educación Media,VIGENTE CON ALUMNOS NUEVOS,Monto en Pesos,60000,2300000,0.0,Salud,Salud y Servicios Sociales,Medicina,Técnico en Enfermería,Salud y Bienestar,Salud,NO ACREDITADA,ACREDITADA,03/03/2021 - 03/03/2026,5.0,61000,0,1
2023,905017,I4S9C4J1V1,16144733.0,2,200210,20 a 24 años,2022,1,2022,1,Universidades,Universidades Privadas,Universidades Privadas,4,UNIVERSIDAD CENTRAL DE CHILE,9,SUB-CAMPUS ALMAGRO NORTE,4,DERECHO,Presencial,Diurna,1,Plan Regular,10,0,10,Metropolitana,SANTIAGO,SANTIAGO,Pregrado,Profesional Con Licenciatura,Carreras Profesionales,Educación Media,VIGENTE CON ALUMNOS NUEVOS,Monto en Pesos,297000,5480000,51130.0,Derecho,"Ciencias Sociales, Enseñanza Comercial y Derecho",Derecho,Derecho,Administración de Empresas y Derecho,Derecho,ACREDITADA,ACREDITADA,13/01/2022 - 13/01/2026,4.0,319200,0,1
2023,1137459,I19S1C2J1V1,16064652.0,1,200407,15 a 19 años,2023,1,2023,1,Universidades,Universidades Privadas,Universidades Privadas,19,UNIVERSIDAD DE LAS AMERICAS,1,CAMPUS PROVIDENCIA,2,INGENIERIA COMERCIAL,Presencial,Diurna,1,Plan Regular,10,0,10,Metropolitana,SANTIAGO,PROVIDENCIA,Pregrado,Profesional Con Licenciatura,Carreras Profesionales,Educación Media,VIGENTE CON ALUMNOS NUEVOS,Monto en Pesos,190000,4290000,56114.0,Administración y Comercio,"Ciencias Sociales, Enseñanza Comercial y Derecho",Enseñanza Comercial y Administración,Ingeniería Comercial,Administración de Empresas y Derecho,Educación Comercial y Administración,NO ACREDITADA,ACREDITADA,18/03/2023 - 18/03/2028,5.0,157763,0,1
2023,291011,I19S1C21J1V1,22181784.0,1,199507,25 a 29 años,2019,1,2019,1,Universidades,Universidades Privadas,Universidades Privadas,19,UNIVERSIDAD DE LAS AMERICAS,1,CAMPUS PROVIDENCIA,21,ENFERMERIA,Presencial,Diurna,1,Plan Regular,10,0,10,Metropolitana,SANTIAGO,PROVIDENCIA,Pregrado,Profesional Con Licenciatura,Carreras Profesionales,Educación Media,VIGENTE CON ALUMNOS NUEVOS,Monto en Pesos,190000,5990000,56110.0,Salud,Salud y Servicios Sociales,Medicina,Enfermería,Salud y Bienestar,Salud,ACREDITADA,ACREDITADA,18/03/2023 - 18/03/2028,5.0,157763,0,1
2023,1025939,I19S1C13J1V1,16792776.0,2,200309,15 a 19 años,2023,1,2023,1,Universidades,Universidades Privadas,Universidades Privadas,19,UNIVERSIDAD DE LAS AMERICAS,1,CAMPUS PROVIDENCIA,13,ARQUITECTURA,Presencial,Diurna,1,Plan Regular,11,0,11,Metropolitana,SANTIAGO,PROVIDENCIA,Pregrado,Profesional Con Licenciatura,Carreras Profesionales,Educación Media,VIGENTE CON ALUMNOS NUEVOS,Monto en Pesos,190000,5490000,56104.0,Arte y Arquitectura,"Ingeniería, Industria y Construcción",Arquitectura y Construcción,Arquitectura,"Ingeniería, Industria y Construcción",Arquitectura y Construcción,NO ACREDITADA,ACREDITADA,18/03/2023 - 18/03/2028,5.0,157763,0,1
2023,794747,I94S1C1J1V1,14929095.0,2,200201,20 a 24 años,2021,1,2021,1,Universidades,Universidades CRUCH,Universidades Privadas CRUCH,94,UNIVERSIDAD CATOLICA DE TEMUCO,1,CASA CENTRAL (TEMUCO),1,AGRONOMIA,Presencial,Diurna,1,Plan Regular,10,0,10,La Araucanía,CAUTIN,TEMUCO,Pregrado,Profesional Con Licenciatura,Carreras Profesionales,Educación Media,VIGENTE CON ALUMNOS NUEVOS,Monto en Pesos,198000,4175000,37014.0,Agropecuaria,Agricultura,"Agricultura, Silvicultura y Pesca",Agronomía,"Agricultura, Silvicultura, Pesca y Veterinaria",Agricultura,NO ACREDITADA,ACREDITADA,16/07/2019 - 16/07/2024,5.0,121882,0,1
2024,127832,I82S1C21J1V1,1189136.0,2,200110,20 a 24 años,2020,1,2020,1,Universidades,Universidades CRUCH,Universidades Estatales CRUCH,82,UNIVERSIDAD METROPOLITANA DE CIENCIAS DE LA EDUCACION,1,CASA CENTRAL (SANTIAGO),21,LICENCIATURA EN EDUCACION CON MENCION EN HISTORIA O GEOGRAFIA Y PEDAGOGIA EN HISTORIA Y GEOGRAFIA,Presencial,Diurna,1,Plan Regular,10,2,10,Metropolitana,SANTIAGO,ÑUÑOA,Pregrado,Profesional Con Licenciatura,Carreras Profesionales,Educación Media,VIGENTE CON ALUMNOS NUEVOS,Monto en Pesos,184000,3350000,20076.0,Educación,Educación,Formación de Personal Docente y Ciencias de la Educación,"Pedagogía en Historia, Geografía y Ciencias Sociales",Educación,Educación,ACREDITADA,ACREDITADA,06/09/2023 - 06/09/2027,4.0,195000,0,1
2023,1201111,I82S1C3J1V1,17588774.0,2,200504,15 a 19 años,2023,1,2023,1,Universidades,Universidades CRUCH,Universidades Estatales CRUCH,82,UNIVERSIDAD METROPOLITANA DE CIENCIAS DE LA EDUCACION,1,CASA CENTRAL (SANTIAGO),3,LICENCIATURA EN EDUCACION Y PEDAGOGIA EN MUSICA,Presencial,Diurna,1,Plan Regular,10,2,10,Metropolitana,SANTIAGO,ÑUÑOA,Pregrado,Profesional Con Licenciatura,Carreras Profesionales,Educación Media,VIGENTE CON ALUMNOS NUEVOS,Monto en Pesos,175000,4090000,20011.0,Educación,Educación,Formación de Personal Docente y Ciencias de la Educación,Pedagogía en Artes y Música,Educación,Educación,ACREDITADA,ACREDITADA,30/12/2019 - 30/12/2022,3.0,195000,0,1
2024,719012,I3S1C12J1V1,2989247.0,1,199801,25 a 29 años,2018,1,2018,1,Universidades,Universidades CRUCH,Universidades Privadas CRUCH,3,UNIVERSIDAD DIEGO PORTALES,1,CASA CENTRAL (SANTIAGO),12,PSICOLOGIA,Presencial,Diurna,1,Plan Regular,10,0,10,Metropolitana,SANTIAGO,SANTIAGO,Pregrado,Profesional Con Licenciatura,Carreras Profesionales,Educación Media,VIGENTE CON ALUMNOS NUEVOS,Monto en Pesos,712000,7095000,38005.0,Ciencias Sociales,"Ciencias Sociales, Enseñanza Comercial y Derecho",Ciencias Sociales y del Comportamiento,Psicología,"Ciencias Sociales, Periodismo e Información",Ciencias Sociales y del Comportamiento,NO ACREDITADA,ACREDITADA,15/11/2023 - 15/11/2029,6.0,292000,0,1
2023,896473,I69S1C260J1V1,23804989.0,2,200209,20 a 24 años,2022,1,2022,1,Universidades,Universidades CRUCH,Universidades Privadas CRUCH,69,UNIVERSIDAD ALBERTO HURTADO,1,CASA CENTRAL (SANTIAGO),260,ANTROPOLOGIA,Presencial,Diurna,1,Plan Regular,10,2,10,Metropolitana,SANTIAGO,SANTIAGO,Pregrado,Profesional Con Licenciatura,Carreras Profesionales,Educación Media,VIGENTE CON ALUMNOS NUEVOS,Monto en Pesos,317000,4521000,45031.0,Ciencias Sociales,"Ciencias Sociales, Enseñanza Comercial y Derecho",Ciencias Sociales y del Comportamiento,Antropología,"Ciencias Sociales, Periodismo e Información",Ciencias Sociales y del Comportamiento,ACREDITADA,ACREDITADA,18/12/2019 - 18/12/2024,5.0,383000,0,1
2023,746557,I3S1C12J1V1,13572627.0,1,200107,20 a 24 años,2022,1,2022,1,Universidades,Universidades CRUCH,Universidades Privadas CRUCH,3,UNIVERSIDAD DIEGO PORTALES,1,CASA CENTRAL (SANTIAGO),12,PSICOLOGIA,Presencial,Diurna,1,Plan Regular,10,0,10,Metropolitana,SANTIAGO,SANTIAGO,Pregrado,Profesional Con Licenciatura,Carreras Profesionales,Educación Media,VIGENTE CON ALUMNOS NUEVOS,Monto en Pesos,671000,6687000,38005.0,Ciencias Sociales,"Ciencias Sociales, Enseñanza Comercial y Derecho",Ciencias Sociales y del Comportamiento,Psicología,"Ciencias Sociales, Periodismo e Información",Ciencias Sociales y del Comportamiento,NO ACREDITADA,ACREDITADA,24/10/2018 - 24/10/2023,5.0,280000,0,1
2023,601014,I895S1C6J1V1,24785620.0,2,200006,20 a 24 años,2018,1,2022,1,Universidades,Universidades CRUCH,Universidades Estatales CRUCH,895,UNIVERSIDAD DE O'HIGGINS,1,SEDE RANCAGUA,6,PEDAGOGIA EN EDUCACION BASICA,Presencial,Diurna,1,Plan Regular,10,1,10,Lib. Gral. B. O'Higgins,CACHAPOAL,RANCAGUA,Pregrado,Profesional Con Licenciatura,Carreras Profesionales,Educación Media,VIGENTE CON ALUMNOS NUEVOS,Monto en Pesos,267000,3188000,47002.0,Educación,Educación,Formación de Personal Docente y Ciencias de la Educación,Pedagogía en Educación Básica,Educación,Educación,ACREDITADA,ACREDITADA,19/04/2023 - 19/04/2027,4.0,0,0,3
2023,1018955,I45S1C2J1V1,15709562.0,2,200308,15 a 19 años,2023,1,2023,1,Universidades,Universidades Privadas,Universidades Privadas,45,UNIVERSIDAD DEL DESARROLLO,1,CASA CENTRAL (CONCEPCION),2,INGENIERIA COMERCIAL,Presencial,Diurna,1,Plan Regular,10,0,10,Biobío,CONCEPCION,CONCEPCION,Pregrado,Profesional Con Licenciatura,Carreras Profesionales,Educación Media,VIGENTE CON ALUMNOS NUEVOS,Monto en UF,17,203,44028.0,Administración y Comercio,"Ciencias Sociales, Enseñanza Comercial y Derecho",Enseñanza Comercial y Administración,Ingeniería Comercial,Administración de Empresas y Derecho,Educación Comercial y Administración,NO ACREDITADA,ACREDITADA,16/12/2021 - 16/12/2027,6.0,0,0,1
2023,355521,I39S2C55J1V1,22859303.0,1,199701,25 a 29 años,2023,1,2023,1,Universidades,Universidades Privadas,Universidades Privadas,39,UNIVERSIDAD SAN SEBASTIAN,2,SEDE CONCEPCION,55,ADMINISTRACION PUBLICA,Presencial,Diurna,1,Plan Regular,10,1,10,Biobío,CONCEPCION,CONCEPCION,Pregrado,Profesional Con Licenciatura,Carreras Profesionales,Educación Media,VIGENTE CON ALUMNOS NUEVOS,Monto en Pesos,156200,3709300,50132.0,Ciencias Sociales,"Ciencias Sociales, Enseñanza Comercial y Derecho",Enseñanza Comercial y Administración,Administración Pública,Administración de Empresas y Derecho,Educación Comercial y Administración,NO ACREDITADA,ACREDITADA,28/10/2021 - 28/10/2026,5.0,0,0,1
2023,1045562,I39S8C45J1V1,12282518.0,1,200310,15 a 19 años,2022,1,2022,1,Universidades,Universidades Privadas,Universidades Privadas,39,UNIVERSIDAD SAN SEBASTIAN,8,SEDE PATAGONIA (PUERTO MONTT),45,INGENIERIA CIVIL INDUSTRIAL,Presencial,Diurna,1,Plan Regular,10,1,10,Los Lagos,LLANQUIHUE,PUERTO MONTT,Pregrado,Profesional Con Licenciatura,Carreras Profesionales,Educación Media,VIGENTE CON ALUMNOS NUEVOS,Monto en Pesos,228300,5451600,50206.0,Tecnología,"Ingeniería, Industria y Construcción",Ingeniería y Profesiones Afines,Ingeniería Civil Industrial,"Ingeniería, Industria y Construcción",Ingeniería y Profesiones Afines,NO ACREDITADA,ACREDITADA,28/10/2021 - 28/10/2026,5.0,0,0,1
2023,783327,I39S2C145J1V1,13816984.0,2,200206,20 a 24 años,2021,1,2021,1,Universidades,Universidades Privadas,Universidades Privadas,39,UNIVERSIDAD SAN SEBASTIAN,2,SEDE CONCEPCION,145,OBSTETRICIA,Presencial,Diurna,1,Plan Regular,10,1,10,Biobío,CONCEPCION,CONCEPCION,Pregrado,Profesional Con Licenciatura,Carreras Profesionales,Educación Media,VIGENTE CON ALUMNOS NUEVOS,Monto en Pesos,228300,5559900,50127.0,Salud,Salud y Servicios Sociales,Medicina,Obstetricia y Puericultura,Salud y Bienestar,Salud,NO ACREDITADA,ACREDITADA,28/10/2021 - 28/10/2026,5.0,0,0,1
2024,393587,I86S5C301J1V1,2916800.0,1,200404,20 a 24 años,2023,1,2023,1,Universidades,Universidades CRUCH,Universidades Privadas CRUCH,86,PONTIFICIA UNIVERSIDAD CATOLICA DE CHILE,5,CAMPUS SAN JOAQUIN,301,COLLEGE CIENCIAS NATURALES Y MATEMATICAS (LICENCIATURA),Presencial,Diurna,1,Plan Regular,8,0,8,Metropolitana,SANTIAGO,MACUL,Pregrado,"Bachillerato, Ciclo Inicial o Plan Común",Carreras Profesionales,Educación Media,VIGENTE CON ALUMNOS NUEVOS,Monto en Pesos,176300,8384000,12027.0,Ciencias Básicas,Ciencias,Ciencias de la Vida,Bachillerato y/o Licenciatura en Ciencias Básicas,"Ciencias naturales, matemáticas y estadística","Ciencias Naturales, Matemáticas y Estadísticas sin mayor definición",NO ACREDITADA,ACREDITADA,01/12/2018 - 01/12/2025,7.0,0,0,1
2023,960160,I10S6C22J1V1,17231576.0,2,200303,20 a 24 años,2023,1,2023,1,Universidades,Universidades Privadas,Universidades Privadas,10,UNIVERSIDAD MAYOR,6,SEDE HUECHURABA,22,OBSTETRICIA Y PUERICULTURA,Presencial,Diurna,1,Plan Regular,10,0,10,Metropolitana,SANTIAGO,HUECHURABA,Pregrado,Profesional Con Licenciatura,Carreras Profesionales,Educación Media,VIGENTE CON ALUMNOS NUEVOS,Monto en Pesos,556000,6277320,39121.0,Salud,Salud y Servicios Sociales,Medicina,Obstetricia y Puericultura,Salud y Bienestar,Salud,ACREDITADA,ACREDITADA,27/10/2021 - 27/10/2026,5.0,0,0,1
2023,463408,I4S1C104J1V1,18337882.0,2,199810,20 a 24 años,2018,1,2018,1,Universidades,Universidades Privadas,Universidades Privadas,4,UNIVERSIDAD CENTRAL DE CHILE,1,SANTIAGO,104,NUTRICION Y DIETETICA,Presencial,Diurna,1,Plan Regular,10,0,10,Metropolitana,SANTIAGO,SANTIAGO,Pregrado,Profesional Con Licenciatura,Carreras Profesionales,Educación Media,VIGENTE CON ALUMNOS NUEVOS,Monto en Pesos,297000,4830000,51153.0,Salud,Salud y Servicios Sociales,Medicina,Nutrición y Dietética,Salud y Bienestar,Salud,NO ACREDITADA,ACREDITADA,13/01/2022 - 13/01/2026,4.0,0,0,1
2023,371772,I4S9C52J1V1,11542711.0,1,199711,25 a 29 años,2019,1,2019,1,Universidades,Universidades Privadas,Universidades Privadas,4,UNIVERSIDAD CENTRAL DE CHILE,9,SUB-CAMPUS ALMAGRO NORTE,52,PERIODISMO,Presencial,Diurna,1,Plan Regular,10,0,10,Metropolitana,SANTIAGO,SANTIAGO,Pregrado,Profesional Con Licenciatura,Carreras Profesionales,Educación Media,VIGENTE CON ALUMNOS NUEVOS,Monto en Pesos,297000,4540000,51120.0,Ciencias Sociales,"Ciencias Sociales, Enseñanza Comercial y Derecho",Periodismo e Información,Periodismo,"Ciencias Sociales, Periodismo e Información",Periodismo e Información,NO ACREDITADA,ACREDITADA,13/01/2022 - 13/01/2026,4.0,0,0,1
2023,704468,I4S9C503J1V1,13334330.0,2,200101,20 a 24 años,2019,1,2019,1,Universidades,Universidades Privadas,Universidades Privadas,4,UNIVERSIDAD CENTRAL DE CHILE,9,SUB-CAMPUS ALMAGRO NORTE,503,ENFERMERIA,Presencial,Diurna,1,Plan Regular,10,0,10,Metropolitana,SANTIAGO,SANTIAGO,Pregrado,Profesional Con Licenciatura,Carreras Profesionales,Educación Media,VIGENTE CON ALUMNOS NUEVOS,Monto en Pesos,297000,5320000,51150.0,Salud,Salud y Servicios Sociales,Medicina,Enfermería,Salud y Bienestar,Salud,ACREDITADA,ACREDITADA,13/01/2022 - 13/01/2026,4.0,0,0,1
2023,1053029,I39S6C17J1V1,21773595.0,2,200310,15 a 19 años,2022,1,2022,1,Universidades,Universidades Privadas,Universidades Privadas,39,UNIVERSIDAD SAN SEBASTIAN,6,SEDE SANTIAGO,17,MEDICINA VETERINARIA,Presencial,Diurna,1,Plan Regular,10,1,10,Metropolitana,SANTIAGO,SANTIAGO,Pregrado,Profesional Con Licenciatura,Carreras Profesionales,Educación Media,VIGENTE CON ALUMNOS NUEVOS,Monto en Pesos,228300,5431400,50833.0,Agropecuaria,Agricultura,Veterinaria,Medicina Veterinaria,"Agricultura, Silvicultura, Pesca y Veterinaria",Veterinaria,ACREDITADA,ACREDITADA,28/10/2021 - 28/10/2026,5.0,0,0,1
2023,498028,I86S4C31J1V1,12332425.0,2,199906,20 a 24 años,2018,1,2018,1,Universidades,Universidades CRUCH,Universidades Privadas CRUCH,86,PONTIFICIA UNIVERSIDAD CATOLICA DE CHILE,4,SEDE LO CONTADOR,31,DISEÑO,Presencial,Diurna,1,Plan Regular,10,0,10,Metropolitana,SANTIAGO,PROVIDENCIA,Pregrado,Profesional Con Licenciatura,Carreras Profesionales,Educación Media,VIGENTE CON ALUMNOS NUEVOS,Monto en Pesos,167500,6806000,12006.0,Arte y Arquitectura,Humanidades y Artes,Artes,Diseño,Artes y Humanidades,Artes,NO ACREDITADA,ACREDITADA,01/12/2018 - 01/12/2025,7.0,0,0,1
2023,1251909,I86S5C70J1V1,24211944.0,1,196610,40 y más años,2019,1,2019,1,Universidades,Universidades CRUCH,Universidades Privadas CRUCH,86,PONTIFICIA UNIVERSIDAD CATOLICA DE CHILE,5,CAMPUS SAN JOAQUIN,70,HISTORIA,Presencial,Diurna,1,Plan Regular,8,0,8,Metropolitana,SANTIAGO,MACUL,Pregrado,Licenciatura No Conducente a Título,Carreras Profesionales,Educación Media,VIGENTE CON ALUMNOS NUEVOS,Monto en Pesos,167500,4766000,12035.0,Ciencias Sociales,Humanidades y Artes,Humanidades,Historia,Artes y Humanidades,Humanidades,NO ACREDITADA,ACREDITADA,01/12/2018 - 01/12/2025,7.0,0,0,1
2023,689947,I86S5C200J1V1,15696668.0,2,200102,20 a 24 años,2020,1,2020,1,Universidades,Universidades CRUCH,Universidades Privadas CRUCH,86,PONTIFICIA UNIVERSIDAD CATOLICA DE CHILE,5,CAMPUS SAN JOAQUIN,200,PSICOLOGIA,Presencial,Diurna,1,Plan Regular,10,0,10,Metropolitana,SANTIAGO,MACUL,Pregrado,Profesional Con Licenciatura,Carreras Profesionales,Educación Media,VIGENTE CON ALUMNOS NUEVOS,Monto en Pesos,167500,6990000,12017.0,Ciencias Sociales,"Ciencias Sociales, Enseñanza Comercial y Derecho",Ciencias Sociales y del Comportamiento,Psicología,"Ciencias Sociales, Periodismo e Información",Ciencias Sociales y del Comportamiento,ACREDITADA,ACREDITADA,01/12/2018 - 01/12/2025,7.0,0,0,1
2023,1307224,I45S4C673J1V1,13223570.0,2,199202,30 a 34 años,2023,1,2023,1,Universidades,Universidades Privadas,Universidades Privadas,45,UNIVERSIDAD DEL DESARROLLO,4,SEDE SANTIAGO (S.C. APOQUINDO),673,MAGISTER EN DERECHO AMBIENTAL,Presencial,Diurna,1,Plan Regular,4,1,4,Metropolitana,SANTIAGO,LAS CONDES,Postgrado,Magister,Magister,Licenciatura,VIGENTE CON ALUMNOS NUEVOS,Monto en UF,6,115,0.0,Derecho,"Ciencias Sociales, Enseñanza Comercial y Derecho",Derecho,Magister en Derecho,Administración de Empresas y Derecho,Derecho,NO ACREDITADA,ACREDITADA,16/12/2021 - 16/12/2027,6.0,0,0,1
2023,84599,I86S5C193J1V1,10761597.0,2,198308,35 a 39 años,1900,0,2023,1,Universidades,Universidades CRUCH,Universidades Privadas CRUCH,86,PONTIFICIA UNIVERSIDAD CATOLICA DE CHILE,5,CAMPUS SAN JOAQUIN,193,PROGRAMA DE FORMACION PEDAGOGICA PARA LICENCIADOS,Presencial,Diurna,1,Plan Regular de Continuidad,2,0,2,Metropolitana,SANTIAGO,MACUL,Pregrado,Profesional Con Licenciatura,Carreras Profesionales,Licenciatura,VIGENTE CON ALUMNOS NUEVOS,Monto en Pesos,167500,5416000,0.0,Educación,Educación,Formación de Personal Docente y Ciencias de la Educación,Programas de Formación Pedagógica,Educación,Educación,ACREDITADA,ACREDITADA,01/12/2018 - 01/12/2025,7.0,0,0,4
2023,1390421,I3S1C297J1V2,21285051.0,2,199405,25 a 29 años,2022,1,2022,1,Universidades,Universidades CRUCH,Universidades Privadas CRUCH,3,UNIVERSIDAD DIEGO PORTALES,1,CASA CENTRAL (SANTIAGO),297,ESPECIALIZACION EN PSIQUIATRIA Y SALUD MENTAL,Presencial,Diurna,2,Plan Regular,6,0,6,Metropolitana,SANTIAGO,SANTIAGO,Postítulo,Especialidad Médica U Odontológica,Postítulo,Título Profesional,VIGENTE CON ALUMNOS NUEVOS,Monto en Pesos,500000,7724536,0.0,Salud,Salud y Servicios Sociales,Medicina,Postítulo en Salud,Salud y Bienestar,Salud,NO ACREDITADA,ACREDITADA,24/10/2018 - 24/10/2023,5.0,0,0,10
2023,1349325,I20S1C453J1V1,11772061.0,2,198104,40 y más años,2023,1,2023,1,Universidades,Universidades Privadas,Universidades Privadas,20,UNIVERSIDAD ANDRES BELLO,1,CASA CENTRAL (SANTIAGO),453,PROGRAMA DE FORMACION DE ESPECIALISTA EN ANESTESIOLOGIA Y REANIMACION,Presencial,Diurna,1,Plan Regular,6,0,6,Metropolitana,SANTIAGO,SANTIAGO,Postítulo,Especialidad Médica U Odontológica,Postítulo,Título Profesional,VIGENTE CON ALUMNOS NUEVOS,Monto en Pesos,715000,9520000,0.0,Salud,Salud y Servicios Sociales,Medicina,Postítulo en Salud,Salud y Bienestar,Salud,NO ACREDITADA,ACREDITADA,25/12/2022 - 25/12/2028,6.0,0,0,1
2023,1390738,I3S1C527J4V1,14442385.0,2,198912,30 a 34 años,2023,1,2023,1,Universidades,Universidades CRUCH,Universidades Privadas CRUCH,3,UNIVERSIDAD DIEGO PORTALES,1,CASA CENTRAL (SANTIAGO),527,DIPLOMADO EN IMPLEMENTACION Y GESTION DEL COMPLIANCE CON PERSPECTIVA ESG,No Presencial,A Distancia,1,Plan Regular,2,0,2,Metropolitana,SANTIAGO,SANTIAGO,Postítulo,Diplomado (desde un semestre),Postítulo,Título Profesional,VIGENTE CON ALUMNOS NUEVOS,Monto en Pesos,0,2000000,0.0,Derecho,"Ciencias Sociales, Enseñanza Comercial y Derecho",Derecho,Postítulo en Derecho,Administración de Empresas y Derecho,Derecho,NO ACREDITADA,ACREDITADA,24/10/2018 - 24/10/2023,5.0,0,0,10
2023,1308212,I34S1C542J3V1,23089080.0,2,199402,25 a 29 años,2023,1,2023,1,Universidades,Universidades CRUCH,Universidades Privadas CRUCH,34,UNIVERSIDAD DE LOS ANDES,1,CASA CENTRAL (SANTIAGO),542,DIPLOMADO EN MANEJO DE SITUACIONES CRITICAS EN SALUD MENTAL: HERRAMIENTAS PARA LOS PROFESIONALES DE SALUD,Semipresencial,Semipresencial,1,Plan Regular,2,0,2,Metropolitana,SANTIAGO,LAS CONDES,Postítulo,Diplomado (desde un semestre),Postítulo,Título Profesional,VIGENTE CON ALUMNOS NUEVOS,Monto en UF,0,50,0.0,Salud,Salud y Servicios Sociales,Medicina,Postítulo en Salud,Salud y Bienestar,Salud,NO ACREDITADA,ACREDITADA,14/12/2022 - 14/12/2028,6.0,0,0,1
2024,2051723,I34S1C595J4V1,2415743.0,1,198804,35 a 39 años,2024,1,2024,1,Universidades,Universidades CRUCH,Universidades Privadas CRUCH,34,UNIVERSIDAD DE LOS ANDES,1,CASA CENTRAL (SANTIAGO),595,DIPLOMADO EN DERECHO CORPORATIVO Y COMPLIANCE,No Presencial,A Distancia,1,Plan Regular,2,0,2,Metropolitana,SANTIAGO,LAS CONDES,Postítulo,Diplomado (desde un semestre),Postítulo,Título Profesional,VIGENTE CON ALUMNOS NUEVOS,Monto en UF,0,50,0.0,Derecho,"Ciencias Sociales, Enseñanza Comercial y Derecho",Derecho,Postítulo en Derecho,Administración de Empresas y Derecho,Derecho,NO ACREDITADA,ACREDITADA,14/12/2022 - 14/12/2028,6.0,0,0,1
2023,1324449,I45S4C923J4V1,14061206.0,1,198001,40 y más años,2022,2,2022,2,Universidades,Universidades Privadas,Universidades Privadas,45,UNIVERSIDAD DEL DESARROLLO,4,SEDE SANTIAGO (S.C. APOQUINDO),923,DIPLOMADO EN GESTION PUBLICA,No Presencial,A Distancia,1,Plan Regular,2,0,2,Metropolitana,SANTIAGO,LAS CONDES,Postítulo,Diplomado (desde un semestre),Postítulo,Licenciatura,VIGENTE CON ALUMNOS NUEVOS,Monto en Pesos,0,1080000,0.0,Ciencias Sociales,"Ciencias Sociales, Enseñanza Comercial y Derecho",Enseñanza Comercial y Administración,Postítulo en Ciencias Sociales,Administración de Empresas y Derecho,Educación Comercial y Administración,NO ACREDITADA,ACREDITADA,16/12/2021 - 16/12/2027,6.0,0,0,1
2024,2087874,I86S5C957J1V1,2204296.0,2,196612,40 y más años,2024,1,2024,1,Universidades,Universidades CRUCH,Universidades Privadas CRUCH,86,PONTIFICIA UNIVERSIDAD CATOLICA DE CHILE,5,CAMPUS SAN JOAQUIN,957,DIPLOMADO EN SEGUIMIENTO FARMACOTERAPEUTICO PARA ATENCION PRIMARIA DE SALUD,Presencial,Diurna,1,Plan Regular,1,0,1,Metropolitana,SANTIAGO,MACUL,Postítulo,Diplomado (desde un semestre),Postítulo,Título Profesional,VIGENTE CON ALUMNOS NUEVOS,Monto en Pesos,0,0,0.0,Salud,Salud y Servicios Sociales,Medicina,Postítulo en Salud,Salud y Bienestar,Salud,NO ACREDITADA,ACREDITADA,01/12/2018 - 01/12/2025,7.0,0,0,1
2023,1375046,I86S1C17J2V1,14039354.0,2,199903,20 a 24 años,2023,1,2023,1,Universidades,Universidades CRUCH,Universidades Privadas CRUCH,86,PONTIFICIA UNIVERSIDAD CATOLICA DE CHILE,1,CASA CENTRAL,17,DIPLOMADO EN ANTROPOLOGIA Y CREACION AUDIOVISUAL,Presencial,Vespertina,1,Plan Regular,2,0,2,Metropolitana,SANTIAGO,SANTIAGO,Postítulo,Diplomado (desde un semestre),Postítulo,Título Profesional,VIGENTE CON ALUMNOS NUEVOS,Monto en Pesos,0,0,0.0,Ciencias Sociales,"Ciencias Sociales, Enseñanza Comercial y Derecho",Ciencias Sociales y del Comportamiento,Postítulo en Ciencias Sociales,"Ciencias Sociales, Periodismo e Información",Ciencias Sociales y del Comportamiento,NO ACREDITADA,ACREDITADA,01/12/2018 - 01/12/2025,7.0,0,0,1
2024,2103655,I86S1C1157J4V1,4587120.0,1,199708,25 a 29 años,2024,1,2024,1,Universidades,Universidades CRUCH,Universidades Privadas CRUCH,86,PONTIFICIA UNIVERSIDAD CATOLICA DE CHILE,1,CASA CENTRAL,1157,DIPLOMADO EN ANALISIS FINANCIERO,No Presencial,A Distancia,1,Plan Regular,2,0,2,Metropolitana,SANTIAGO,SANTIAGO,Postítulo,Diplomado (desde un semestre),Postítulo,Título Profesional,VIGENTE CON ALUMNOS NUEVOS,Monto en Pesos,0,0,0.0,Administración y Comercio,"Ciencias Sociales, Enseñanza Comercial y Derecho",Enseñanza Comercial y Administración,Postítulo en Administración y Comercio,Administración de Empresas y Derecho,Educación Comercial y Administración,NO ACREDITADA,ACREDITADA,01/12/2018 - 01/12/2025,7.0,0,0,1
2024,2077054,I78S1C159J1V1,3123238.0,1,198007,40 y más años,2023,1,2023,1,Universidades,Universidades CRUCH,Universidades Estatales CRUCH,78,UNIVERSIDAD DE TALCA,1,CASA CENTRAL (TALCA),159,MAGISTER EN GESTION AMBIENTAL TERRITORIAL,Presencial,Diurna,1,Plan Regular,4,0,4,Maule,TALCA,TALCA,Postgrado,Magister,Magister,Licenciatura,VIGENTE CON ALUMNOS NUEVOS,Monto en Pesos,166933,2475000,0.0,Tecnología,Servicios,Protección del Medio Ambiente,Magister en Tecnología,"Ingeniería, Industria y Construcción",Ingeniería y Profesiones Afines,ACREDITADA,ACREDITADA,27/11/2019 - 27/11/2025,6.0,0,0,1
2023,1372891,I87S1C586J2V1,12167960.0,2,198705,35 a 39 años,2022,2,2022,2,Universidades,Universidades CRUCH,Universidades Privadas CRUCH,87,UNIVERSIDAD DE CONCEPCION,1,CASA CENTRAL,586,DIPLOMADO EN INGLES PARA EDUCADORES DE PARVULOS Y PROFESORES DE PRIMER CICLO BASICO,Presencial,Vespertina,1,Plan Regular,1,1,2,Biobío,CONCEPCION,CONCEPCION,Postítulo,Diplomado (desde un semestre),Postítulo,Licenciatura,VIGENTE CON ALUMNOS NUEVOS,Monto en Pesos,162000,1300000,0.0,Educación,Educación,Formación de Personal Docente y Ciencias de la Educación,Postítulo en Educación,Educación,Educación,NO ACREDITADA,ACREDITADA,11/11/2016 - 11/11/2023,7.0,53500,57500,1
2024,2065124,I87S1C703J1V1,4353909.0,1,199308,30 a 34 años,2023,1,2023,1,Universidades,Universidades CRUCH,Universidades Privadas CRUCH,87,UNIVERSIDAD DE CONCEPCION,1,CASA CENTRAL,703,MAGISTER EN CONSTRUCCION INDUSTRIALIZADA EN MADERA,Presencial,Diurna,1,Plan Regular,4,0,4,Biobío,CONCEPCION,CONCEPCION,Postgrado,Magister,Magister,Licenciatura,VIGENTE CON ALUMNOS NUEVOS,Monto en Pesos,292000,4995000,0.0,Tecnología,"Ingeniería, Industria y Construcción",Arquitectura y Construcción,Magister en Tecnología,"Ingeniería, Industria y Construcción",Arquitectura y Construcción,NO ACREDITADA,ACREDITADA,22/11/2023 - 22/11/2030,7.0,60000,60000,1
2023,443813,I88S2C68J1V3,24289228.0,1,199902,20 a 24 años,2023,1,2023,1,Universidades,Universidades CRUCH,Universidades Privadas CRUCH,88,UNIVERSIDAD TECNICA FEDERICO SANTA MARIA,2,SEDE VIÑA DEL MAR - JOSE MIGUEL CARRERA,68,TECNICO UNIVERSITARIO EN ELECTRONICA,Presencial,Diurna,3,Plan Regular,4,0,4,Valparaíso,VALPARAISO,VIÑA DEL MAR,Pregrado,Técnico de Nivel Superior,Carreras Técnicas,Educación Media,VIGENTE CON ALUMNOS NUEVOS,Monto en Pesos,229000,2690000,15435.0,Tecnología,"Ingeniería, Industria y Construcción",Ingeniería y Profesiones Afines,Técnico en Electrónica y Electrónica Industrial,"Ingeniería, Industria y Construcción",Ingeniería y Profesiones Afines,ACREDITADA,ACREDITADA,30/12/2022 - 30/12/2028,6.0,110000,3600,10
2023,146882,I902S1C9J2V1,18035975.0,2,198808,30 a 34 años,1900,0,2021,1,Centros de Formación Técnica,Centros de Formación Técnica,Centros de Formación Técnica Estatales,902,CFT DE LA REGION DE ARICA Y PARINACOTA,1,CAMPUS LAS ACACIAS,9,TECNICO DE NIVEL SUPERIOR EN EDUCACION ESPECIAL,Presencial,Vespertina,1,Plan Regular,5,1,5,Arica y Parinacota,ARICA,ARICA,Pregrado,Técnico de Nivel Superior,Carreras Técnicas,Educación Media,VIGENTE CON ALUMNOS NUEVOS,Monto en Pesos,0,1599377,,Educación,Educación,Formación de Personal Docente y Ciencias de la Educación,Técnico Asistente del Educador Diferencial,Educación,Educación,NO ACREDITADA,BAJO TUTELA,,,20000,30000,4
2023,104653,I11S1C1J2V1,11174269.0,2,198506,35 a 39 años,2020,1,2020,1,Universidades,Universidades Privadas,Universidades Privadas,11,UNIVERSIDAD ACADEMIA DE HUMANISMO CRISTIANO,1,CASA CENTRAL (CONDELL),1,ADMINISTRACION PUBLICA,Presencial,Vespertina,1,Plan Regular,10,1,10,Metropolitana,SANTIAGO,PROVIDENCIA,Pregrado,Profesional Con Licenciatura,Carreras Profesionales,Educación Media,VIGENTE CON ALUMNOS NUEVOS,Monto en Pesos,205000,3491000,0.0,Ciencias Sociales,"Ciencias Sociales, Enseñanza Comercial y Derecho",Enseñanza Comercial y Administración,Administración Pública,Administración de Empresas y Derecho,Educación Comercial y Administración,NO ACREDITADA,ACREDITADA,10/08/2022 - 10/08/2026,4.0,314000,20000,10
2023,579521,I42S1C264J1V1,12257876.0,2,200001,20 a 24 años,2019,1,2019,1,Universidades,Universidades Privadas,Universidades Privadas,42,UNIVERSIDAD CATOLICA CARDENAL RAUL SILVA HENRIQUEZ,1,CASA CENTRAL (SANTIAGO),264,FONOAUDIOLOGIA,Presencial,Diurna,1,Plan Regular,10,0,10,Metropolitana,SANTIAGO,SANTIAGO,Pregrado,Profesional Con Licenciatura,Carreras Profesionales,Educación Media,VIGENTE CON ALUMNOS NUEVOS,Monto en Pesos,348000,3936000,46402.0,Salud,Salud y Servicios Sociales,Medicina,Fonoaudiología,Salud y Bienestar,Salud,NO ACREDITADA,ACREDITADA,20/10/2021 - 20/10/2025,4.0,384200,40300,7
2023,273338,I280S13C22J1V2,23538327.0,2,199410,25 a 29 años,2023,1,2023,1,Centros de Formación Técnica,Centros de Formación Técnica,Centros de Formación Técnica,280,CFT LOS LAGOS,13,SEDE TEMUCO,22,TECNICO EN ENFERMERIA,Presencial,Diurna,2,Plan Regular,5,1,5,La Araucanía,CAUTIN,TEMUCO,Pregrado,Técnico de Nivel Superior,Carreras Técnicas,Educación Media,VIGENTE CON ALUMNOS NUEVOS,Monto en Pesos,0,1690000,,Salud,Salud y Servicios Sociales,Medicina,Técnico en Enfermería,Salud y Bienestar,Salud,NO ACREDITADA,NO ACREDITADA,,,328000,93000,1
2024,1288802,I152S10C281J4V1,3250355.0,2,199008,30 a 34 años,2019,1,2019,1,Institutos Profesionales,Institutos Profesionales,Institutos Profesionales,152,IP LATINOAMERICANO DE COMERCIO EXTERIOR - IPLACEX,10,SEDE SANTIAGO,281,TECNICO EN EDUCACION PARVULARIA,No Presencial,A Distancia,1,Plan Regular,5,1,5,Metropolitana,SANTIAGO,SANTIAGO,Pregrado,Técnico de Nivel Superior,Carreras Técnicas,Educación Media,VIGENTE SIN ALUMNOS NUEVOS,Monto en Pesos,120000,1396000,,Educación,Educación,Formación de Personal Docente y Ciencias de la Educación,Técnico Asistente del Educador de Párvulos,Educación,Educación,NO ACREDITADA,ACREDITADA,06/10/2021 - 06/10/2025,4.0,210000,13600,1
2024,1183565,I85S4C201J1V1,3195574.0,1,199001,30 a 34 años,2008,1,2008,1,Universidades,Universidades CRUCH,Universidades Estatales CRUCH,85,UNIVERSIDAD TECNOLOGICA METROPOLITANA,4,SEDE MACUL,201,INGENIERIA CIVIL EN COMPUTACION MENCION INFORMATICA,Presencial,Diurna,1,Plan Regular,12,2,12,Metropolitana,SANTIAGO,ÑUÑOA,Pregrado,Profesional Con Licenciatura,Carreras Profesionales,Educación Media,VIGENTE SIN ALUMNOS NUEVOS,Monto en Pesos,80000,4400000,0.0,Tecnología,Ciencias,Informática,Ingeniería Civil en Computación e Informática,Tecnología de la Información y la Comunicación (TIC),Tecnología de la Información y la Comunicación (TIC),NO ACREDITADA,ACREDITADA,01/09/2021 - 01/09/2025,4.0,43000,152500,1
2023,850562,I9S9C32J1V1,10864447.0,1,200204,20 a 24 años,2022,1,2022,1,Universidades,Universidades Privadas,Universidades Privadas,9,UNIVERSIDAD DEL ALBA,9,SEDE CHILLAN,32,KINESIOLOGIA,Presencial,Diurna,1,Plan Regular,10,2,10,Ñuble,DIGUILLIN,CHILLAN,Pregrado,Profesional Con Licenciatura,Carreras Profesionales,Educación Media,VIGENTE CON ALUMNOS NUEVOS,Monto en Pesos,139000,3538000,0.0,Salud,Salud y Servicios Sociales,Medicina,Kinesiología,Salud y Bienestar,Salud,NO ACREDITADA,ACREDITADA,22/03/2023 - 22/03/2026,3.0,323628,50000,1
2023,1067040,I31S2C3J1V2,10974394.0,1,200401,15 a 19 años,2023,1,2023,1,Universidades,Universidades Privadas,Universidades Privadas,31,UNIVERSIDAD AUTONOMA DE CHILE,2,SEDE TALCA,3,ARQUITECTURA,Presencial,Diurna,2,Plan Regular,10,1,10,Maule,TALCA,TALCA,Pregrado,Profesional Con Licenciatura,Carreras Profesionales,Educación Media,VIGENTE CON ALUMNOS NUEVOS,Monto en Pesos,289000,4606000,49231.0,Arte y Arquitectura,"Ingeniería, Industria y Construcción",Arquitectura y Construcción,Arquitectura,"Ingeniería, Industria y Construcción",Arquitectura y Construcción,NO ACREDITADA,ACREDITADA,29/10/2019 - 29/10/2024,5.0,253330,70000,1
2023,1002584,I90S2C97J1V1,22299879.0,2,200307,15 a 19 años,2023,1,2023,1,Universidades,Universidades CRUCH,Universidades Privadas CRUCH,90,UNIVERSIDAD AUSTRAL DE CHILE,2,SEDE PUERTO MONTT,97,PEDAGOGIA EN EDUCACION DIFERENCIAL CON MENCION,Presencial,Diurna,1,Plan Regular,10,0,10,Los Lagos,LLANQUIHUE,PUERTO MONTT,Pregrado,Profesional Con Licenciatura,Carreras Profesionales,Educación Media,VIGENTE CON ALUMNOS NUEVOS,Monto en Pesos,219000,3482000,17808.0,Educación,Educación,Formación de Personal Docente y Ciencias de la Educación,Pedagogía en Educación Diferencial,Educación,Educación,ACREDITADA,ACREDITADA,14/09/2022 - 14/09/2028,6.0,208000,22000,1
2023,1018907,I90S2C614J1V1,23057516.0,2,200307,15 a 19 años,2023,1,2023,1,Universidades,Universidades CRUCH,Universidades Privadas CRUCH,90,UNIVERSIDAD AUSTRAL DE CHILE,2,SEDE PUERTO MONTT,614,INGENIERIA AMBIENTAL,Presencial,Diurna,1,Plan Regular,10,0,10,Los Lagos,LLANQUIHUE,PUERTO MONTT,Pregrado,Profesional Con Licenciatura,Carreras Profesionales,Educación Media,VIGENTE CON ALUMNOS NUEVOS,Monto en Pesos,219000,4845000,17839.0,Tecnología,Servicios,Protección del Medio Ambiente,Ingeniería en Medio Ambiente,"Ingeniería, Industria y Construcción",Ingeniería y Profesiones Afines,NO ACREDITADA,ACREDITADA,14/09/2022 - 14/09/2028,6.0,208000,22000,1
2023,449788,I71S1C102J1V1,15042162.0,1,199810,20 a 24 años,2019,1,2019,1,Universidades,Universidades CRUCH,Universidades Estatales CRUCH,71,UNIVERSIDAD DE SANTIAGO DE CHILE,1,CASA CENTRAL (SANTIAGO),102,TECNOLOGIA EN ADMINISTRACION DE PERSONAL,Presencial,Diurna,1,Plan Regular,6,1,6,Metropolitana,SANTIAGO,ESTACION CENTRAL,Pregrado,Profesional Sin Licenciatura,Carreras Profesionales,Educación Media,VIGENTE CON ALUMNOS NUEVOS,Monto en Pesos,185000,3132640,16080.0,Administración y Comercio,"Ciencias Sociales, Enseñanza Comercial y Derecho",Enseñanza Comercial y Administración,Ingeniería en Recursos Humanos,Administración de Empresas y Derecho,Educación Comercial y Administración,ACREDITADA,ACREDITADA,25/02/2021 - 25/02/2028,7.0,154560,154560,1
2023,658806,I79S1C146J1V1,10481709.0,1,200105,20 a 24 años,2023,1,2023,1,Universidades,Universidades CRUCH,Universidades Estatales CRUCH,79,UNIVERSIDAD DE ATACAMA,1,CASA CENTRAL (COPIAPO),146,TECNICO UNIVERSITARIO EN AUTOMATIZACION INDUSTRIAL,Presencial,Diurna,1,Plan Regular,4,0,4,Atacama,COPIAPO,COPIAPO,Pregrado,Técnico de Nivel Superior,Carreras Técnicas,Educación Media,VIGENTE CON ALUMNOS NUEVOS,Monto en Pesos,153000,1994000,0.0,Tecnología,"Ingeniería, Industria y Construcción",Ingeniería y Profesiones Afines,"Técnico en Instrumentación, Automatización y Control Industrial","Ingeniería, Industria y Construcción",Ingeniería y Profesiones Afines,NO ACREDITADA,ACREDITADA,25/08/2021 - 25/08/2025,4.0,30000,8000,1
2023,158556,I450S1C56J1V1,13776643.0,2,198907,30 a 34 años,2023,1,2023,1,Centros de Formación Técnica,Centros de Formación Técnica,Centros de Formación Técnica,450,CFT LOTA-ARAUCO,1,CASA CENTRAL (LOTA),56,TRABAJO SOCIAL,Presencial,Diurna,1,Plan Regular,5,1,5,Biobío,CONCEPCION,LOTA,Pregrado,Técnico de Nivel Superior,Carreras Técnicas,Educación Media,VIGENTE CON ALUMNOS NUEVOS,Monto en Pesos,30000,1757000,,Ciencias Sociales,Salud y Servicios Sociales,Servicios Sociales,Técnico en Servicio Social,Salud y Bienestar,Bienestar,NO ACREDITADA,ACREDITADA,21/07/2019 - 21/07/2023,4.0,50000,12500,1
2023,15250,I450S1C54J2V1,12662409.0,2,197205,40 y más años,2022,1,2022,1,Centros de Formación Técnica,Centros de Formación Técnica,Centros de Formación Técnica,450,CFT LOTA-ARAUCO,1,CASA CENTRAL (LOTA),54,EDUCACION DIFERENCIAL,Presencial,Vespertina,1,Plan Regular,5,1,5,Biobío,CONCEPCION,LOTA,Pregrado,Técnico de Nivel Superior,Carreras Técnicas,Educación Media,VIGENTE CON ALUMNOS NUEVOS,Monto en Pesos,30000,1652000,,Educación,Educación,Formación de Personal Docente y Ciencias de la Educación,Técnico Asistente del Educador Diferencial,Educación,Educación,NO ACREDITADA,ACREDITADA,21/07/2019 - 21/07/2023,4.0,50000,12500,1
2023,940653,I450S1C57J1V1,20895184.0,2,200301,20 a 24 años,2023,1,2023,1,Centros de Formación Técnica,Centros de Formación Técnica,Centros de Formación Técnica,450,CFT LOTA-ARAUCO,1,CASA CENTRAL (LOTA),57,TURISMO Y GASTRONOMIA,Presencial,Diurna,1,Plan Regular,5,1,5,Biobío,CONCEPCION,LOTA,Pregrado,Técnico de Nivel Superior,Carreras Técnicas,Educación Media,VIGENTE CON ALUMNOS NUEVOS,Monto en Pesos,30000,1739000,,Administración y Comercio,Servicios,Servicios Personales,Técnico en Turismo y Hotelería,Servicios,Servicios personales,NO ACREDITADA,ACREDITADA,21/07/2019 - 21/07/2023,4.0,50000,12500,1
2024,349682,I916S1C2J2V1,2337700.0,1,199010,30 a 34 años,2023,1,2023,1,Centros de Formación Técnica,Centros de Formación Técnica,Centros de Formación Técnica Estatales,916,CFT DE LA REGION DE LA ARAUCANIA,1,SEDE LAUTARO,2,TECNICO EN ELECTRICIDAD Y AUTOMATIZACION,Presencial,Vespertina,1,Plan Regular,5,0,5,La Araucanía,CAUTIN,LAUTARO,Pregrado,Técnico de Nivel Superior,Carreras Técnicas,Educación Media,VIGENTE CON ALUMNOS NUEVOS,Monto en Pesos,0,1981347,,Tecnología,"Ingeniería, Industria y Construcción",Ingeniería y Profesiones Afines,Técnico en Electricidad y Electricidad Industrial,"Ingeniería, Industria y Construcción",Ingeniería y Profesiones Afines,NO ACREDITADA,BAJO TUTELA,,,22000,5500,1
2023,896313,I88S1C13J1V2,14264508.0,1,200209,20 a 24 años,2021,1,2021,1,Universidades,Universidades CRUCH,Universidades Privadas CRUCH,88,UNIVERSIDAD TECNICA FEDERICO SANTA MARIA,1,CAMPUS CASA CENTRAL VALPARAISO,13,INGENIERIA CIVIL INFORMATICA,Presencial,Diurna,2,Plan Regular,11,0,11,Valparaíso,VALPARAISO,VALPARAISO,Pregrado,Profesional Con Licenciatura,Carreras Profesionales,Educación Media,VIGENTE CON ALUMNOS NUEVOS,Monto en Pesos,229000,5870000,15160.0,Tecnología,Ciencias,Informática,Ingeniería Civil en Computación e Informática,Tecnología de la Información y la Comunicación (TIC),Tecnología de la Información y la Comunicación (TIC),ACREDITADA,ACREDITADA,30/12/2022 - 30/12/2028,6.0,110000,3600,1
2023,1105969,I84S1C441J1V1,11910627.0,1,200404,15 a 19 años,2023,1,2023,1,Universidades,Universidades CRUCH,Universidades Estatales CRUCH,84,UNIVERSIDAD DE LOS LAGOS,1,CASA CENTRAL (OSORNO),441,DERECHO,Presencial,Diurna,1,Plan Regular,10,0,10,Los Lagos,OSORNO,OSORNO,Pregrado,Profesional Con Licenciatura,Carreras Profesionales,Educación Media,VIGENTE CON ALUMNOS NUEVOS,Monto en Pesos,164000,4506000,32160.0,Derecho,"Ciencias Sociales, Enseñanza Comercial y Derecho",Derecho,Derecho,Administración de Empresas y Derecho,Derecho,NO ACREDITADA,ACREDITADA,09/09/2021 - 09/09/2026,5.0,275000,97000,1
2023,443255,I31S1C233J1V1,19112823.0,1,199902,20 a 24 años,2019,1,2019,1,Universidades,Universidades Privadas,Universidades Privadas,31,UNIVERSIDAD AUTONOMA DE CHILE,1,CASA CENTRAL (TEMUCO),233,QUIMICA Y FARMACIA,Presencial,Diurna,1,Plan Regular,10,1,10,La Araucanía,CAUTIN,TEMUCO,Pregrado,Profesional Con Licenciatura,Carreras Profesionales,Educación Media,VIGENTE CON ALUMNOS NUEVOS,Monto en Pesos,289000,5236000,49306.0,Salud,Salud y Servicios Sociales,Medicina,Química y Farmacia,Salud y Bienestar,Salud,NO ACREDITADA,ACREDITADA,29/10/2019 - 29/10/2024,5.0,287980,70000,1
2023,516181,I79S1C54J1V1,19954976.0,2,200004,20 a 24 años,2019,1,2019,1,Universidades,Universidades CRUCH,Universidades Estatales CRUCH,79,UNIVERSIDAD DE ATACAMA,1,CASA CENTRAL (COPIAPO),54,TRABAJO SOCIAL,Presencial,Diurna,1,Plan Regular,10,0,10,Atacama,COPIAPO,COPIAPO,Pregrado,Profesional Con Licenciatura,Carreras Profesionales,Educación Media,VIGENTE CON ALUMNOS NUEVOS,Monto en Pesos,153000,2470000,27043.0,Ciencias Sociales,Salud y Servicios Sociales,Servicios Sociales,Trabajo Social,Salud y Bienestar,Bienestar,NO ACREDITADA,ACREDITADA,25/08/2021 - 25/08/2025,4.0,60000,8000,1
2024,1110050,I71S1C5J1V1,512061.0,2,200312,20 a 24 años,2022,1,2022,1,Universidades,Universidades CRUCH,Universidades Estatales CRUCH,71,UNIVERSIDAD DE SANTIAGO DE CHILE,1,CASA CENTRAL (SANTIAGO),5,BIOQUIMICA Y LICENCIATURA EN BIOQUIMICA,Presencial,Diurna,1,Plan Regular,10,2,10,Metropolitana,SANTIAGO,ESTACION CENTRAL,Pregrado,Profesional Con Licenciatura,Carreras Profesionales,Educación Media,VIGENTE CON ALUMNOS NUEVOS,Monto en Pesos,194000,4943814,16041.0,Ciencias Básicas,Ciencias,Ciencias de la Vida,Bioquímica,"Ciencias naturales, matemáticas y estadística",Ciencias Biológicas y Afines,NO ACREDITADA,ACREDITADA,25/02/2021 - 25/02/2028,7.0,190512,190512,1
2023,1210052,I42S1C11J1V1,22267376.0,1,200506,15 a 19 años,2023,1,2023,1,Universidades,Universidades Privadas,Universidades Privadas,42,UNIVERSIDAD CATOLICA CARDENAL RAUL SILVA HENRIQUEZ,1,CASA CENTRAL (SANTIAGO),11,INGENIERIA COMERCIAL,Presencial,Diurna,1,Plan Regular,10,0,10,Metropolitana,SANTIAGO,SANTIAGO,Pregrado,Profesional Con Licenciatura,Carreras Profesionales,Educación Media,VIGENTE CON ALUMNOS NUEVOS,Monto en Pesos,333400,3771000,46303.0,Administración y Comercio,"Ciencias Sociales, Enseñanza Comercial y Derecho",Enseñanza Comercial y Administración,Ingeniería Comercial,Administración de Empresas y Derecho,Educación Comercial y Administración,NO ACREDITADA,ACREDITADA,20/10/2021 - 20/10/2025,4.0,355400,40300,1
2023,480712,I71S1C14J1V1,13090233.0,1,199903,20 a 24 años,2019,1,2019,1,Universidades,Universidades CRUCH,Universidades Estatales CRUCH,71,UNIVERSIDAD DE SANTIAGO DE CHILE,1,CASA CENTRAL (SANTIAGO),14,INGENIERIA CIVIL EN ELECTRICIDAD,Presencial,Diurna,1,Plan Regular,12,1,12,Metropolitana,SANTIAGO,ESTACION CENTRAL,Pregrado,Profesional Con Licenciatura,Carreras Profesionales,Educación Media,VIGENTE SIN ALUMNOS NUEVOS,Monto en Pesos,185000,5754100,0.0,Tecnología,"Ingeniería, Industria y Construcción",Ingeniería y Profesiones Afines,Ingeniería Civil Eléctrica,"Ingeniería, Industria y Construcción",Ingeniería y Profesiones Afines,ACREDITADA,ACREDITADA,25/02/2021 - 25/02/2028,7.0,277760,277760,1
2023,1156699,I71S1C14J1V2,22645126.0,1,200410,15 a 19 años,2023,1,2023,1,Universidades,Universidades CRUCH,Universidades Estatales CRUCH,71,UNIVERSIDAD DE SANTIAGO DE CHILE,1,CASA CENTRAL (SANTIAGO),14,INGENIERIA CIVIL EN ELECTRICIDAD,Presencial,Diurna,2,Plan Regular,11,1,11,Metropolitana,SANTIAGO,ESTACION CENTRAL,Pregrado,Profesional Con Licenciatura,Carreras Profesionales,Educación Media,VIGENTE CON ALUMNOS NUEVOS,Monto en Pesos,185000,5858720,16001.0,Tecnología,"Ingeniería, Industria y Construcción",Ingeniería y Profesiones Afines,Ingeniería Civil Eléctrica,"Ingeniería, Industria y Construcción",Ingeniería y Profesiones Afines,ACREDITADA,ACREDITADA,25/02/2021 - 25/02/2028,7.0,277760,277760,1
2023,533388,I90S1C3J1V1,15372258.0,1,200002,20 a 24 años,2018,1,2018,1,Universidades,Universidades CRUCH,Universidades Privadas CRUCH,90,UNIVERSIDAD AUSTRAL DE CHILE,1,CASA CENTRAL,3,AGRONOMIA,Presencial,Diurna,1,Plan Regular,10,0,10,Los Ríos,VALDIVIA,VALDIVIA,Pregrado,Profesional Con Licenciatura,Carreras Profesionales,Educación Media,VIGENTE CON ALUMNOS NUEVOS,Monto en Pesos,219000,5164000,17000.0,Agropecuaria,Agricultura,"Agricultura, Silvicultura y Pesca",Agronomía,"Agricultura, Silvicultura, Pesca y Veterinaria",Agricultura,NO ACREDITADA,ACREDITADA,14/09/2022 - 14/09/2028,6.0,208000,22000,1
2023,212160,I90S1C126J1V1,21062879.0,2,199209,30 a 34 años,2015,1,2015,1,Universidades,Universidades CRUCH,Universidades Privadas CRUCH,90,UNIVERSIDAD AUSTRAL DE CHILE,1,CASA CENTRAL,126,INGENIERIA CIVIL INDUSTRIAL,Presencial,Diurna,1,Plan Regular,11,0,11,Los Ríos,VALDIVIA,VALDIVIA,Pregrado,Profesional Con Licenciatura,Carreras Profesionales,Educación Media,VIGENTE CON ALUMNOS NUEVOS,Monto en Pesos,219000,4845000,17822.0,Tecnología,"Ingeniería, Industria y Construcción",Ingeniería y Profesiones Afines,Ingeniería Civil Industrial,"Ingeniería, Industria y Construcción",Ingeniería y Profesiones Afines,NO ACREDITADA,ACREDITADA,14/09/2022 - 14/09/2028,6.0,208000,22000,1
2024,1048998,I90S1C598J1V1,2348700.0,2,200009,20 a 24 años,2022,1,2022,1,Universidades,Universidades CRUCH,Universidades Privadas CRUCH,90,UNIVERSIDAD AUSTRAL DE CHILE,1,CASA CENTRAL,598,CREACION AUDIOVISUAL,Presencial,Diurna,1,Plan Regular,9,0,9,Los Ríos,VALDIVIA,VALDIVIA,Pregrado,Profesional Con Licenciatura,Carreras Profesionales,Educación Media,VIGENTE CON ALUMNOS NUEVOS,Monto en Pesos,237000,5808000,17836.0,Arte y Arquitectura,Humanidades y Artes,Artes,Otros Profesionales de Arte y Arquitectura,Artes y Humanidades,Artes,NO ACREDITADA,ACREDITADA,14/09/2022 - 14/09/2028,6.0,225000,27000,1
2023,1113236,I10S4C72J1V1,16882025.0,2,200405,15 a 19 años,2023,1,2023,1,Universidades,Universidades Privadas,Universidades Privadas,10,UNIVERSIDAD MAYOR,4,SEDE TEMUCO,72,TERAPIA OCUPACIONAL,Presencial,Diurna,1,Plan Regular,10,1,10,La Araucanía,CAUTIN,TEMUCO,Pregrado,Profesional Con Licenciatura,Carreras Profesionales,Educación Media,VIGENTE CON ALUMNOS NUEVOS,Monto en Pesos,550000,5905080,39421.0,Salud,Salud y Servicios Sociales,Medicina,Terapia Ocupacional,Salud y Bienestar,Salud,ACREDITADA,ACREDITADA,27/10/2021 - 27/10/2026,5.0,0,220000,1
2023,257783,I72S5C83J1V1,22788218.0,2,200009,20 a 24 años,2019,1,2019,1,Universidades,Universidades CRUCH,Universidades Estatales CRUCH,72,UNIVERSIDAD DE VALPARAISO,5,CAMPUS SANTIAGO,83,ADMINISTRACION PUBLICA,Presencial,Diurna,1,Plan Regular,10,2,10,Metropolitana,SANTIAGO,SANTIAGO,Pregrado,Profesional Con Licenciatura,Carreras Profesionales,Educación Media,VIGENTE CON ALUMNOS NUEVOS,Monto en Pesos,198000,3330000,19005.0,Ciencias Sociales,"Ciencias Sociales, Enseñanza Comercial y Derecho",Enseñanza Comercial y Administración,Administración Pública,Administración de Empresas y Derecho,Educación Comercial y Administración,NO ACREDITADA,ACREDITADA,08/03/2023 - 08/03/2029,6.0,0,154000,1
2024,716589,I20S3C6J1V1,999115.0,1,200304,20 a 24 años,2024,1,2024,1,Universidades,Universidades Privadas,Universidades Privadas,20,UNIVERSIDAD ANDRES BELLO,3,SEDE VIÑA DEL MAR,6,DERECHO,Presencial,Diurna,1,Plan Regular,10,0,10,Valparaíso,VALPARAISO,VIÑA DEL MAR,Pregrado,Profesional Con Licenciatura,Carreras Profesionales,Educación Media,VIGENTE CON ALUMNOS NUEVOS,Monto en Pesos,600000,5486000,41071.0,Derecho,"Ciencias Sociales, Enseñanza Comercial y Derecho",Derecho,Derecho,Administración de Empresas y Derecho,Derecho,NO ACREDITADA,ACREDITADA,25/12/2022 - 25/12/2028,6.0,0,72800,10
2024,548445,I80S1C66J1V1,255600.0,2,200112,20 a 24 años,2020,1,2020,1,Universidades,Universidades CRUCH,Universidades Estatales CRUCH,80,UNIVERSIDAD DE TARAPACA,1,CASA CENTRAL (ARICA),66,NUTRICION Y DIETETICA,Presencial,Diurna,1,Plan Regular,10,1,10,Arica y Parinacota,ARICA,ARICA,Pregrado,Profesional Con Licenciatura,Carreras Profesionales,Educación Media,VIGENTE CON ALUMNOS NUEVOS,Monto en Pesos,198000,4570000,22055.0,Salud,Salud y Servicios Sociales,Medicina,Nutrición y Dietética,Salud y Bienestar,Salud,NO ACREDITADA,ACREDITADA,22/06/2023 - 22/06/2029,6.0,0,187000,10
2024,210751,I70S1C58J1V1,2928709.0,1,200410,15 a 19 años,2024,1,2024,1,Universidades,Universidades CRUCH,Universidades Estatales CRUCH,70,UNIVERSIDAD DE CHILE,1,SANTIAGO,58,INGENIERIA COMERCIAL,Presencial,Diurna,1,Plan Regular,10,0,10,Metropolitana,SANTIAGO,SANTIAGO,Pregrado,Profesional Con Licenciatura,Carreras Profesionales,Educación Media,VIGENTE CON ALUMNOS NUEVOS,Monto en Pesos,185300,7152100,11042.0,Administración y Comercio,"Ciencias Sociales, Enseñanza Comercial y Derecho",Enseñanza Comercial y Administración,Ingeniería Comercial,Administración de Empresas y Derecho,Educación Comercial y Administración,ACREDITADA,ACREDITADA,22/12/2018 - 22/12/2025,7.0,0,139000,9
2024,289188,I78S1C2J1V1,1855524.0,2,200409,15 a 19 años,2024,1,2024,1,Universidades,Universidades CRUCH,Universidades Estatales CRUCH,78,UNIVERSIDAD DE TALCA,1,CASA CENTRAL (TALCA),2,ARQUITECTURA,Presencial,Diurna,1,Plan Regular,12,2,12,Maule,TALCA,TALCA,Pregrado,Profesional Con Licenciatura,Carreras Profesionales,Educación Media,VIGENTE CON ALUMNOS NUEVOS,Monto en Pesos,241000,6063000,34060.0,Arte y Arquitectura,"Ingeniería, Industria y Construcción",Arquitectura y Construcción,Arquitectura,"Ingeniería, Industria y Construcción",Arquitectura y Construcción,NO ACREDITADA,ACREDITADA,27/11/2019 - 27/11/2025,6.0,0,233600,1
2023,737271,I80S1C47J1V3,11263220.0,2,200107,20 a 24 años,2020,1,2020,1,Universidades,Universidades CRUCH,Universidades Estatales CRUCH,80,UNIVERSIDAD DE TARAPACA,1,CASA CENTRAL (ARICA),47,TRABAJO SOCIAL,Presencial,Diurna,3,Plan Regular,9,2,9,Arica y Parinacota,ARICA,ARICA,Pregrado,Profesional Con Licenciatura,Carreras Profesionales,Educación Media,VIGENTE CON ALUMNOS NUEVOS,Monto en Pesos,188000,3519000,22007.0,Ciencias Sociales,Salud y Servicios Sociales,Servicios Sociales,Trabajo Social,Salud y Bienestar,Bienestar,NO ACREDITADA,ACREDITADA,22/11/2017 - 22/11/2022,5.0,0,323000,1
2024,549639,I80S1C303J1V1,2171447.0,1,198912,30 a 34 años,2019,1,2019,1,Universidades,Universidades CRUCH,Universidades Estatales CRUCH,80,UNIVERSIDAD DE TARAPACA,1,CASA CENTRAL (ARICA),303,MEDICINA,Presencial,Diurna,1,Plan Regular,14,4,14,Arica y Parinacota,ARICA,ARICA,Pregrado,Profesional Con Licenciatura,Carreras Profesionales,Educación Media,VIGENTE CON ALUMNOS NUEVOS,Monto en Pesos,198000,7236000,22050.0,Salud,Salud y Servicios Sociales,Medicina,Medicina,Salud y Bienestar,Salud,ACREDITADA,ACREDITADA,22/06/2023 - 22/06/2029,6.0,0,187000,1
2023,397638,I72S1C1J1V1,12484875.0,2,199808,20 a 24 años,2017,1,2017,1,Universidades,Universidades CRUCH,Universidades Estatales CRUCH,72,UNIVERSIDAD DE VALPARAISO,1,CASA CENTRAL (VALPARAISO),1,ARQUITECTURA,Presencial,Diurna,1,Plan Regular,12,2,12,Valparaíso,VALPARAISO,VALPARAISO,Pregrado,Profesional Con Licenciatura,Carreras Profesionales,Educación Media,VIGENTE CON ALUMNOS NUEVOS,Monto en Pesos,198000,4840000,19020.0,Arte y Arquitectura,"Ingeniería, Industria y Construcción",Arquitectura y Construcción,Arquitectura,"Ingeniería, Industria y Construcción",Arquitectura y Construcción,NO ACREDITADA,ACREDITADA,08/03/2023 - 08/03/2029,6.0,0,154000,1
2023,1205395,I72S1C112J1V1,15023115.0,2,200505,15 a 19 años,2023,1,2023,1,Universidades,Universidades CRUCH,Universidades Estatales CRUCH,72,UNIVERSIDAD DE VALPARAISO,1,CASA CENTRAL (VALPARAISO),112,SOCIOLOGIA,Presencial,Diurna,1,Plan Regular,10,2,10,Valparaíso,VALPARAISO,VALPARAISO,Pregrado,Profesional Con Licenciatura,Carreras Profesionales,Educación Media,VIGENTE CON ALUMNOS NUEVOS,Monto en Pesos,198000,3600000,19012.0,Ciencias Sociales,"Ciencias Sociales, Enseñanza Comercial y Derecho",Ciencias Sociales y del Comportamiento,Sociología,"Ciencias Sociales, Periodismo e Información",Ciencias Sociales y del Comportamiento,NO ACREDITADA,ACREDITADA,08/03/2023 - 08/03/2029,6.0,0,154000,1
2023,883927,I77S1C5J1V1,19248199.0,2,200208,20 a 24 años,2021,1,2021,1,Universidades,Universidades CRUCH,Universidades Estatales CRUCH,77,UNIVERSIDAD DE MAGALLANES,1,CASA CENTRAL (PUNTA ARENAS),5,PEDAGOGIA EN EDUCACION PARVULARIA,Presencial,Diurna,1,Plan Regular,10,0,10,Magallanes,MAGALLANES,PUNTA ARENAS,Pregrado,Profesional Con Licenciatura,Carreras Profesionales,Educación Media,VIGENTE CON ALUMNOS NUEVOS,Monto en Pesos,145000,3309000,33032.0,Educación,Educación,Formación de Personal Docente y Ciencias de la Educación,Pedagogía en Educación de Párvulos,Educación,Educación,ACREDITADA,ACREDITADA,30/12/2019 - 30/12/2023,4.0,0,86000,1
2024,212842,I70S1C157J1V1,2955933.0,2,200412,15 a 19 años,2024,1,2024,1,Universidades,Universidades CRUCH,Universidades Estatales CRUCH,70,UNIVERSIDAD DE CHILE,1,SANTIAGO,157,MEDICINA VETERINARIA,Presencial,Diurna,1,Plan Regular,10,0,10,Metropolitana,SANTIAGO,SANTIAGO,Pregrado,Profesional Con Licenciatura,Carreras Profesionales,Educación Media,VIGENTE CON ALUMNOS NUEVOS,Monto en Pesos,185300,5937300,11022.0,Agropecuaria,Agricultura,Veterinaria,Medicina Veterinaria,"Agricultura, Silvicultura, Pesca y Veterinaria",Veterinaria,NO ACREDITADA,ACREDITADA,22/12/2018 - 22/12/2025,7.0,0,139000,1
2023,244023,I20S1C70J4V2,10897531.0,1,199304,30 a 34 años,1900,0,2023,1,Universidades,Universidades Privadas,Universidades Privadas,20,UNIVERSIDAD ANDRES BELLO,1,CASA CENTRAL (SANTIAGO),70,INGENIERIA EN COMPUTACION E INFORMATICA,No Presencial,A Distancia,2,Plan Regular de Continuidad,6,0,6,Metropolitana,SANTIAGO,SANTIAGO,Pregrado,Profesional Con Licenciatura,Carreras Profesionales,Técnico de Nivel Superior,VIGENTE CON ALUMNOS NUEVOS,Monto en Pesos,455000,4484000,0.0,Tecnología,Ciencias,Informática,Ingeniería en Computación e Informática,Tecnología de la Información y la Comunicación (TIC),Tecnología de la Información y la Comunicación (TIC),NO ACREDITADA,ACREDITADA,25/12/2022 - 25/12/2028,6.0,0,69716,5
2024,2087304,I76S1C341J1V1,1407695.0,2,199310,30 a 34 años,2023,1,2023,1,Universidades,Universidades CRUCH,Universidades Estatales CRUCH,76,UNIVERSIDAD DE LA FRONTERA,1,CASA CENTRAL (TEMUCO),341,MAGISTER EN TERAPIA FISICA CON MENCION,Presencial,Diurna,1,Plan Regular,4,0,4,La Araucanía,CAUTIN,TEMUCO,Postgrado,Magister,Magister,Título Profesional,VIGENTE CON ALUMNOS NUEVOS,Monto en Pesos,350000,3100000,0.0,Salud,Salud y Servicios Sociales,Medicina,Magister en Salud,Salud y Bienestar,Salud,ACREDITADA,ACREDITADA,28/11/2018 - 28/11/2024,6.0,0,200000,1
2023,1300414,I89S1C385J1V1,27422072.0,2,199110,30 a 34 años,2021,1,2021,1,Universidades,Universidades CRUCH,Universidades Privadas CRUCH,89,PONTIFICIA UNIVERSIDAD CATOLICA DE VALPARAISO,1,CASA CENTRAL,385,DOCTORADO EN DIDACTICA DE LAS CIENCIAS,Presencial,Diurna,1,Plan Regular,8,0,8,Valparaíso,VALPARAISO,VALPARAISO,Postgrado,Doctorado,Doctorado,Licenciatura,VIGENTE CON ALUMNOS NUEVOS,Monto en Pesos,244000,4142000,0.0,Educación,Educación,Formación de Personal Docente y Ciencias de la Educación,Doctorado en Educación,Educación,Educación,NO ACREDITADA,ACREDITADA,19/01/2022 - 19/01/2029,7.0,0,41300,1
2024,883914,I111S5C485J2V1,6912996.0,2,198603,35 a 39 años,2021,1,2021,1,Institutos Profesionales,Institutos Profesionales,Institutos Profesionales,111,IP DUOC UC,5,SEDE ANTONIO VARAS,485,INGENIERIA EN ADMINISTRACION MENCION GESTION DE PERSONAS,Presencial,Vespertina,1,Plan Regular,8,1,8,Metropolitana,SANTIAGO,PROVIDENCIA,Pregrado,Profesional Sin Licenciatura,Carreras Profesionales,Educación Media,VIGENTE CON ALUMNOS NUEVOS,Monto en Pesos,318000,2980000,,Administración y Comercio,"Ciencias Sociales, Enseñanza Comercial y Derecho",Enseñanza Comercial y Administración,Ingeniería en Recursos Humanos,Administración de Empresas y Derecho,Educación Comercial y Administración,NO ACREDITADA,ACREDITADA,26/08/2017 - 26/08/2024,7.0,0,0,1
2024,791716,I111S21C50J2V1,15508522.0,1,200401,20 a 24 años,2023,1,2023,1,Institutos Profesionales,Institutos Profesionales,Institutos Profesionales,111,IP DUOC UC,21,SEDE PLAZA NORTE,50,INGENIERIA EN CONECTIVIDAD Y REDES,Presencial,Vespertina,1,Plan Regular,8,1,8,Metropolitana,SANTIAGO,HUECHURABA,Pregrado,Profesional Sin Licenciatura,Carreras Profesionales,Educación Media,VIGENTE CON ALUMNOS NUEVOS,Monto en Pesos,318000,3100000,,Tecnología,Ciencias,Informática,Ingeniería en Conectividad y Redes,Tecnología de la Información y la Comunicación (TIC),Tecnología de la Información y la Comunicación (TIC),NO ACREDITADA,ACREDITADA,26/08/2017 - 26/08/2024,7.0,0,0,1
2024,1143553,I111S16C48J2V1,12212060.0,2,200405,20 a 24 años,2024,1,2024,1,Institutos Profesionales,Institutos Profesionales,Institutos Profesionales,111,IP DUOC UC,16,SEDE SAN JOAQUIN,48,INGENIERIA EN INFORMATICA,Presencial,Vespertina,1,Plan Regular,8,1,8,Metropolitana,SANTIAGO,SAN JOAQUIN,Pregrado,Profesional Sin Licenciatura,Carreras Profesionales,Educación Media,VIGENTE CON ALUMNOS NUEVOS,Monto en Pesos,318000,3100000,,Tecnología,Ciencias,Informática,Ingeniería en Computación e Informática,Tecnología de la Información y la Comunicación (TIC),Tecnología de la Información y la Comunicación (TIC),ACREDITADA,ACREDITADA,26/08/2017 - 26/08/2024,7.0,0,0,1
2024,793830,I111S5C100J2V2,10753289.0,2,198404,40 y más años,2023,1,2023,1,Institutos Profesionales,Institutos Profesionales,Institutos Profesionales,111,IP DUOC UC,5,SEDE ANTONIO VARAS,100,GASTRONOMIA INTERNACIONAL,Presencial,Vespertina,2,Plan Regular,8,1,8,Metropolitana,SANTIAGO,PROVIDENCIA,Pregrado,Profesional Sin Licenciatura,Carreras Profesionales,Educación Media,VIGENTE CON ALUMNOS NUEVOS,Monto en Pesos,318000,3940000,,Administración y Comercio,Servicios,Servicios Personales,Administración Gastronómica,Servicios,Servicios personales,NO ACREDITADA,ACREDITADA,26/08/2017 - 26/08/2024,7.0,0,0,1
2024,806528,I111S9C6J2V1,17984806.0,1,199804,25 a 29 años,2022,1,2022,1,Institutos Profesionales,Institutos Profesionales,Institutos Profesionales,111,IP DUOC UC,9,SEDE PLAZA VESPUCIO,6,AUDITORIA,Presencial,Vespertina,1,Plan Regular,8,1,8,Metropolitana,SANTIAGO,LA FLORIDA,Pregrado,Profesional Sin Licenciatura,Carreras Profesionales,Educación Media,VIGENTE CON ALUMNOS NUEVOS,Monto en Pesos,318000,2750000,,Administración y Comercio,"Ciencias Sociales, Enseñanza Comercial y Derecho",Enseñanza Comercial y Administración,Contador Auditor,Administración de Empresas y Derecho,Educación Comercial y Administración,NO ACREDITADA,ACREDITADA,26/08/2017 - 26/08/2024,7.0,0,0,1
2024,769515,I111S20C413J1V1,14281282.0,1,200506,15 a 19 años,2024,1,2024,1,Institutos Profesionales,Institutos Profesionales,Institutos Profesionales,111,IP DUOC UC,20,SEDE SAN BERNARDO,413,INGENIERIA EN ELECTRICIDAD Y AUTOMATIZACION INDUSTRIAL,Presencial,Diurna,1,Plan Regular,8,1,8,Metropolitana,MAIPO,SAN BERNARDO,Pregrado,Profesional Sin Licenciatura,Carreras Profesionales,Educación Media,VIGENTE CON ALUMNOS NUEVOS,Monto en Pesos,318000,3020000,,Tecnología,"Ingeniería, Industria y Construcción",Ingeniería y Profesiones Afines,Ingeniería en Electricidad,"Ingeniería, Industria y Construcción",Ingeniería y Profesiones Afines,NO ACREDITADA,ACREDITADA,26/08/2017 - 26/08/2024,7.0,0,0,1
2024,803759,I111S20C485J1V1,7306815.0,2,199906,25 a 29 años,2022,1,2022,1,Institutos Profesionales,Institutos Profesionales,Institutos Profesionales,111,IP DUOC UC,20,SEDE SAN BERNARDO,485,INGENIERIA EN ADMINISTRACION MENCION GESTION DE PERSONAS,Presencial,Diurna,1,Plan Regular,8,1,8,Metropolitana,MAIPO,SAN BERNARDO,Pregrado,Profesional Sin Licenciatura,Carreras Profesionales,Educación Media,VIGENTE CON ALUMNOS NUEVOS,Monto en Pesos,318000,2980000,,Administración y Comercio,"Ciencias Sociales, Enseñanza Comercial y Derecho",Enseñanza Comercial y Administración,Ingeniería en Recursos Humanos,Administración de Empresas y Derecho,Educación Comercial y Administración,NO ACREDITADA,ACREDITADA,26/08/2017 - 26/08/2024,7.0,0,0,1
2024,830938,I111S12C413J2V1,14286052.0,1,197604,40 y más años,2022,1,2022,1,Institutos Profesionales,Institutos Profesionales,Institutos Profesionales,111,IP DUOC UC,12,SEDE PUENTE ALTO,413,INGENIERIA EN ELECTRICIDAD Y AUTOMATIZACION INDUSTRIAL,Presencial,Vespertina,1,Plan Regular,8,1,8,Metropolitana,CORDILLERA,PUENTE ALTO,Pregrado,Profesional Sin Licenciatura,Carreras Profesionales,Educación Media,VIGENTE CON ALUMNOS NUEVOS,Monto en Pesos,318000,3020000,,Tecnología,"Ingeniería, Industria y Construcción",Ingeniería y Profesiones Afines,Ingeniería en Electricidad,"Ingeniería, Industria y Construcción",Ingeniería y Profesiones Afines,NO ACREDITADA,ACREDITADA,26/08/2017 - 26/08/2024,7.0,0,0,1
2024,1143591,I111S12C110J1V1,11977303.0,1,200505,15 a 19 años,2024,1,2024,1,Institutos Profesionales,Institutos Profesionales,Institutos Profesionales,111,IP DUOC UC,12,SEDE PUENTE ALTO,110,TECNICO VETERINARIO Y PECUARIO,Presencial,Diurna,1,Plan Regular,5,1,5,Metropolitana,CORDILLERA,PUENTE ALTO,Pregrado,Técnico de Nivel Superior,Carreras Técnicas,Educación Media,VIGENTE CON ALUMNOS NUEVOS,Monto en Pesos,242000,2800000,,Agropecuaria,Agricultura,Veterinaria,Técnico Veterinario,"Agricultura, Silvicultura, Pesca y Veterinaria",Veterinaria,NO ACREDITADA,ACREDITADA,26/08/2017 - 26/08/2024,7.0,0,0,1
2024,794427,I111S21C23J1V1,5999726.0,1,200001,20 a 24 años,2023,1,2023,1,Institutos Profesionales,Institutos Profesionales,Institutos Profesionales,111,IP DUOC UC,21,SEDE PLAZA NORTE,23,ANALISTA PROGRAMADOR COMPUTACIONAL,Presencial,Diurna,1,Plan Regular,5,1,5,Metropolitana,SANTIAGO,HUECHURABA,Pregrado,Técnico de Nivel Superior,Carreras Técnicas,Educación Media,VIGENTE SIN ALUMNOS NUEVOS,Monto en Pesos,242000,2810000,,Tecnología,Ciencias,Informática,Técnico en Computación e Informática,Tecnología de la Información y la Comunicación (TIC),Tecnología de la Información y la Comunicación (TIC),NO ACREDITADA,ACREDITADA,26/08/2017 - 26/08/2024,7.0,0,0,1
2024,803713,I111S22C284J1V1,18563912.0,1,200110,20 a 24 años,2022,1,2022,1,Institutos Profesionales,Institutos Profesionales,Institutos Profesionales,111,IP DUOC UC,22,SEDE PADRE ALONSO DE OVALLE,284,TURISMO TECNICO MENCION EMPRESAS TURISTICAS,Presencial,Diurna,1,Plan Regular,5,1,5,Metropolitana,SANTIAGO,SANTIAGO,Pregrado,Técnico de Nivel Superior,Carreras Técnicas,Educación Media,VIGENTE CON ALUMNOS NUEVOS,Monto en Pesos,242000,2560000,,Administración y Comercio,Servicios,Servicios Personales,Técnico en Turismo y Hotelería,Servicios,Servicios personales,NO ACREDITADA,ACREDITADA,26/08/2017 - 26/08/2024,7.0,0,0,1
2024,807482,I111S3C484J1V1,12882062.0,2,200312,20 a 24 años,2022,1,2022,1,Institutos Profesionales,Institutos Profesionales,Institutos Profesionales,111,IP DUOC UC,3,SEDE CONCEPCION,484,INGENIERIA EN ADMINISTRACION MENCION FINANZAS,Presencial,Diurna,1,Plan Regular,8,1,8,Biobío,CONCEPCION,CONCEPCION,Pregrado,Profesional Sin Licenciatura,Carreras Profesionales,Educación Media,VIGENTE CON ALUMNOS NUEVOS,Monto en Pesos,270000,2710000,,Administración y Comercio,"Ciencias Sociales, Enseñanza Comercial y Derecho",Enseñanza Comercial y Administración,Ingeniería en Finanzas,Administración de Empresas y Derecho,Educación Comercial y Administración,NO ACREDITADA,ACREDITADA,26/08/2017 - 26/08/2024,7.0,0,0,1
2024,1134923,I111S2C32J1V1,17239107.0,1,200305,20 a 24 años,2024,1,2024,1,Institutos Profesionales,Institutos Profesionales,Institutos Profesionales,111,IP DUOC UC,2,SEDE VALPARAISO,32,TECNICO AGRICOLA,Presencial,Diurna,1,Plan Regular,5,1,5,Valparaíso,VALPARAISO,VALPARAISO,Pregrado,Técnico de Nivel Superior,Carreras Técnicas,Educación Media,VIGENTE CON ALUMNOS NUEVOS,Monto en Pesos,220000,2450000,,Agropecuaria,Agricultura,"Agricultura, Silvicultura y Pesca",Técnico Agropecuario,"Agricultura, Silvicultura, Pesca y Veterinaria",Agricultura,NO ACREDITADA,ACREDITADA,26/08/2017 - 26/08/2024,7.0,0,0,1
2024,1140979,I111S27C23J4V1,17432266.0,1,198812,35 a 39 años,2024,1,2024,1,Institutos Profesionales,Institutos Profesionales,Institutos Profesionales,111,IP DUOC UC,27,CASA CENTRAL,23,ANALISTA PROGRAMADOR COMPUTACIONAL,No Presencial,A Distancia,1,Plan Regular,5,1,5,Metropolitana,SANTIAGO,PROVIDENCIA,Pregrado,Técnico de Nivel Superior,Carreras Técnicas,Educación Media,VIGENTE CON ALUMNOS NUEVOS,Monto en Pesos,121000,3500000,,Tecnología,Ciencias,Informática,Técnico en Computación e Informática,Tecnología de la Información y la Comunicación (TIC),Tecnología de la Información y la Comunicación (TIC),NO ACREDITADA,ACREDITADA,26/08/2017 - 26/08/2024,7.0,0,0,1
2024,1013138,I260S22C211J1V1,12666064.0,2,200304,20 a 24 años,2023,1,2023,1,Centros de Formación Técnica,Centros de Formación Técnica,Centros de Formación Técnica,260,CFT SANTO TOMAS,22,SEDE LA SERENA,211,TECNICO EN ANALISIS QUIMICO,Presencial,Diurna,1,Plan Regular,6,0,6,Coquimbo,ELQUI,LA SERENA,Pregrado,Técnico de Nivel Superior,Carreras Técnicas,Educación Media,VIGENTE SIN ALUMNOS NUEVOS,Monto en Pesos,83000,2392000,,Ciencias Básicas,Ciencias,Ciencias Físicas,Técnico en Química (Análisis e Industrial),"Ciencias naturales, matemáticas y estadística",Ciencias Físicas,NO ACREDITADA,ACREDITADA,20/12/2019 - 20/12/2024,5.0,0,0,1
2024,692851,I144S10C49J1V1,17432584.0,1,200311,20 a 24 años,2023,1,2023,1,Institutos Profesionales,Institutos Profesionales,Institutos Profesionales,144,IP ARCOS,10,SEDE V REGION,49,DISEÑO DE VIDEO JUEGOS,Presencial,Diurna,1,Plan Regular,8,0,8,Valparaíso,VALPARAISO,VIÑA DEL MAR,Pregrado,Profesional Sin Licenciatura,Carreras Profesionales,Educación Media,VIGENTE CON ALUMNOS NUEVOS,Monto en Pesos,218000,3668000,,Arte y Arquitectura,Humanidades y Artes,Artes,Diseño Gráfico,Artes y Humanidades,Artes,NO ACREDITADA,ACREDITADA,08/09/2021 - 08/09/2025,4.0,0,0,1
2024,697456,I144S10C41J1V1,22100969.0,2,200303,20 a 24 años,2023,1,2023,1,Institutos Profesionales,Institutos Profesionales,Institutos Profesionales,144,IP ARCOS,10,SEDE V REGION,41,ILUSTRACION,Presencial,Diurna,1,Plan Regular,8,0,8,Valparaíso,VALPARAISO,VIÑA DEL MAR,Pregrado,Profesional Sin Licenciatura,Carreras Profesionales,Educación Media,VIGENTE CON ALUMNOS NUEVOS,Monto en Pesos,218000,3533000,,Arte y Arquitectura,Humanidades y Artes,Artes,Otros Profesionales de Arte y Arquitectura,Artes y Humanidades,Artes,NO ACREDITADA,ACREDITADA,08/09/2021 - 08/09/2025,4.0,0,0,1
2024,59243,I906S1C10J1V1,20235097.0,2,199106,30 a 34 años,2024,1,2024,1,Centros de Formación Técnica,Centros de Formación Técnica,Centros de Formación Técnica Estatales,906,CFT DE LA REGION DE TARAPACA,1,SEDE CENTRAL ALTO HOSPICIO,10,TECNICO DE NIVEL SUPERIOR EN ENFERMERIA,Presencial,Diurna,1,Plan Regular,5,0,5,Tarapacá,IQUIQUE,ALTO HOSPICIO,Pregrado,Técnico de Nivel Superior,Carreras Técnicas,Educación Media,VIGENTE CON ALUMNOS NUEVOS,Monto en Pesos,630000,1851000,,Salud,Salud y Servicios Sociales,Medicina,Técnico en Enfermería,Salud y Bienestar,Salud,NO ACREDITADA,BAJO TUTELA,,,0,0,1
2024,375139,I906S1C8J1V1,21446023.0,2,197712,40 y más años,2023,1,2023,1,Centros de Formación Técnica,Centros de Formación Técnica,Centros de Formación Técnica Estatales,906,CFT DE LA REGION DE TARAPACA,1,SEDE CENTRAL ALTO HOSPICIO,8,TECNICO DE NIVEL SUPERIOR EN EDUCACION PARVULARIA,Presencial,Diurna,1,Plan Regular,5,0,5,Tarapacá,IQUIQUE,ALTO HOSPICIO,Pregrado,Técnico de Nivel Superior,Carreras Técnicas,Educación Media,VIGENTE CON ALUMNOS NUEVOS,Monto en Pesos,630000,1429000,,Educación,Educación,Formación de Personal Docente y Ciencias de la Educación,Técnico Asistente del Educador de Párvulos,Educación,Educación,NO ACREDITADA,BAJO TUTELA,,,0,0,1
2024,88230,I915S1C2J2V1,5559771.0,2,198807,35 a 39 años,2024,1,2024,1,Centros de Formación Técnica,Centros de Formación Técnica,Centros de Formación Técnica Estatales,915,CFT DE LA REGION DEL BIO BIO,1,SEDE TIRUA,2,TECNICO DE NIVEL SUPERIOR EN EDUCACION INICIAL,Presencial,Vespertina,1,Plan Regular,4,0,4,Biobío,ARAUCO,TIRUA,Pregrado,Técnico de Nivel Superior,Carreras Técnicas,Educación Media,VIGENTE CON ALUMNOS NUEVOS,Monto en Pesos,0,1700000,,Educación,Educación,Formación de Personal Docente y Ciencias de la Educación,Técnico Asistente del Educador de Párvulos,Educación,Educación,NO ACREDITADA,BAJO TUTELA,,,0,0,1
2024,93843,I144S1C8J1V1,5429576.0,1,200505,15 a 19 años,2024,1,2024,1,Institutos Profesionales,Institutos Profesionales,Institutos Profesionales,144,IP ARCOS,1,CASA CENTRAL (SANTIAGO),8,ACTUACION,Presencial,Diurna,1,Plan Regular,8,0,8,Metropolitana,SANTIAGO,SANTIAGO,Pregrado,Profesional Sin Licenciatura,Carreras Profesionales,Educación Media,VIGENTE CON ALUMNOS NUEVOS,Monto en Pesos,230000,4457000,,Arte y Arquitectura,Humanidades y Artes,Artes,Actuación y Teatro,Artes y Humanidades,Artes,NO ACREDITADA,ACREDITADA,08/09/2021 - 08/09/2025,4.0,0,0,1
2024,1062696,I367S4C11J1V1,13349763.0,1,200307,20 a 24 años,2023,1,2023,1,Centros de Formación Técnica,Centros de Formación Técnica,Centros de Formación Técnica,367,CFT SAN AGUSTIN,4,SEDE CURICO,11,TECNICO EN VINICULTURA,Presencial,Diurna,1,Plan Regular,5,0,5,Maule,CURICO,CURICO,Pregrado,Técnico de Nivel Superior,Carreras Técnicas,Educación Media,VIGENTE CON ALUMNOS NUEVOS,Monto en Pesos,60000,2489000,,Agropecuaria,"Ingeniería, Industria y Construcción",Industria y Producción,Técnico en Vitivinicultura y/o Enología,"Ingeniería, Industria y Construcción",Industria y Producción,NO ACREDITADA,ACREDITADA,11/12/2018 - 11/12/2023,5.0,0,0,1
2024,98385,I367S3C9J2V1,18463408.0,2,200604,15 a 19 años,2024,1,2024,1,Centros de Formación Técnica,Centros de Formación Técnica,Centros de Formación Técnica,367,CFT SAN AGUSTIN,3,SEDE LINARES,9,TECNICO EN OBRAS CIVILES,Presencial,Vespertina,1,Plan Regular,5,0,5,Maule,LINARES,LINARES,Pregrado,Técnico de Nivel Superior,Carreras Técnicas,Educación Media,VIGENTE CON ALUMNOS NUEVOS,Monto en Pesos,60000,2423000,,Tecnología,"Ingeniería, Industria y Construcción",Arquitectura y Construcción,Técnico en Construcción y Obras Civiles,"Ingeniería, Industria y Construcción",Arquitectura y Construcción,ACREDITADA,ACREDITADA,11/12/2018 - 11/12/2023,5.0,0,0,1
2024,97498,I367S4C190J1V1,10448062.0,2,200210,20 a 24 años,2024,1,2024,1,Centros de Formación Técnica,Centros de Formación Técnica,Centros de Formación Técnica,367,CFT SAN AGUSTIN,4,SEDE CURICO,190,TECNICO EN MASOTERAPIA,Presencial,Diurna,1,Plan Regular,5,0,5,Maule,CURICO,CURICO,Pregrado,Técnico de Nivel Superior,Carreras Técnicas,Educación Media,VIGENTE CON ALUMNOS NUEVOS,Monto en Pesos,60000,2679000,,Salud,Salud y Servicios Sociales,Medicina,Técnico en Masoterapia,Salud y Bienestar,Salud,NO ACREDITADA,ACREDITADA,11/12/2018 - 11/12/2023,5.0,0,0,1
2024,661401,I367S2C137J1V1,6212885.0,1,200001,20 a 24 años,2023,1,2023,1,Centros de Formación Técnica,Centros de Formación Técnica,Centros de Formación Técnica,367,CFT SAN AGUSTIN,2,SEDE CAUQUENES,137,TECNICO EN ENFERMERIA,Presencial,Diurna,1,Plan Regular,5,0,5,Maule,CAUQUENES,CAUQUENES,Pregrado,Técnico de Nivel Superior,Carreras Técnicas,Educación Media,VIGENTE CON ALUMNOS NUEVOS,Monto en Pesos,60000,2679000,,Salud,Salud y Servicios Sociales,Medicina,Técnico en Enfermería,Salud y Bienestar,Salud,NO ACREDITADA,ACREDITADA,11/12/2018 - 11/12/2023,5.0,0,0,1
2024,1347163,I106S6C263J4V4,8592433.0,1,199604,25 a 29 años,2020,1,2020,1,Institutos Profesionales,Institutos Profesionales,Institutos Profesionales,106,IP PROVIDENCIA,6,SEDE VICUÑA MACKENNA (SANTIAGO VICUÑA MACKENNA 380),263,INGENIERIA EN CONTROL DE GESTION,No Presencial,A Distancia,4,Plan Regular,8,0,8,Metropolitana,SANTIAGO,PROVIDENCIA,Pregrado,Profesional Sin Licenciatura,Carreras Profesionales,Educación Media,VIGENTE CON ALUMNOS NUEVOS,Monto en Pesos,145000,1998639,,Administración y Comercio,"Ciencias Sociales, Enseñanza Comercial y Derecho",Enseñanza Comercial y Administración,Ingeniería en Control de Gestión,Administración de Empresas y Derecho,Educación Comercial y Administración,NO ACREDITADA,ACREDITADA,13/04/2022 - 13/04/2025,3.0,0,0,1
2024,1343277,I106S6C262J4V2,17006580.0,2,198810,35 a 39 años,2024,2,2024,2,Institutos Profesionales,Institutos Profesionales,Institutos Profesionales,106,IP PROVIDENCIA,6,SEDE VICUÑA MACKENNA (SANTIAGO VICUÑA MACKENNA 380),262,INGENIERIA EN ADMINISTRACION MENCION MARKETING O FINANZAS O RECURSOS HUMANOS,No Presencial,A Distancia,2,Plan Regular,8,0,8,Metropolitana,SANTIAGO,PROVIDENCIA,Pregrado,Profesional Sin Licenciatura,Carreras Profesionales,Educación Media,VIGENTE CON ALUMNOS NUEVOS,Monto en Pesos,145000,2098586,,Administración y Comercio,"Ciencias Sociales, Enseñanza Comercial y Derecho",Enseñanza Comercial y Administración,Administración de Empresas e Ing. Asociadas,Administración de Empresas y Derecho,Educación Comercial y Administración,NO ACREDITADA,ACREDITADA,13/04/2022 - 13/04/2025,3.0,0,0,1
2024,1008921,I116S34C8J1V1,7574438.0,1,200302,20 a 24 años,2022,1,2022,1,Institutos Profesionales,Institutos Profesionales,Institutos Profesionales,116,IP SANTO TOMAS,34,SEDE CONCEPCION,8,INGENIERIA EN INFORMATICA,Presencial,Diurna,1,Plan Regular,8,0,8,Biobío,CONCEPCION,CONCEPCION,Pregrado,Profesional Sin Licenciatura,Carreras Profesionales,Educación Media,VIGENTE CON ALUMNOS NUEVOS,Monto en Pesos,117000,2357000,,Tecnología,Ciencias,Informática,Ingeniería en Computación e Informática,Tecnología de la Información y la Comunicación (TIC),Tecnología de la Información y la Comunicación (TIC),NO ACREDITADA,ACREDITADA,20/01/2021 - 20/01/2026,5.0,0,0,1
2024,40614,I116S31C196J1V1,19042243.0,2,200208,20 a 24 años,2024,1,2024,1,Institutos Profesionales,Institutos Profesionales,Institutos Profesionales,116,IP SANTO TOMAS,31,SEDE SANTIAGO,196,PSICOPEDAGOGIA,Presencial,Diurna,1,Plan Regular,8,0,8,Metropolitana,SANTIAGO,SANTIAGO,Pregrado,Profesional Sin Licenciatura,Carreras Profesionales,Educación Media,VIGENTE CON ALUMNOS NUEVOS,Monto en Pesos,117000,2190000,,Educación,Educación,Formación de Personal Docente y Ciencias de la Educación,Psicopedagogía,Educación,Educación,NO ACREDITADA,ACREDITADA,20/01/2021 - 20/01/2026,5.0,0,0,1
2024,1252018,I117S1C122J4V1,5592608.0,1,198104,40 y más años,2023,2,2023,2,Institutos Profesionales,Institutos Profesionales,Institutos Profesionales,117,IP IACC,1,CASA CENTRAL (SANTIAGO),122,TECNICO DE NIVEL SUPERIOR EN SEGURIDAD PRIVADA,No Presencial,A Distancia,1,Plan Regular,4,1,5,Metropolitana,SANTIAGO,PROVIDENCIA,Pregrado,Técnico de Nivel Superior,Carreras Técnicas,Educación Media,VIGENTE CON ALUMNOS NUEVOS,Monto en Pesos,100000,1790000,,Administración y Comercio,Servicios,Servicios de Seguridad,Técnico en Seguridad Privada,Servicios,Servicios de Seguridad,NO ACREDITADA,ACREDITADA,01/06/2022 - 01/06/2026,4.0,0,0,1
2024,1250628,I117S1C68J4V1,16246627.0,1,199512,25 a 29 años,2024,1,2024,1,Institutos Profesionales,Institutos Profesionales,Institutos Profesionales,117,IP IACC,1,CASA CENTRAL (SANTIAGO),68,TECNICO DE NIVEL SUPERIOR EN ADMINISTRACION DE REDES,No Presencial,A Distancia,1,Plan Regular,5,1,5,Metropolitana,SANTIAGO,PROVIDENCIA,Pregrado,Técnico de Nivel Superior,Carreras Técnicas,Educación Media,VIGENTE CON ALUMNOS NUEVOS,Monto en Pesos,100000,1910000,,Tecnología,Ciencias,Informática,Técnico en Administración de Redes y Soporte,Tecnología de la Información y la Comunicación (TIC),Tecnología de la Información y la Comunicación (TIC),NO ACREDITADA,ACREDITADA,01/06/2022 - 01/06/2026,4.0,0,0,1
2024,1243849,I117S1C17J4V1,15988701.0,2,199411,25 a 29 años,2023,2,2023,2,Institutos Profesionales,Institutos Profesionales,Institutos Profesionales,117,IP IACC,1,CASA CENTRAL (SANTIAGO),17,TECNICO DE NIVEL SUPERIOR EN INFORMATICA,No Presencial,A Distancia,1,Plan Regular,5,1,5,Metropolitana,SANTIAGO,PROVIDENCIA,Pregrado,Técnico de Nivel Superior,Carreras Técnicas,Educación Media,VIGENTE CON ALUMNOS NUEVOS,Monto en Pesos,100000,1990000,,Tecnología,Ciencias,Informática,Técnico en Computación e Informática,Tecnología de la Información y la Comunicación (TIC),Tecnología de la Información y la Comunicación (TIC),NO ACREDITADA,ACREDITADA,01/06/2022 - 01/06/2026,4.0,0,0,1
2024,1263232,I117S1C70J4V1,4934681.0,2,199305,30 a 34 años,2020,1,2020,1,Institutos Profesionales,Institutos Profesionales,Institutos Profesionales,117,IP IACC,1,CASA CENTRAL (SANTIAGO),70,TECNICO DE NIVEL SUPERIOR EN EDUCACION DIFERENCIAL,No Presencial,A Distancia,1,Plan Regular,5,1,5,Metropolitana,SANTIAGO,PROVIDENCIA,Pregrado,Técnico de Nivel Superior,Carreras Técnicas,Educación Media,VIGENTE CON ALUMNOS NUEVOS,Monto en Pesos,100000,1710000,,Educación,Educación,Formación de Personal Docente y Ciencias de la Educación,Técnico Asistente del Educador Diferencial,Educación,Educación,NO ACREDITADA,ACREDITADA,01/06/2022 - 01/06/2026,4.0,0,0,1
2024,1237583,I117S1C73J4V1,6693090.0,2,199606,25 a 29 años,2021,2,2021,2,Institutos Profesionales,Institutos Profesionales,Institutos Profesionales,117,IP IACC,1,CASA CENTRAL (SANTIAGO),73,TECNICO DE NIVEL SUPERIOR EN PROCESOS MINEROS,No Presencial,A Distancia,1,Plan Regular,5,1,5,Metropolitana,SANTIAGO,PROVIDENCIA,Pregrado,Técnico de Nivel Superior,Carreras Técnicas,Educación Media,VIGENTE CON ALUMNOS NUEVOS,Monto en Pesos,100000,1900000,,Tecnología,"Ingeniería, Industria y Construcción",Industria y Producción,Técnico en Minería,"Ingeniería, Industria y Construcción",Industria y Producción,NO ACREDITADA,ACREDITADA,01/06/2022 - 01/06/2026,4.0,0,0,1
2024,1253123,I117S1C73J4V1,11614473.0,1,198608,35 a 39 años,2023,1,2023,1,Institutos Profesionales,Institutos Profesionales,Institutos Profesionales,117,IP IACC,1,CASA CENTRAL (SANTIAGO),73,TECNICO DE NIVEL SUPERIOR EN PROCESOS MINEROS,No Presencial,A Distancia,1,Plan Regular,5,1,5,Metropolitana,SANTIAGO,PROVIDENCIA,Pregrado,Técnico de Nivel Superior,Carreras Técnicas,Educación Media,VIGENTE CON ALUMNOS NUEVOS,Monto en Pesos,100000,1900000,,Tecnología,"Ingeniería, Industria y Construcción",Industria y Producción,Técnico en Minería,"Ingeniería, Industria y Construcción",Industria y Producción,NO ACREDITADA,ACREDITADA,01/06/2022 - 01/06/2026,4.0,0,0,1
2024,1266449,I117S1C1J4V1,13855445.0,2,198802,35 a 39 años,2023,2,2023,2,Institutos Profesionales,Institutos Profesionales,Institutos Profesionales,117,IP IACC,1,CASA CENTRAL (SANTIAGO),1,TECNICO SUPERIOR EN ADMINISTRACION DE EMPRESAS,No Presencial,A Distancia,1,Plan Regular,5,1,5,Metropolitana,SANTIAGO,PROVIDENCIA,Pregrado,Técnico de Nivel Superior,Carreras Técnicas,Educación Media,VIGENTE CON ALUMNOS NUEVOS,Monto en Pesos,100000,1960000,,Administración y Comercio,"Ciencias Sociales, Enseñanza Comercial y Derecho",Enseñanza Comercial y Administración,Técnico en Administración de Empresas,Administración de Empresas y Derecho,Educación Comercial y Administración,NO ACREDITADA,ACREDITADA,01/06/2022 - 01/06/2026,4.0,0,0,1
2024,1235097,I117S1C67J4V1,14707839.0,1,197110,40 y más años,2017,2,2017,2,Institutos Profesionales,Institutos Profesionales,Institutos Profesionales,117,IP IACC,1,CASA CENTRAL (SANTIAGO),67,INGENIERIA INDUSTRIAL,No Presencial,A Distancia,1,Plan Regular,8,1,8,Metropolitana,SANTIAGO,PROVIDENCIA,Pregrado,Profesional Sin Licenciatura,Carreras Profesionales,Educación Media,VIGENTE CON ALUMNOS NUEVOS,Monto en Pesos,100000,2120000,,Tecnología,"Ingeniería, Industria y Construcción",Ingeniería y Profesiones Afines,Ingeniería Industrial,"Ingeniería, Industria y Construcción",Ingeniería y Profesiones Afines,NO ACREDITADA,ACREDITADA,01/06/2022 - 01/06/2026,4.0,0,0,1
2024,1277040,I117S1C27J4V1,19315555.0,2,199404,30 a 34 años,2022,1,2022,1,Institutos Profesionales,Institutos Profesionales,Institutos Profesionales,117,IP IACC,1,CASA CENTRAL (SANTIAGO),27,INGENIERIA EN PREVENCION DE RIESGOS,No Presencial,A Distancia,1,Plan Regular,8,1,8,Metropolitana,SANTIAGO,PROVIDENCIA,Pregrado,Profesional Sin Licenciatura,Carreras Profesionales,Educación Media,VIGENTE CON ALUMNOS NUEVOS,Monto en Pesos,100000,2120000,,Tecnología,Servicios,Servicios de Seguridad,Ingeniería en Prevención de Riesgos,Servicios,Servicios de Higiene y Salud Ocupacional,NO ACREDITADA,ACREDITADA,01/06/2022 - 01/06/2026,4.0,0,0,1
2024,402248,I260S47C118J2V1,13351790.0,2,200012,20 a 24 años,2022,1,2022,1,Centros de Formación Técnica,Centros de Formación Técnica,Centros de Formación Técnica,260,CFT SANTO TOMAS,47,SEDE PUENTE ALTO,118,TECNICO EN ENFERMERIA GINECO-OBSTETRICA Y NEONATAL,Presencial,Vespertina,1,Plan Regular,5,0,5,Metropolitana,CORDILLERA,PUENTE ALTO,Pregrado,Técnico de Nivel Superior,Carreras Técnicas,Educación Media,VIGENTE CON ALUMNOS NUEVOS,Monto en Pesos,84000,2304000,,Salud,Salud y Servicios Sociales,Medicina,Técnico en Enfermería,Salud y Bienestar,Salud,NO ACREDITADA,ACREDITADA,20/12/2019 - 20/12/2024,5.0,0,0,1
2024,424450,I260S25C285J1V1,19508442.0,2,199801,25 a 29 años,2022,1,2022,1,Centros de Formación Técnica,Centros de Formación Técnica,Centros de Formación Técnica,260,CFT SANTO TOMAS,25,SEDE TALCA,285,TECNICO EN VETERINARIA Y PRODUCCION PECUARIA,Presencial,Diurna,1,Plan Regular,5,0,5,Maule,TALCA,TALCA,Pregrado,Técnico de Nivel Superior,Carreras Técnicas,Educación Media,VIGENTE CON ALUMNOS NUEVOS,Monto en Pesos,84000,2338000,,Agropecuaria,Agricultura,Veterinaria,Técnico Veterinario,"Agricultura, Silvicultura, Pesca y Veterinaria",Veterinaria,NO ACREDITADA,ACREDITADA,20/12/2019 - 20/12/2024,5.0,0,0,1
2024,488613,I260S22C100J1V1,13179779.0,2,200403,20 a 24 años,2022,1,2022,1,Centros de Formación Técnica,Centros de Formación Técnica,Centros de Formación Técnica,260,CFT SANTO TOMAS,22,SEDE LA SERENA,100,TECNICO JURIDICO,Presencial,Diurna,1,Plan Regular,5,0,5,Coquimbo,ELQUI,LA SERENA,Pregrado,Técnico de Nivel Superior,Carreras Técnicas,Educación Media,VIGENTE CON ALUMNOS NUEVOS,Monto en Pesos,84000,1935000,,Derecho,"Ciencias Sociales, Enseñanza Comercial y Derecho",Derecho,Técnico Jurídico,Administración de Empresas y Derecho,Derecho,NO ACREDITADA,ACREDITADA,20/12/2019 - 20/12/2024,5.0,0,0,1
2024,1009962,I260S11C79J1V1,19916196.0,1,200109,20 a 24 años,2022,1,2022,1,Centros de Formación Técnica,Centros de Formación Técnica,Centros de Formación Técnica,260,CFT SANTO TOMAS,11,SEDE TEMUCO,79,TECNICO EN EDUCACION ESPECIAL,Presencial,Diurna,1,Plan Regular,5,0,5,La Araucanía,CAUTIN,TEMUCO,Pregrado,Técnico de Nivel Superior,Carreras Técnicas,Educación Media,VIGENTE CON ALUMNOS NUEVOS,Monto en Pesos,84000,1856000,,Educación,Educación,Formación de Personal Docente y Ciencias de la Educación,Técnico Asistente del Educador Diferencial,Educación,Educación,NO ACREDITADA,ACREDITADA,20/12/2019 - 20/12/2024,5.0,0,0,1
2024,484648,I260S11C78J2V1,22847776.0,1,200301,20 a 24 años,2023,1,2023,1,Centros de Formación Técnica,Centros de Formación Técnica,Centros de Formación Técnica,260,CFT SANTO TOMAS,11,SEDE TEMUCO,78,TECNICO EN CONSTRUCCIONES CIVILES,Presencial,Vespertina,1,Plan Regular,5,0,5,La Araucanía,CAUTIN,TEMUCO,Pregrado,Técnico de Nivel Superior,Carreras Técnicas,Educación Media,VIGENTE CON ALUMNOS NUEVOS,Monto en Pesos,84000,1978000,,Tecnología,"Ingeniería, Industria y Construcción",Arquitectura y Construcción,Técnico en Construcción y Obras Civiles,"Ingeniería, Industria y Construcción",Arquitectura y Construcción,NO ACREDITADA,ACREDITADA,20/12/2019 - 20/12/2024,5.0,0,0,1
2024,418548,I260S47C234J2V1,17257217.0,2,198003,40 y más años,2023,1,2023,1,Centros de Formación Técnica,Centros de Formación Técnica,Centros de Formación Técnica,260,CFT SANTO TOMAS,47,SEDE PUENTE ALTO,234,TECNICO EN ADMINISTRACION LOGISTICA,Presencial,Vespertina,1,Plan Regular,5,0,5,Metropolitana,CORDILLERA,PUENTE ALTO,Pregrado,Técnico de Nivel Superior,Carreras Técnicas,Educación Media,VIGENTE CON ALUMNOS NUEVOS,Monto en Pesos,84000,2078000,,Administración y Comercio,"Ciencias Sociales, Enseñanza Comercial y Derecho",Enseñanza Comercial y Administración,Técnico en Logística,Administración de Empresas y Derecho,Educación Comercial y Administración,NO ACREDITADA,ACREDITADA,20/12/2019 - 20/12/2024,5.0,0,0,1
2024,399270,I260S50C79J1V1,22835183.0,2,200012,20 a 24 años,2023,1,2023,1,Centros de Formación Técnica,Centros de Formación Técnica,Centros de Formación Técnica,260,CFT SANTO TOMAS,50,SEDE SAN JOAQUIN,79,TECNICO EN EDUCACION ESPECIAL,Presencial,Diurna,1,Plan Regular,5,0,5,Metropolitana,SANTIAGO,SAN JOAQUIN,Pregrado,Técnico de Nivel Superior,Carreras Técnicas,Educación Media,VIGENTE CON ALUMNOS NUEVOS,Monto en Pesos,84000,1927000,,Educación,Educación,Formación de Personal Docente y Ciencias de la Educación,Técnico Asistente del Educador Diferencial,Educación,Educación,NO ACREDITADA,ACREDITADA,20/12/2019 - 20/12/2024,5.0,0,0,1
2024,483286,I260S5C43J1V1,13320427.0,1,200311,20 a 24 años,2023,1,2023,1,Centros de Formación Técnica,Centros de Formación Técnica,Centros de Formación Técnica,260,CFT SANTO TOMAS,5,SEDE OVALLE,43,TECNICO AGRICOLA,Presencial,Diurna,1,Plan Regular,5,0,5,Coquimbo,LIMARI,OVALLE,Pregrado,Técnico de Nivel Superior,Carreras Técnicas,Educación Media,VIGENTE CON ALUMNOS NUEVOS,Monto en Pesos,84000,1974000,,Agropecuaria,Agricultura,"Agricultura, Silvicultura y Pesca",Técnico Agropecuario,"Agricultura, Silvicultura, Pesca y Veterinaria",Agricultura,NO ACREDITADA,ACREDITADA,20/12/2019 - 20/12/2024,5.0,0,0,1
2024,404019,I260S11C276J1V1,5786754.0,2,200208,20 a 24 años,2023,1,2023,1,Centros de Formación Técnica,Centros de Formación Técnica,Centros de Formación Técnica,260,CFT SANTO TOMAS,11,SEDE TEMUCO,276,TECNICO EN ODONTOLOGIA MENCION HIGIENISTA DENTAL,Presencial,Diurna,1,Plan Regular,5,0,5,La Araucanía,CAUTIN,TEMUCO,Pregrado,Técnico de Nivel Superior,Carreras Técnicas,Educación Media,VIGENTE CON ALUMNOS NUEVOS,Monto en Pesos,84000,2367000,,Salud,Salud y Servicios Sociales,Medicina,Técnico Dental y Asistente de Odontología,Salud y Bienestar,Salud,NO ACREDITADA,ACREDITADA,20/12/2019 - 20/12/2024,5.0,0,0,1
2024,393277,I260S35C320J1V1,15865867.0,2,200108,20 a 24 años,2023,1,2023,1,Centros de Formación Técnica,Centros de Formación Técnica,Centros de Formación Técnica,260,CFT SANTO TOMAS,35,SEDE OSORNO,320,TECNICO EN EDUCACION PARVULARIA 1° Y 2° BASICO,Presencial,Diurna,1,Plan Regular,5,0,5,Los Lagos,OSORNO,OSORNO,Pregrado,Técnico de Nivel Superior,Carreras Técnicas,Educación Media,VIGENTE CON ALUMNOS NUEVOS,Monto en Pesos,84000,1826000,,Educación,Educación,Formación de Personal Docente y Ciencias de la Educación,Técnico Asistente del Educador de Párvulos,Educación,Educación,NO ACREDITADA,ACREDITADA,20/12/2019 - 20/12/2024,5.0,0,0,1
2024,423584,I260S21C47J2V1,5036129.0,2,199305,30 a 34 años,2023,1,2023,1,Centros de Formación Técnica,Centros de Formación Técnica,Centros de Formación Técnica,260,CFT SANTO TOMAS,21,SEDE SANTIAGO,47,TECNICO EN ENFERMERIA,Presencial,Vespertina,1,Plan Regular,5,0,5,Metropolitana,SANTIAGO,SANTIAGO,Pregrado,Técnico de Nivel Superior,Carreras Técnicas,Educación Media,VIGENTE CON ALUMNOS NUEVOS,Monto en Pesos,84000,2335000,,Salud,Salud y Servicios Sociales,Medicina,Técnico en Enfermería,Salud y Bienestar,Salud,NO ACREDITADA,ACREDITADA,20/12/2019 - 20/12/2024,5.0,0,0,1
2024,424304,I260S47C47J1V1,12811041.0,2,199010,30 a 34 años,2023,1,2023,1,Centros de Formación Técnica,Centros de Formación Técnica,Centros de Formación Técnica,260,CFT SANTO TOMAS,47,SEDE PUENTE ALTO,47,TECNICO EN ENFERMERIA,Presencial,Diurna,1,Plan Regular,5,0,5,Metropolitana,CORDILLERA,PUENTE ALTO,Pregrado,Técnico de Nivel Superior,Carreras Técnicas,Educación Media,VIGENTE CON ALUMNOS NUEVOS,Monto en Pesos,84000,2450000,,Salud,Salud y Servicios Sociales,Medicina,Técnico en Enfermería,Salud y Bienestar,Salud,NO ACREDITADA,ACREDITADA,20/12/2019 - 20/12/2024,5.0,0,0,1
2024,20255,I260S41C320J2V1,5955722.0,2,197309,40 y más años,2024,1,2024,1,Centros de Formación Técnica,Centros de Formación Técnica,Centros de Formación Técnica,260,CFT SANTO TOMAS,41,SEDE RANCAGUA,320,TECNICO EN EDUCACION PARVULARIA 1° Y 2° BASICO,Presencial,Vespertina,1,Plan Regular,5,0,5,Lib. Gral. B. O'Higgins,CACHAPOAL,RANCAGUA,Pregrado,Técnico de Nivel Superior,Carreras Técnicas,Educación Media,VIGENTE CON ALUMNOS NUEVOS,Monto en Pesos,84000,1786000,,Educación,Educación,Formación de Personal Docente y Ciencias de la Educación,Técnico Asistente del Educador de Párvulos,Educación,Educación,NO ACREDITADA,ACREDITADA,20/12/2019 - 20/12/2024,5.0,0,0,1
2024,24905,I260S41C320J2V1,19148611.0,2,200403,20 a 24 años,2024,1,2024,1,Centros de Formación Técnica,Centros de Formación Técnica,Centros de Formación Técnica,260,CFT SANTO TOMAS,41,SEDE RANCAGUA,320,TECNICO EN EDUCACION PARVULARIA 1° Y 2° BASICO,Presencial,Vespertina,1,Plan Regular,5,0,5,Lib. Gral. B. O'Higgins,CACHAPOAL,RANCAGUA,Pregrado,Técnico de Nivel Superior,Carreras Técnicas,Educación Media,VIGENTE CON ALUMNOS NUEVOS,Monto en Pesos,84000,1786000,,Educación,Educación,Formación de Personal Docente y Ciencias de la Educación,Técnico Asistente del Educador de Párvulos,Educación,Educación,NO ACREDITADA,ACREDITADA,20/12/2019 - 20/12/2024,5.0,0,0,1
2024,37063,I260S42C280J1V1,15443112.0,2,200412,15 a 19 años,2024,1,2024,1,Centros de Formación Técnica,Centros de Formación Técnica,Centros de Formación Técnica,260,CFT SANTO TOMAS,42,SEDE CHILLAN,280,GASTRONOMIA INTERNACIONAL Y TRADICIONAL CHILENA,Presencial,Diurna,1,Plan Regular,5,0,5,Ñuble,DIGUILLIN,CHILLAN,Pregrado,Técnico de Nivel Superior,Carreras Técnicas,Educación Media,VIGENTE CON ALUMNOS NUEVOS,Monto en Pesos,84000,2663000,,Administración y Comercio,Servicios,Servicios Personales,Técnico en Gastronomía y Cocina,Servicios,Servicios personales,NO ACREDITADA,ACREDITADA,20/12/2019 - 20/12/2024,5.0,0,0,1
2024,26395,I260S37C280J1V1,20344528.0,1,200306,20 a 24 años,2024,1,2024,1,Centros de Formación Técnica,Centros de Formación Técnica,Centros de Formación Técnica,260,CFT SANTO TOMAS,37,SEDE PUERTO MONTT,280,GASTRONOMIA INTERNACIONAL Y TRADICIONAL CHILENA,Presencial,Diurna,1,Plan Regular,5,0,5,Los Lagos,LLANQUIHUE,PUERTO MONTT,Pregrado,Técnico de Nivel Superior,Carreras Técnicas,Educación Media,VIGENTE CON ALUMNOS NUEVOS,Monto en Pesos,84000,2833000,,Administración y Comercio,Servicios,Servicios Personales,Técnico en Gastronomía y Cocina,Servicios,Servicios personales,NO ACREDITADA,ACREDITADA,20/12/2019 - 20/12/2024,5.0,0,0,1
2024,36728,I260S25C108J1V1,11720825.0,1,200504,15 a 19 años,2024,1,2024,1,Centros de Formación Técnica,Centros de Formación Técnica,Centros de Formación Técnica,260,CFT SANTO TOMAS,25,SEDE TALCA,108,PREPARADOR FISICO,Presencial,Diurna,1,Plan Regular,5,0,5,Maule,TALCA,TALCA,Pregrado,Técnico de Nivel Superior,Carreras Técnicas,Educación Media,VIGENTE CON ALUMNOS NUEVOS,Monto en Pesos,84000,2448000,,Educación,Servicios,Servicios Personales,"Técnico en Deporte, Recreación y Preparación Física",Servicios,Servicios personales,NO ACREDITADA,ACREDITADA,20/12/2019 - 20/12/2024,5.0,0,0,1
2024,26305,I260S12C108J1V1,6981471.0,1,200209,20 a 24 años,2024,1,2024,1,Centros de Formación Técnica,Centros de Formación Técnica,Centros de Formación Técnica,260,CFT SANTO TOMAS,12,SEDE VALDIVIA,108,PREPARADOR FISICO,Presencial,Diurna,1,Plan Regular,5,0,5,Los Ríos,VALDIVIA,VALDIVIA,Pregrado,Técnico de Nivel Superior,Carreras Técnicas,Educación Media,VIGENTE CON ALUMNOS NUEVOS,Monto en Pesos,84000,1980000,,Educación,Servicios,Servicios Personales,"Técnico en Deporte, Recreación y Preparación Física",Servicios,Servicios personales,NO ACREDITADA,ACREDITADA,20/12/2019 - 20/12/2024,5.0,0,0,1
2024,2009160,I152S10C340J4V1,8904075.0,2,198901,35 a 39 años,2024,1,2024,1,Institutos Profesionales,Institutos Profesionales,Institutos Profesionales,152,IP LATINOAMERICANO DE COMERCIO EXTERIOR - IPLACEX,10,SEDE SANTIAGO,340,POST-TITULO DE MENCION DE NECESIDADES EDUCATIVAS ESPECIALES,No Presencial,A Distancia,1,Plan Regular,4,1,4,Metropolitana,SANTIAGO,SANTIAGO,Postítulo,Postítulo,Postítulo,Técnico de Nivel Superior,VIGENTE CON ALUMNOS NUEVOS,Monto en Pesos,0,729000,,Educación,Educación,Formación de Personal Docente y Ciencias de la Educación,Postítulo en Educación,Educación,Educación,NO ACREDITADA,ACREDITADA,06/10/2021 - 06/10/2025,4.0,0,0,1
2024,1339305,I106S6C20J4V4,6853250.0,2,199103,30 a 34 años,2023,2,2023,2,Institutos Profesionales,Institutos Profesionales,Institutos Profesionales,106,IP PROVIDENCIA,6,SEDE VICUÑA MACKENNA (SANTIAGO VICUÑA MACKENNA 380),20,SERVICIO SOCIAL,No Presencial,A Distancia,4,Plan Especial,4,0,4,Metropolitana,SANTIAGO,PROVIDENCIA,Pregrado,Profesional Sin Licenciatura,Carreras Profesionales,Técnico de Nivel Superior,VIGENTE CON ALUMNOS NUEVOS,Monto en Pesos,145000,2098586,,Ciencias Sociales,Salud y Servicios Sociales,Servicios Sociales,Trabajo Social,Salud y Bienestar,Bienestar,NO ACREDITADA,ACREDITADA,13/04/2022 - 13/04/2025,3.0,0,0,10
2024,2087135,I31S1C367J4V1,21492672.0,2,198012,40 y más años,2024,1,2024,1,Universidades,Universidades Privadas,Universidades Privadas,31,UNIVERSIDAD AUTONOMA DE CHILE,1,CASA CENTRAL (TEMUCO),367,DIPLOMADO EN METODOS DE INVESTIGACION Y PUBLICACIONES ACADEMICAS,No Presencial,A Distancia,1,Plan Regular,1,0,1,La Araucanía,CAUTIN,TEMUCO,Postítulo,Diplomado (desde un semestre),Postítulo,Título Profesional,VIGENTE CON ALUMNOS NUEVOS,Monto en Pesos,120000,900000,0.0,Tecnología,"Ingeniería, Industria y Construcción",Ingeniería y Profesiones Afines,Postítulo en Tecnología,"Ingeniería, Industria y Construcción",Ingeniería y Profesiones Afines,NO ACREDITADA,ACREDITADA,29/10/2019 - 29/10/2024,5.0,0,0,1
2024,1185435,I39S2C239J2V2,10381147.0,1,199501,25 a 29 años,1900,0,2022,1,Universidades,Universidades Privadas,Universidades Privadas,39,UNIVERSIDAD SAN SEBASTIAN,2,SEDE CONCEPCION,239,INGENIERIA EN LOGISTICA Y TRANSPORTE,Presencial,Vespertina,2,Plan Regular de Continuidad,5,0,5,Biobío,CONCEPCION,CONCEPCION,Pregrado,Profesional Con Licenciatura,Carreras Profesionales,Bachillerato,VIGENTE CON ALUMNOS NUEVOS,Monto en Pesos,241500,3481200,0.0,Administración y Comercio,"Ciencias Sociales, Enseñanza Comercial y Derecho",Enseñanza Comercial y Administración,Ingeniería en Logística,Administración de Empresas y Derecho,Educación Comercial y Administración,NO ACREDITADA,ACREDITADA,28/10/2021 - 28/10/2026,5.0,0,0,5
2024,856714,I17S2C57J3V1,14362837.0,1,199108,30 a 34 años,2023,1,2023,1,Universidades,Universidades Privadas,Universidades Privadas,17,UNIVERSIDAD SEK,2,SEDE PROVIDENCIA,57,ENFERMERIA,Semipresencial,Semipresencial,1,Plan Regular,10,0,10,Metropolitana,SANTIAGO,PROVIDENCIA,Pregrado,Profesional Con Licenciatura,Carreras Profesionales,Educación Media,VIGENTE CON ALUMNOS NUEVOS,Monto en Pesos,278000,4459000,0.0,Salud,Salud y Servicios Sociales,Medicina,Enfermería,Salud y Bienestar,Salud,NO ACREDITADA,ACREDITADA,25/08/2021 - 25/08/2024,3.0,0,0,1
2024,2042618,I34S1C615J3V1,14706768.0,2,198912,30 a 34 años,2023,1,2023,1,Universidades,Universidades CRUCH,Universidades Privadas CRUCH,34,UNIVERSIDAD DE LOS ANDES,1,CASA CENTRAL (SANTIAGO),615,MAGISTER EN DERECHO DE FAMILIA E INFANCIA,Semipresencial,Semipresencial,1,Plan Regular,4,0,4,Metropolitana,SANTIAGO,LAS CONDES,Postgrado,Magister,Magister,Título Profesional,VIGENTE CON ALUMNOS NUEVOS,Monto en UF,5,80,0.0,Derecho,"Ciencias Sociales, Enseñanza Comercial y Derecho",Derecho,Magister en Derecho,Administración de Empresas y Derecho,Derecho,NO ACREDITADA,ACREDITADA,14/12/2022 - 14/12/2028,6.0,0,0,1
2024,885808,I39S6C1J1V2,9803806.0,1,199809,25 a 29 años,2023,1,2024,1,Universidades,Universidades Privadas,Universidades Privadas,39,UNIVERSIDAD SAN SEBASTIAN,6,SEDE SANTIAGO,1,INGENIERIA COMERCIAL,Presencial,Diurna,2,Plan Regular,8,1,8,Metropolitana,SANTIAGO,SANTIAGO,Pregrado,Profesional Con Licenciatura,Carreras Profesionales,Educación Media,VIGENTE SIN ALUMNOS NUEVOS,Monto en Pesos,242000,6214900,0.0,Administración y Comercio,"Ciencias Sociales, Enseñanza Comercial y Derecho",Enseñanza Comercial y Administración,Ingeniería Comercial,Administración de Empresas y Derecho,Educación Comercial y Administración,NO ACREDITADA,ACREDITADA,28/10/2021 - 28/10/2026,5.0,0,0,4
2024,2059446,I4S1C232J4V1,21467501.0,1,199101,30 a 34 años,2024,1,2024,1,Universidades,Universidades Privadas,Universidades Privadas,4,UNIVERSIDAD CENTRAL DE CHILE,1,SANTIAGO,232,MAGISTER EN DIRECCION Y GESTION PUBLICA,No Presencial,A Distancia,1,Plan Regular,4,0,4,Metropolitana,SANTIAGO,SANTIAGO,Postgrado,Magister,Magister,Licenciatura,VIGENTE CON ALUMNOS NUEVOS,Monto en Pesos,129600,3594000,0.0,Ciencias Sociales,"Ciencias Sociales, Enseñanza Comercial y Derecho",Enseñanza Comercial y Administración,Magister en Ciencias Sociales,Administración de Empresas y Derecho,Educación Comercial y Administración,NO ACREDITADA,ACREDITADA,13/01/2022 - 13/01/2027,5.0,0,0,1
2024,2074633,I3S1C325J1V2,10993698.0,2,199107,30 a 34 años,2023,1,2023,1,Universidades,Universidades CRUCH,Universidades Privadas CRUCH,3,UNIVERSIDAD DIEGO PORTALES,1,CASA CENTRAL (SANTIAGO),325,DOCTORADO EN DERECHO,Presencial,Diurna,2,Plan Regular,8,0,8,Metropolitana,SANTIAGO,SANTIAGO,Postgrado,Doctorado,Doctorado,Licenciatura,VIGENTE CON ALUMNOS NUEVOS,Monto en Pesos,0,5500000,0.0,Derecho,"Ciencias Sociales, Enseñanza Comercial y Derecho",Derecho,Doctorado en Derecho,Administración de Empresas y Derecho,Derecho,NO ACREDITADA,ACREDITADA,15/11/2023 - 15/11/2029,6.0,0,0,10
2024,2076738,I3S1C565J4V1,22565576.0,2,196802,40 y más años,2023,1,2023,1,Universidades,Universidades CRUCH,Universidades Privadas CRUCH,3,UNIVERSIDAD DIEGO PORTALES,1,CASA CENTRAL (SANTIAGO),565,DIPLOMADO EN HERRAMIENTAS PARA LA ADMINISTRACION PUBLICA,No Presencial,A Distancia,1,Plan Regular,1,0,1,Metropolitana,SANTIAGO,SANTIAGO,Postítulo,Diplomado (desde un semestre),Postítulo,Título Profesional,VIGENTE CON ALUMNOS NUEVOS,Monto en Pesos,0,1250000,0.0,Administración y Comercio,"Ciencias Sociales, Enseñanza Comercial y Derecho",Enseñanza Comercial y Administración,Postítulo en Administración y Comercio,Administración de Empresas y Derecho,Educación Comercial y Administración,NO ACREDITADA,ACREDITADA,15/11/2023 - 15/11/2029,6.0,0,0,10
2024,2051590,I34S1C443J3V1,8024650.0,1,198301,40 y más años,2021,1,2021,1,Universidades,Universidades CRUCH,Universidades Privadas CRUCH,34,UNIVERSIDAD DE LOS ANDES,1,CASA CENTRAL (SANTIAGO),443,DIPLOMADO DERECHO URBANISTICO,Semipresencial,Semipresencial,1,Plan Regular,1,0,1,Metropolitana,SANTIAGO,LAS CONDES,Postítulo,Diplomado (desde un semestre),Postítulo,Título Profesional,VIGENTE CON ALUMNOS NUEVOS,Monto en UF,0,80,0.0,Derecho,"Ciencias Sociales, Enseñanza Comercial y Derecho",Derecho,Postítulo en Derecho,Administración de Empresas y Derecho,Derecho,NO ACREDITADA,ACREDITADA,14/12/2022 - 14/12/2028,6.0,0,0,1
2024,2040978,I34S1C495J3V1,21178542.0,1,197503,40 y más años,2023,1,2023,1,Universidades,Universidades CRUCH,Universidades Privadas CRUCH,34,UNIVERSIDAD DE LOS ANDES,1,CASA CENTRAL (SANTIAGO),495,DIPLOMADO GESTION DE OPERACIONES Y LOGISTICA,Semipresencial,Semipresencial,1,Plan Regular,1,0,1,Metropolitana,SANTIAGO,LAS CONDES,Postítulo,Diplomado (desde un semestre),Postítulo,Técnico de Nivel Superior,VIGENTE CON ALUMNOS NUEVOS,Monto en UF,0,164,0.0,Administración y Comercio,"Ciencias Sociales, Enseñanza Comercial y Derecho",Enseñanza Comercial y Administración,Postítulo en Administración y Comercio,Administración de Empresas y Derecho,Educación Comercial y Administración,NO ACREDITADA,ACREDITADA,14/12/2022 - 14/12/2028,6.0,0,0,1
2024,2022317,I45S4C1126J4V1,11521561.0,2,198803,35 a 39 años,2024,1,2024,1,Universidades,Universidades Privadas,Universidades Privadas,45,UNIVERSIDAD DEL DESARROLLO,4,SEDE SANTIAGO (S.C. APOQUINDO),1126,DIPLOMADO EN MINDFULNESS,No Presencial,A Distancia,1,Plan Regular,2,0,2,Metropolitana,SANTIAGO,LAS CONDES,Postítulo,Diplomado (desde un semestre),Postítulo,Licenciatura,VIGENTE CON ALUMNOS NUEVOS,Monto en Pesos,0,1080000,0.0,Ciencias Sociales,"Ciencias Sociales, Enseñanza Comercial y Derecho",Ciencias Sociales y del Comportamiento,Postítulo en Ciencias Sociales,"Ciencias Sociales, Periodismo e Información",Ciencias Sociales y del Comportamiento,NO ACREDITADA,ACREDITADA,17/12/2021 - 16/12/2027,6.0,0,0,1
2024,2035779,I86S1C168J1V1,18701705.0,1,199211,30 a 34 años,2023,1,2023,1,Universidades,Universidades CRUCH,Universidades Privadas CRUCH,86,PONTIFICIA UNIVERSIDAD CATOLICA DE CHILE,1,CASA CENTRAL,168,PROGRAMA DE SUBESPECIALIDAD MEDICA EN MEDICINA INTENSIVA DEL ADULTO,Presencial,Diurna,1,Plan Regular,4,0,4,Metropolitana,SANTIAGO,SANTIAGO,Postítulo,Especialidad Médica U Odontológica,Postítulo,Título Profesional,VIGENTE CON ALUMNOS NUEVOS,Monto en Pesos,0,0,0.0,Salud,Salud y Servicios Sociales,Medicina,Postítulo en Salud,Salud y Bienestar,Salud,NO ACREDITADA,ACREDITADA,01/12/2018 - 01/12/2025,7.0,0,0,1
2024,2036184,I86S5C407J2V1,15139367.0,1,198209,40 y más años,2022,1,2022,1,Universidades,Universidades CRUCH,Universidades Privadas CRUCH,86,PONTIFICIA UNIVERSIDAD CATOLICA DE CHILE,5,CAMPUS SAN JOAQUIN,407,MAGISTER EN INGENIERIA DE LA ENERGIA,Presencial,Vespertina,1,Plan Regular,4,0,4,Metropolitana,SANTIAGO,MACUL,Postgrado,Magister,Magister,Licenciatura,VIGENTE CON ALUMNOS NUEVOS,Monto en Pesos,0,0,0.0,Tecnología,"Ingeniería, Industria y Construcción",Ingeniería y Profesiones Afines,Magister en Tecnología,"Ingeniería, Industria y Construcción",Ingeniería y Profesiones Afines,ACREDITADA,ACREDITADA,01/12/2018 - 01/12/2025,7.0,0,0,1
2024,2102126,I86S5C1241J4V1,17889793.0,2,198511,35 a 39 años,2024,1,2024,1,Universidades,Universidades CRUCH,Universidades Privadas CRUCH,86,PONTIFICIA UNIVERSIDAD CATOLICA DE CHILE,5,CAMPUS SAN JOAQUIN,1241,DIPLOMADO EN MODERNIZACION DEL NEGOCIO PYME,No Presencial,A Distancia,1,Plan Regular,2,0,2,Metropolitana,SANTIAGO,MACUL,Postítulo,Diplomado (desde un semestre),Postítulo,Título Profesional,VIGENTE CON ALUMNOS NUEVOS,Monto en Pesos,0,0,0.0,Administración y Comercio,"Ciencias Sociales, Enseñanza Comercial y Derecho",Enseñanza Comercial y Administración,Postítulo en Administración y Comercio,Administración de Empresas y Derecho,Educación Comercial y Administración,NO ACREDITADA,ACREDITADA,01/12/2018 - 01/12/2025,7.0,0,0,1
2024,961053,I39S6C45J1V2,7754824.0,1,200201,20 a 24 años,2023,1,2023,1,Universidades,Universidades Privadas,Universidades Privadas,39,UNIVERSIDAD SAN SEBASTIAN,6,SEDE SANTIAGO,45,INGENIERIA CIVIL INDUSTRIAL,Presencial,Diurna,2,Plan Regular,10,1,10,Metropolitana,SANTIAGO,SANTIAGO,Pregrado,Profesional Con Licenciatura,Carreras Profesionales,Educación Media,VIGENTE CON ALUMNOS NUEVOS,Monto en Pesos,242000,6373100,50806.0,Tecnología,"Ingeniería, Industria y Construcción",Ingeniería y Profesiones Afines,Ingeniería Civil Industrial,"Ingeniería, Industria y Construcción",Ingeniería y Profesiones Afines,NO ACREDITADA,ACREDITADA,28/10/2021 - 28/10/2026,5.0,0,0,10
2024,971019,I39S6C28J1V1,16048436.0,2,200107,20 a 24 años,2022,1,2022,1,Universidades,Universidades Privadas,Universidades Privadas,39,UNIVERSIDAD SAN SEBASTIAN,6,SEDE SANTIAGO,28,QUIMICA Y FARMACIA,Presencial,Diurna,1,Plan Regular,10,1,10,Metropolitana,SANTIAGO,SANTIAGO,Pregrado,Profesional Con Licenciatura,Carreras Profesionales,Educación Media,VIGENTE CON ALUMNOS NUEVOS,Monto en Pesos,242000,6391700,50929.0,Salud,Salud y Servicios Sociales,Medicina,Química y Farmacia,Salud y Bienestar,Salud,NO ACREDITADA,ACREDITADA,28/10/2021 - 28/10/2026,5.0,0,0,10
2024,889057,I39S2C2J1V1,11976775.0,2,200505,15 a 19 años,2024,1,2024,1,Universidades,Universidades Privadas,Universidades Privadas,39,UNIVERSIDAD SAN SEBASTIAN,2,SEDE CONCEPCION,2,PSICOLOGIA,Presencial,Diurna,1,Plan Regular,10,1,10,Biobío,CONCEPCION,CONCEPCION,Pregrado,Profesional Con Licenciatura,Carreras Profesionales,Educación Media,VIGENTE CON ALUMNOS NUEVOS,Monto en Pesos,242000,6148000,50128.0,Ciencias Sociales,"Ciencias Sociales, Enseñanza Comercial y Derecho",Ciencias Sociales y del Comportamiento,Psicología,"Ciencias Sociales, Periodismo e Información",Ciencias Sociales y del Comportamiento,NO ACREDITADA,ACREDITADA,28/10/2021 - 28/10/2026,5.0,0,0,1
2024,553028,I10S2C19J1V1,21920225.0,1,200207,20 a 24 años,2021,1,2022,1,Universidades,Universidades Privadas,Universidades Privadas,10,UNIVERSIDAD MAYOR,2,SEDE ALAMEDA,19,ODONTOLOGIA,Presencial,Diurna,1,Plan Regular,12,0,12,Metropolitana,SANTIAGO,SANTIAGO,Pregrado,Profesional Con Licenciatura,Carreras Profesionales,Educación Media,VIGENTE CON ALUMNOS NUEVOS,Monto en Pesos,1056300,9948960,39122.0,Salud,Salud y Servicios Sociales,Medicina,Odontología,Salud y Bienestar,Salud,ACREDITADA,ACREDITADA,27/10/2021 - 27/10/2026,5.0,0,0,2
2024,895579,I39S7C8J1V1,12025800.0,2,200502,15 a 19 años,2024,1,2024,1,Universidades,Universidades Privadas,Universidades Privadas,39,UNIVERSIDAD SAN SEBASTIAN,7,SEDE VALDIVIA,8,MEDICINA,Presencial,Diurna,1,Plan Regular,14,4,14,Los Ríos,VALDIVIA,VALDIVIA,Pregrado,Profesional Con Licenciatura,Carreras Profesionales,Educación Media,VIGENTE CON ALUMNOS NUEVOS,Monto en Pesos,645600,9653500,50525.0,Salud,Salud y Servicios Sociales,Medicina,Medicina,Salud y Bienestar,Salud,NO ACREDITADA,ACREDITADA,28/10/2021 - 28/10/2026,5.0,0,0,1
2024,245679,I86S5C200J1V1,4858372.0,2,200410,15 a 19 años,2024,1,2024,1,Universidades,Universidades CRUCH,Universidades Privadas CRUCH,86,PONTIFICIA UNIVERSIDAD CATOLICA DE CHILE,5,CAMPUS SAN JOAQUIN,200,PSICOLOGIA,Presencial,Diurna,1,Plan Regular,10,0,10,Metropolitana,SANTIAGO,MACUL,Pregrado,Profesional Con Licenciatura,Carreras Profesionales,Educación Media,VIGENTE CON ALUMNOS NUEVOS,Monto en Pesos,176300,7362000,12017.0,Ciencias Sociales,"Ciencias Sociales, Enseñanza Comercial y Derecho",Ciencias Sociales y del Comportamiento,Psicología,"Ciencias Sociales, Periodismo e Información",Ciencias Sociales y del Comportamiento,ACREDITADA,ACREDITADA,01/12/2018 - 01/12/2025,7.0,0,0,1
2024,479837,I139S3C158J2V1,15054920.0,1,197208,40 y más años,2023,1,2023,1,Institutos Profesionales,Institutos Profesionales,Institutos Profesionales,139,IP DR. VIRGINIO GOMEZ G.,3,CASA CENTRAL (CONCEPCION),158,INGENIERIA DE EJECUCION EN MECANICA AUTOMOTRIZ Y MAQUINARIA PESADA-PE,Presencial,Vespertina,1,Plan Especial,5,0,5,Biobío,CONCEPCION,CONCEPCION,Pregrado,Profesional Sin Licenciatura,Carreras Profesionales,Técnico de Nivel Superior,VIGENTE CON ALUMNOS NUEVOS,Monto en Pesos,190000,2316000,,Tecnología,"Ingeniería, Industria y Construcción",Ingeniería y Profesiones Afines,Ingeniería en Mecánica Automotriz,"Ingeniería, Industria y Construcción",Ingeniería y Profesiones Afines,NO ACREDITADA,ACREDITADA,17/03/2021 - 17/03/2025,4.0,0,60000,1
2024,1237811,I176S7C74J3V2,19188118.0,2,196304,40 y más años,2023,1,2023,1,Institutos Profesionales,Institutos Profesionales,Institutos Profesionales,176,IP DEL VALLE CENTRAL,7,CASA CENTRAL (CONCEPCION),74,TECNICO DE NIVEL SUPERIOR EN PODOLOGIA,Semipresencial,Semipresencial,2,Plan Especial,5,1,5,Biobío,CONCEPCION,CONCEPCION,Pregrado,Técnico de Nivel Superior,Carreras Técnicas,Educación Media,VIGENTE SIN ALUMNOS NUEVOS,Monto en Pesos,50000,990000,,Salud,Salud y Servicios Sociales,Medicina,Técnico en Podología,Salud y Bienestar,Salud,NO ACREDITADA,NO ACREDITADA,,,0,77000,5
2024,582001,I123S5C18J1V1,6384668.0,2,198506,35 a 39 años,2023,1,2024,1,Institutos Profesionales,Institutos Profesionales,Institutos Profesionales,123,IP DE CHILE,5,SEDE TEMUCO,18,TRABAJO SOCIAL,Presencial,Diurna,1,Plan Regular,8,1,8,La Araucanía,CAUTIN,TEMUCO,Pregrado,Profesional Sin Licenciatura,Carreras Profesionales,Educación Media,VIGENTE CON ALUMNOS NUEVOS,Monto en Pesos,146000,1806000,,Ciencias Sociales,Salud y Servicios Sociales,Servicios Sociales,Trabajo Social,Salud y Bienestar,Bienestar,NO ACREDITADA,ACREDITADA,17/03/2021 - 17/03/2025,4.0,0,11000,3
2024,713511,I20S4C6J1V1,16581318.0,1,200204,20 a 24 años,2024,1,2024,1,Universidades,Universidades Privadas,Universidades Privadas,20,UNIVERSIDAD ANDRES BELLO,4,SEDE CONCEPCION,6,DERECHO,Presencial,Diurna,1,Plan Regular,10,0,10,Biobío,CONCEPCION,CONCEPCION,Pregrado,Profesional Con Licenciatura,Carreras Profesionales,Educación Media,VIGENTE CON ALUMNOS NUEVOS,Monto en Pesos,438000,5161000,41106.0,Derecho,"Ciencias Sociales, Enseñanza Comercial y Derecho",Derecho,Derecho,Administración de Empresas y Derecho,Derecho,NO ACREDITADA,ACREDITADA,25/12/2022 - 25/12/2028,6.0,0,72800,9
2024,509583,I10S6C23J1V1,9968651.0,2,200605,15 a 19 años,2024,1,2024,1,Universidades,Universidades Privadas,Universidades Privadas,10,UNIVERSIDAD MAYOR,6,SEDE HUECHURABA,23,ENFERMERIA,Presencial,Diurna,1,Plan Regular,10,0,10,Metropolitana,SANTIAGO,HUECHURABA,Pregrado,Profesional Con Licenciatura,Carreras Profesionales,Educación Media,VIGENTE CON ALUMNOS NUEVOS,Monto en Pesos,589900,6660182,39109.0,Salud,Salud y Servicios Sociales,Medicina,Enfermería,Salud y Bienestar,Salud,ACREDITADA,ACREDITADA,27/10/2021 - 27/10/2026,5.0,0,229000,10
2024,165174,I45S4C847J1V1,19980942.0,2,200409,15 a 19 años,2023,1,2024,1,Universidades,Universidades Privadas,Universidades Privadas,45,UNIVERSIDAD DEL DESARROLLO,4,SEDE SANTIAGO (S.C. APOQUINDO),847,OBSTETRICIA,Presencial,Diurna,1,Plan Regular,10,0,10,Metropolitana,SANTIAGO,LAS CONDES,Pregrado,Profesional Con Licenciatura,Carreras Profesionales,Educación Media,VIGENTE CON ALUMNOS NUEVOS,Monto en UF,25,210,44044.0,Salud,Salud y Servicios Sociales,Medicina,Obstetricia y Puericultura,Salud y Bienestar,Salud,NO ACREDITADA,ACREDITADA,17/12/2021 - 16/12/2027,6.0,0,1,4
2024,1271545,I23S2C353J1V1,12975830.0,2,200501,15 a 19 años,2023,1,2023,1,Universidades,Universidades Privadas,Universidades Privadas,23,UNIVERSIDAD ADOLFO IBAÑEZ,2,SEDE PEÑALOLEN,353,BACHILLERATO DE INGENIERIA CIVIL,Presencial,Diurna,1,Plan Regular,2,0,2,Metropolitana,SANTIAGO,PEÑALOLEN,Pregrado,"Bachillerato, Ciclo Inicial o Plan Común",Carreras Profesionales,Educación Media,VIGENTE CON ALUMNOS NUEVOS,Monto en UF,23,210,42012.0,Tecnología,"Ingeniería, Industria y Construcción",Ingeniería y Profesiones Afines,Bachillerato y/o Licenciatura en Tecnología,"Ingeniería, Industria y Construcción",Ingeniería y Profesiones Afines,NO ACREDITADA,ACREDITADA,14/10/2021 - 14/10/2027,6.0,0,2,1
2024,482915,I139S3C155J1V1,23451473.0,2,200402,20 a 24 años,2023,1,2023,1,Institutos Profesionales,Institutos Profesionales,Institutos Profesionales,139,IP DR. VIRGINIO GOMEZ G.,3,CASA CENTRAL (CONCEPCION),155,TECNICO EN EDUCACION DE PARVULOS,Presencial,Diurna,1,Plan Regular,4,0,4,Biobío,CONCEPCION,CONCEPCION,Pregrado,Técnico de Nivel Superior,Carreras Técnicas,Educación Media,VIGENTE CON ALUMNOS NUEVOS,Monto en Pesos,180000,1820000,,Educación,Educación,Formación de Personal Docente y Ciencias de la Educación,Técnico Asistente del Educador de Párvulos,Educación,Educación,NO ACREDITADA,ACREDITADA,17/03/2021 - 17/03/2025,4.0,0,60000,1
2024,1052402,I123S5C198J4V1,15017369.0,2,199703,25 a 29 años,2023,1,2023,1,Institutos Profesionales,Institutos Profesionales,Institutos Profesionales,123,IP DE CHILE,5,SEDE TEMUCO,198,INGENIERIA EN ADMINISTRACION PUBLICA,No Presencial,A Distancia,1,Plan Regular,8,1,8,La Araucanía,CAUTIN,TEMUCO,Pregrado,Profesional Sin Licenciatura,Carreras Profesionales,Educación Media,VIGENTE SIN ALUMNOS NUEVOS,Monto en Pesos,146000,1642000,,Ciencias Sociales,"Ciencias Sociales, Enseñanza Comercial y Derecho",Enseñanza Comercial y Administración,Ingeniería en Gestión Pública,Administración de Empresas y Derecho,Educación Comercial y Administración,NO ACREDITADA,ACREDITADA,17/03/2021 - 17/03/2025,4.0,0,11000,1
2024,628782,I123S5C23J1V1,6106327.0,1,199906,25 a 29 años,2021,1,2021,1,Institutos Profesionales,Institutos Profesionales,Institutos Profesionales,123,IP DE CHILE,5,SEDE TEMUCO,23,KINESIOLOGIA,Presencial,Diurna,1,Plan Regular,10,1,10,La Araucanía,CAUTIN,TEMUCO,Pregrado,Profesional Sin Licenciatura,Carreras Profesionales,Educación Media,VIGENTE CON ALUMNOS NUEVOS,Monto en Pesos,146000,3167000,,Salud,Salud y Servicios Sociales,Medicina,Kinesiología,Salud y Bienestar,Salud,NO ACREDITADA,ACREDITADA,17/03/2021 - 17/03/2025,4.0,0,11000,1
2024,587389,I123S3C51J4V1,22556705.0,1,198803,35 a 39 años,2022,1,2022,1,Institutos Profesionales,Institutos Profesionales,Institutos Profesionales,123,IP DE CHILE,3,SEDE RANCAGUA,51,ANALISTA PROGRAMADOR COMPUTACIONAL,No Presencial,A Distancia,1,Plan Regular,5,1,5,Lib. Gral. B. O'Higgins,CACHAPOAL,RANCAGUA,Pregrado,Técnico de Nivel Superior,Carreras Técnicas,Educación Media,VIGENTE SIN ALUMNOS NUEVOS,Monto en Pesos,146000,1701000,,Tecnología,Ciencias,Informática,Técnico en Computación e Informática,Tecnología de la Información y la Comunicación (TIC),Tecnología de la Información y la Comunicación (TIC),NO ACREDITADA,ACREDITADA,17/03/2021 - 17/03/2025,4.0,0,11000,1
2024,587401,I123S2C151J4V1,17667511.0,2,198803,35 a 39 años,2022,1,2022,1,Institutos Profesionales,Institutos Profesionales,Institutos Profesionales,123,IP DE CHILE,2,CASA CENTRAL (SANTIAGO),151,TECNICO TRABAJO SOCIAL,No Presencial,A Distancia,1,Plan Regular,5,1,5,Metropolitana,SANTIAGO,SANTIAGO,Pregrado,Técnico de Nivel Superior,Carreras Técnicas,Educación Media,VIGENTE CON ALUMNOS NUEVOS,Monto en Pesos,146000,1641000,,Ciencias Sociales,Salud y Servicios Sociales,Servicios Sociales,Técnico en Servicio Social,Salud y Bienestar,Bienestar,NO ACREDITADA,ACREDITADA,17/03/2021 - 17/03/2025,4.0,0,11000,1
2024,574761,I123S2C201J4V1,17543905.0,1,197012,40 y más años,2023,2,2023,2,Institutos Profesionales,Institutos Profesionales,Institutos Profesionales,123,IP DE CHILE,2,CASA CENTRAL (SANTIAGO),201,TECNICO DE NIVEL SUPERIOR EN ADMINISTRACION PUBLICA,No Presencial,A Distancia,1,Plan Regular,5,1,5,Metropolitana,SANTIAGO,SANTIAGO,Pregrado,Técnico de Nivel Superior,Carreras Técnicas,Educación Media,VIGENTE CON ALUMNOS NUEVOS,Monto en Pesos,146000,1641000,,Ciencias Sociales,"Ciencias Sociales, Enseñanza Comercial y Derecho",Enseñanza Comercial y Administración,Técnico en Administración Pública o Municipal,Administración de Empresas y Derecho,Educación Comercial y Administración,NO ACREDITADA,ACREDITADA,17/03/2021 - 17/03/2025,4.0,0,11000,1
2024,83679,I123S2C151J1V1,14962530.0,2,199405,30 a 34 años,2024,1,2024,1,Institutos Profesionales,Institutos Profesionales,Institutos Profesionales,123,IP DE CHILE,2,CASA CENTRAL (SANTIAGO),151,TECNICO EN TRABAJO SOCIAL,Presencial,Diurna,1,Plan Regular,5,1,5,Metropolitana,SANTIAGO,SANTIAGO,Pregrado,Técnico de Nivel Superior,Carreras Técnicas,Educación Media,VIGENTE CON ALUMNOS NUEVOS,Monto en Pesos,146000,1754000,,Ciencias Sociales,Salud y Servicios Sociales,Servicios Sociales,Técnico en Servicio Social,Salud y Bienestar,Bienestar,NO ACREDITADA,ACREDITADA,17/03/2021 - 17/03/2025,4.0,0,11000,1
2024,907575,I20S4C37J1V1,15675958.0,2,200010,20 a 24 años,2019,1,2019,1,Universidades,Universidades Privadas,Universidades Privadas,20,UNIVERSIDAD ANDRES BELLO,4,SEDE CONCEPCION,37,ODONTOLOGIA,Presencial,Diurna,1,Plan Regular,12,0,12,Biobío,CONCEPCION,CONCEPCION,Pregrado,Profesional Con Licenciatura,Carreras Profesionales,Educación Media,VIGENTE CON ALUMNOS NUEVOS,Monto en Pesos,830000,9179000,41127.0,Salud,Salud y Servicios Sociales,Medicina,Odontología,Salud y Bienestar,Salud,ACREDITADA,ACREDITADA,25/12/2022 - 25/12/2028,6.0,0,145600,1
2024,511955,I10S2C26J1V1,5167928.0,2,200405,20 a 24 años,2024,1,2024,1,Universidades,Universidades Privadas,Universidades Privadas,10,UNIVERSIDAD MAYOR,2,SEDE ALAMEDA,26,FONOAUDIOLOGIA,Presencial,Diurna,1,Plan Regular,10,0,10,Metropolitana,SANTIAGO,SANTIAGO,Pregrado,Profesional Con Licenciatura,Carreras Profesionales,Educación Media,VIGENTE CON ALUMNOS NUEVOS,Monto en Pesos,589900,6660182,39110.0,Salud,Salud y Servicios Sociales,Medicina,Fonoaudiología,Salud y Bienestar,Salud,NO ACREDITADA,ACREDITADA,27/10/2021 - 27/10/2026,5.0,0,229000,1
2024,557193,I10S7C156J1V2,4867495.0,1,200108,20 a 24 años,2021,1,2021,1,Universidades,Universidades Privadas,Universidades Privadas,10,UNIVERSIDAD MAYOR,7,SEDE MANUEL MONTT,156,INGENIERIA CIVIL INDUSTRIAL,Presencial,Diurna,2,Plan Regular,11,0,11,Metropolitana,SANTIAGO,PROVIDENCIA,Pregrado,Profesional Con Licenciatura,Carreras Profesionales,Educación Media,VIGENTE CON ALUMNOS NUEVOS,Monto en Pesos,589900,6385890,39113.0,Tecnología,"Ingeniería, Industria y Construcción",Ingeniería y Profesiones Afines,Ingeniería Civil Industrial,"Ingeniería, Industria y Construcción",Ingeniería y Profesiones Afines,NO ACREDITADA,ACREDITADA,27/10/2021 - 27/10/2026,5.0,0,229000,1
2024,838020,I20S2C17J1V1,14819729.0,2,200005,20 a 24 años,2021,1,2021,1,Universidades,Universidades Privadas,Universidades Privadas,20,UNIVERSIDAD ANDRES BELLO,2,SEDE CASONA DE LAS CONDES,17,DISEÑO GRAFICO,Presencial,Diurna,1,Plan Regular,8,0,8,Metropolitana,SANTIAGO,LAS CONDES,Pregrado,Profesional Con Licenciatura,Carreras Profesionales,Educación Media,VIGENTE CON ALUMNOS NUEVOS,Monto en Pesos,563000,6348000,41002.0,Arte y Arquitectura,Humanidades y Artes,Artes,Diseño Gráfico,Artes y Humanidades,Artes,NO ACREDITADA,ACREDITADA,25/12/2022 - 25/12/2028,6.0,0,145600,1
2024,142672,I13S7C13J1V1,18208306.0,2,200108,20 a 24 años,2024,1,2024,1,Universidades,Universidades Privadas,Universidades Privadas,13,UNIVERSIDAD SANTO TOMAS,7,SEDE TALCA,13,ENFERMERIA,Presencial,Diurna,1,Plan Regular,10,0,10,Maule,TALCA,TALCA,Pregrado,Profesional Con Licenciatura,Carreras Profesionales,Educación Media,VIGENTE CON ALUMNOS NUEVOS,Monto en Pesos,175000,4950000,55021.0,Salud,Salud y Servicios Sociales,Medicina,Enfermería,Salud y Bienestar,Salud,NO ACREDITADA,ACREDITADA,31/03/2021 - 31/03/2025,4.0,0,110000,1
2024,180746,I70S1C81J1V1,10579045.0,1,200501,15 a 19 años,2023,1,2023,1,Universidades,Universidades CRUCH,Universidades Estatales CRUCH,70,UNIVERSIDAD DE CHILE,1,SANTIAGO,81,LICENCIATURA EN FILOSOFIA,Presencial,Diurna,1,Plan Regular,8,0,8,Metropolitana,SANTIAGO,SANTIAGO,Pregrado,Licenciatura No Conducente a Título,Carreras Profesionales,Educación Media,VIGENTE CON ALUMNOS NUEVOS,Monto en Pesos,185300,3951000,11061.0,Humanidades,Humanidades y Artes,Humanidades,Filosofía,Artes y Humanidades,Humanidades,NO ACREDITADA,ACREDITADA,22/12/2018 - 22/12/2025,7.0,0,93000,1
2024,1191900,I20S1C1J1V1,24063918.0,2,199206,30 a 34 años,2011,1,2011,1,Universidades,Universidades Privadas,Universidades Privadas,20,UNIVERSIDAD ANDRES BELLO,1,CASA CENTRAL (SANTIAGO),1,INGENIERIA COMERCIAL,Presencial,Diurna,1,Plan Regular,10,0,10,Metropolitana,SANTIAGO,SANTIAGO,Pregrado,Profesional Con Licenciatura,Carreras Profesionales,Educación Media,VIGENTE CON ALUMNOS NUEVOS,Monto en Pesos,613000,6673000,41129.0,Administración y Comercio,"Ciencias Sociales, Enseñanza Comercial y Derecho",Enseñanza Comercial y Administración,Ingeniería Comercial,Administración de Empresas y Derecho,Educación Comercial y Administración,NO ACREDITADA,ACREDITADA,25/12/2022 - 25/12/2028,6.0,0,145600,10
2024,1071602,I77S1C45J1V1,19640425.0,2,198108,40 y más años,2014,1,2014,1,Universidades,Universidades CRUCH,Universidades Estatales CRUCH,77,UNIVERSIDAD DE MAGALLANES,1,CASA CENTRAL (PUNTA ARENAS),45,DERECHO,Presencial,Diurna,1,Plan Regular,10,4,14,Magallanes,MAGALLANES,PUNTA ARENAS,Pregrado,Profesional Con Licenciatura,Carreras Profesionales,Educación Media,VIGENTE CON ALUMNOS NUEVOS,Monto en Pesos,152000,5132000,33025.0,Derecho,"Ciencias Sociales, Enseñanza Comercial y Derecho",Derecho,Derecho,Administración de Empresas y Derecho,Derecho,NO ACREDITADA,ACREDITADA,31/12/2023 - 31/12/2028,5.0,0,43000,1
2024,967441,I72S1C4J1V1,12696642.0,1,200201,20 a 24 años,2020,1,2020,1,Universidades,Universidades CRUCH,Universidades Estatales CRUCH,72,UNIVERSIDAD DE VALPARAISO,1,CASA CENTRAL (VALPARAISO),4,DERECHO,Presencial,Diurna,1,Plan Regular,10,2,10,Valparaíso,VALPARAISO,VALPARAISO,Pregrado,Profesional Con Licenciatura,Carreras Profesionales,Educación Media,VIGENTE CON ALUMNOS NUEVOS,Monto en Pesos,208000,4380000,19030.0,Derecho,"Ciencias Sociales, Enseñanza Comercial y Derecho",Derecho,Derecho,Administración de Empresas y Derecho,Derecho,ACREDITADA,ACREDITADA,08/03/2023 - 08/03/2029,6.0,0,140000,1
2024,161659,I76S1C256J1V1,22819271.0,2,200407,15 a 19 años,2024,1,2024,1,Universidades,Universidades CRUCH,Universidades Estatales CRUCH,76,UNIVERSIDAD DE LA FRONTERA,1,CASA CENTRAL (TEMUCO),256,BIOQUIMICA,Presencial,Diurna,1,Plan Regular,10,0,10,La Araucanía,CAUTIN,TEMUCO,Pregrado,Profesional Con Licenciatura,Carreras Profesionales,Educación Media,VIGENTE CON ALUMNOS NUEVOS,Monto en Pesos,150000,4713000,30073.0,Ciencias Básicas,Ciencias,Ciencias de la Vida,Bioquímica,"Ciencias naturales, matemáticas y estadística",Ciencias Biológicas y Afines,NO ACREDITADA,ACREDITADA,28/11/2018 - 28/11/2024,6.0,0,60000,1
2024,251727,I74S1C18J1V1,19009206.0,1,200206,20 a 24 años,2024,1,2024,1,Universidades,Universidades CRUCH,Universidades Estatales CRUCH,74,UNIVERSIDAD DE LA SERENA,1,LA SERENA,18,INGENIERIA CIVIL AMBIENTAL,Presencial,Diurna,1,Plan Regular,12,0,12,Coquimbo,ELQUI,LA SERENA,Pregrado,Profesional Con Licenciatura,Carreras Profesionales,Educación Media,VIGENTE CON ALUMNOS NUEVOS,Monto en Pesos,209100,3928000,25005.0,Tecnología,Servicios,Protección del Medio Ambiente,Ingeniería Civil Ambiental,"Ingeniería, Industria y Construcción",Ingeniería y Profesiones Afines,NO ACREDITADA,ACREDITADA,03/11/2021 - 03/11/2026,5.0,0,230000,1
2024,194548,I77S1C6J1V1,20944324.0,2,200603,15 a 19 años,2024,1,2024,1,Universidades,Universidades CRUCH,Universidades Estatales CRUCH,77,UNIVERSIDAD DE MAGALLANES,1,CASA CENTRAL (PUNTA ARENAS),6,ENFERMERIA,Presencial,Diurna,1,Plan Regular,10,0,10,Magallanes,MAGALLANES,PUNTA ARENAS,Pregrado,Profesional Con Licenciatura,Carreras Profesionales,Educación Media,VIGENTE CON ALUMNOS NUEVOS,Monto en Pesos,152000,4431000,33060.0,Salud,Salud y Servicios Sociales,Medicina,Enfermería,Salud y Bienestar,Salud,NO ACREDITADA,ACREDITADA,31/12/2023 - 31/12/2028,5.0,0,86000,1
2024,939305,I89S1C108J1V2,14053542.0,2,200205,20 a 24 años,2020,1,2020,1,Universidades,Universidades CRUCH,Universidades Privadas CRUCH,89,PONTIFICIA UNIVERSIDAD CATOLICA DE VALPARAISO,1,CASA CENTRAL,108,INGENIERIA CIVIL,Presencial,Diurna,2,Plan Regular,11,0,11,Valparaíso,VALPARAISO,VALPARAISO,Pregrado,Profesional Con Licenciatura,Carreras Profesionales,Educación Media,VIGENTE CON ALUMNOS NUEVOS,Monto en Pesos,256000,5844000,14081.0,Tecnología,"Ingeniería, Industria y Construcción",Ingeniería y Profesiones Afines,"Ingeniería Civil, plan común y licenciatura en Ciencias de la Ingeniería","Ingeniería, Industria y Construcción",Ingeniería y Profesiones Afines,NO ACREDITADA,ACREDITADA,19/01/2022 - 19/01/2029,7.0,0,82600,1
2024,141337,I13S1C34J1V1,7564141.0,2,200606,15 a 19 años,2024,1,2024,1,Universidades,Universidades Privadas,Universidades Privadas,13,UNIVERSIDAD SANTO TOMAS,1,CASA CENTRAL (SANTIAGO),34,TECNOLOGIA MEDICA,Presencial,Diurna,1,Plan Regular,10,0,10,Metropolitana,SANTIAGO,SANTIAGO,Pregrado,Profesional Con Licenciatura,Carreras Profesionales,Educación Media,VIGENTE CON ALUMNOS NUEVOS,Monto en Pesos,150000,5980000,55070.0,Salud,Salud y Servicios Sociales,Medicina,Tecnología Médica,Salud y Bienestar,Salud,NO ACREDITADA,ACREDITADA,31/03/2021 - 31/03/2025,4.0,0,110000,1
2024,1163356,I70S1C157J1V1,7079205.0,2,199206,30 a 34 años,2010,1,2010,1,Universidades,Universidades CRUCH,Universidades Estatales CRUCH,70,UNIVERSIDAD DE CHILE,1,SANTIAGO,157,MEDICINA VETERINARIA,Presencial,Diurna,1,Plan Regular,10,0,10,Metropolitana,SANTIAGO,SANTIAGO,Pregrado,Profesional Con Licenciatura,Carreras Profesionales,Educación Media,VIGENTE CON ALUMNOS NUEVOS,Monto en Pesos,185300,5937300,11022.0,Agropecuaria,Agricultura,Veterinaria,Medicina Veterinaria,"Agricultura, Silvicultura, Pesca y Veterinaria",Veterinaria,NO ACREDITADA,ACREDITADA,22/12/2018 - 22/12/2025,7.0,0,139000,1
2024,2012658,I70S1C555J1V1,12010346.0,2,199804,25 a 29 años,2023,1,2023,1,Universidades,Universidades CRUCH,Universidades Estatales CRUCH,70,UNIVERSIDAD DE CHILE,1,SANTIAGO,555,MAGISTER EN CIENCIAS DE LA INGENIERIA MENCION QUIMICA,Presencial,Diurna,1,Plan Regular,4,0,4,Metropolitana,SANTIAGO,SANTIAGO,Postgrado,Magister,Magister,Licenciatura,VIGENTE CON ALUMNOS NUEVOS,Monto en Pesos,185300,5485311,0.0,Tecnología,"Ingeniería, Industria y Construcción",Ingeniería y Profesiones Afines,Magister en Tecnología,"Ingeniería, Industria y Construcción",Ingeniería y Profesiones Afines,ACREDITADA,ACREDITADA,22/12/2018 - 22/12/2025,7.0,0,112000,1
2024,200040,I22S1C17J4V1,13815179.0,2,198209,40 y más años,1900,0,2024,1,Universidades,Universidades Privadas,Universidades Privadas,22,UNIVERSIDAD DE VIÑA DEL MAR,1,CASA CENTRAL (VIÑA DEL MAR),17,EDUCACION PARVULARIA,No Presencial,A Distancia,1,Plan Regular de Continuidad,6,0,6,Valparaíso,VALPARAISO,VIÑA DEL MAR,Pregrado,Profesional Con Licenciatura,Carreras Profesionales,Técnico de Nivel Superior,VIGENTE CON ALUMNOS NUEVOS,Monto en Pesos,324000,2708000,0.0,Educación,Educación,Formación de Personal Docente y Ciencias de la Educación,Pedagogía en Educación de Párvulos,Educación,Educación,NO ACREDITADA,ACREDITADA,04/01/2023 - 04/01/2027,4.0,0,81100,5
2024,200216,I22S1C18J2V1,17920053.0,2,198206,40 y más años,2024,1,2024,1,Universidades,Universidades Privadas,Universidades Privadas,22,UNIVERSIDAD DE VIÑA DEL MAR,1,CASA CENTRAL (VIÑA DEL MAR),18,PSICOLOGIA,Presencial,Vespertina,1,Plan Regular,10,0,10,Valparaíso,VALPARAISO,VIÑA DEL MAR,Pregrado,Profesional Con Licenciatura,Carreras Profesionales,Educación Media,VIGENTE CON ALUMNOS NUEVOS,Monto en Pesos,324000,4964000,0.0,Ciencias Sociales,"Ciencias Sociales, Enseñanza Comercial y Derecho",Ciencias Sociales y del Comportamiento,Psicología,"Ciencias Sociales, Periodismo e Información",Ciencias Sociales y del Comportamiento,NO ACREDITADA,ACREDITADA,04/01/2023 - 04/01/2027,4.0,0,81100,10
2024,785620,I88S4C471J1V1,23525007.0,1,200402,20 a 24 años,2024,1,2024,1,Universidades,Universidades CRUCH,Universidades Privadas CRUCH,88,UNIVERSIDAD TECNICA FEDERICO SANTA MARIA,4,CAMPUS SANTIAGO VITACURA,471,TECNICO UNIVERSITARIO EN ADMINISTRACION DE EMPRESAS,Presencial,Diurna,1,Plan Regular,4,0,4,Metropolitana,SANTIAGO,VITACURA,Pregrado,Técnico de Nivel Superior,Carreras Técnicas,Educación Media,VIGENTE CON ALUMNOS NUEVOS,Monto en Pesos,245000,2880000,0.0,Administración y Comercio,"Ciencias Sociales, Enseñanza Comercial y Derecho",Enseñanza Comercial y Administración,Técnico en Administración de Empresas,Administración de Empresas y Derecho,Educación Comercial y Administración,NO ACREDITADA,ACREDITADA,30/12/2022 - 30/12/2028,6.0,115000,3700,10
2024,738308,I9S9C27J1V1,21732155.0,2,200309,20 a 24 años,2024,1,2024,1,Universidades,Universidades Privadas,Universidades Privadas,9,UNIVERSIDAD DEL ALBA,9,SEDE CHILLAN,27,MEDICINA VETERINARIA,Presencial,Diurna,1,Plan Regular,10,1,10,Ñuble,DIGUILLIN,CHILLAN,Pregrado,Profesional Con Licenciatura,Carreras Profesionales,Educación Media,VIGENTE CON ALUMNOS NUEVOS,Monto en Pesos,145000,4000000,0.0,Agropecuaria,Agricultura,Veterinaria,Medicina Veterinaria,"Agricultura, Silvicultura, Pesca y Veterinaria",Veterinaria,NO ACREDITADA,ACREDITADA,22/03/2023 - 22/03/2026,3.0,882739,50000,1
2024,2023668,I10S10C475J4V1,14825491.0,1,198610,35 a 39 años,2022,2,2022,2,Universidades,Universidades Privadas,Universidades Privadas,10,UNIVERSIDAD MAYOR,10,SEDE ALONSO DE CORDOVA,475,MAGISTER EN DIRECCION COMERCIAL Y MARKETING,No Presencial,A Distancia,1,Plan Regular,4,0,4,Metropolitana,SANTIAGO,LAS CONDES,Postgrado,Magister,Magister,Título Profesional,VIGENTE CON ALUMNOS NUEVOS,Monto en Pesos,125000,3000000,0.0,Administración y Comercio,"Ciencias Sociales, Enseñanza Comercial y Derecho",Enseñanza Comercial y Administración,Magister en Administración y Comercio,Administración de Empresas y Derecho,Educación Comercial y Administración,NO ACREDITADA,ACREDITADA,27/10/2021 - 27/10/2026,5.0,150000,0,1
2024,1286963,I46S17C132J2V1,7250577.0,2,200503,15 a 19 años,2023,1,2023,1,Universidades,Universidades Privadas,Universidades Privadas,46,UNIVERSIDAD DE ACONCAGUA,17,SEDE ANCUD,132,PSICOLOGIA,Presencial,Vespertina,1,Plan Regular,10,0,10,Los Lagos,CHILOE,ANCUD,Pregrado,Profesional Con Licenciatura,Carreras Profesionales,Educación Media,VIGENTE CON ALUMNOS NUEVOS,Monto en Pesos,160388,3451757,0.0,Ciencias Sociales,"Ciencias Sociales, Enseñanza Comercial y Derecho",Ciencias Sociales y del Comportamiento,Psicología,"Ciencias Sociales, Periodismo e Información",Ciencias Sociales y del Comportamiento,NO ACREDITADA,NO ACREDITADA,,,546000,0,1
2024,349028,I91S2C428J1V1,23821857.0,2,200602,15 a 19 años,2024,1,2024,1,Universidades,Universidades CRUCH,Universidades Privadas CRUCH,91,UNIVERSIDAD CATOLICA DEL NORTE,2,SEDE COQUIMBO,428,INGENIERIA EN TECNOLOGIAS DE INFORMACION,Presencial,Diurna,1,Plan Regular,8,1,8,Coquimbo,ELQUI,COQUIMBO,Pregrado,Profesional Con Licenciatura,Carreras Profesionales,Educación Media,VIGENTE CON ALUMNOS NUEVOS,Monto en Pesos,180000,4449000,18095.0,Tecnología,Ciencias,Informática,Ingeniería en Computación e Informática,Tecnología de la Información y la Comunicación (TIC),Tecnología de la Información y la Comunicación (TIC),NO ACREDITADA,ACREDITADA,26/11/2022 - 26/11/2028,6.0,211000,55000,1
2024,775817,I88S4C35J1V1,8755582.0,1,200508,15 a 19 años,2024,1,2024,1,Universidades,Universidades CRUCH,Universidades Privadas CRUCH,88,UNIVERSIDAD TECNICA FEDERICO SANTA MARIA,4,CAMPUS SANTIAGO VITACURA,35,INGENIERIA EN AVIACION COMERCIAL,Presencial,Diurna,1,Plan Regular,10,0,10,Metropolitana,SANTIAGO,VITACURA,Pregrado,Profesional Con Licenciatura,Carreras Profesionales,Educación Media,VIGENTE CON ALUMNOS NUEVOS,Monto en Pesos,245000,6290000,15220.0,Tecnología,Servicios,Servicios de Transporte,Otras Ingenierías,Servicios,Servicios de Transportes,NO ACREDITADA,ACREDITADA,30/12/2022 - 30/12/2028,6.0,115000,3700,1
2024,269193,I85S3C28J1V1,10728042.0,2,200505,15 a 19 años,2024,1,2024,1,Universidades,Universidades CRUCH,Universidades Estatales CRUCH,85,UNIVERSIDAD TECNOLOGICA METROPOLITANA,3,SEDE PROVIDENCIA,28,INGENIERIA EN COMERCIO INTERNACIONAL,Presencial,Diurna,1,Plan Regular,10,1,10,Metropolitana,SANTIAGO,PROVIDENCIA,Pregrado,Profesional Con Licenciatura,Carreras Profesionales,Educación Media,VIGENTE CON ALUMNOS NUEVOS,Monto en Pesos,90000,4107000,21081.0,Administración y Comercio,"Ciencias Sociales, Enseñanza Comercial y Derecho",Enseñanza Comercial y Administración,Ingeniería en Comercio Exterior,Administración de Empresas y Derecho,Educación Comercial y Administración,NO ACREDITADA,ACREDITADA,01/09/2021 - 01/09/2025,4.0,43000,152500,1
2024,849206,I20S3C308J1V1,10319141.0,1,200310,20 a 24 años,2022,1,2022,1,Universidades,Universidades Privadas,Universidades Privadas,20,UNIVERSIDAD ANDRES BELLO,3,SEDE VIÑA DEL MAR,308,GEOLOGIA,Presencial,Diurna,1,Plan Regular,10,0,10,Valparaíso,VALPARAISO,VIÑA DEL MAR,Pregrado,Profesional Con Licenciatura,Carreras Profesionales,Educación Media,VIGENTE CON ALUMNOS NUEVOS,Monto en Pesos,350000,4637000,41088.0,Ciencias Básicas,Ciencias,Ciencias Físicas,Geología,"Ciencias naturales, matemáticas y estadística",Ciencias Físicas,NO ACREDITADA,ACREDITADA,25/12/2022 - 25/12/2028,6.0,254900,72800,1
2024,726975,I19S4C38J1V2,14444427.0,2,199709,25 a 29 años,2022,1,2022,1,Universidades,Universidades Privadas,Universidades Privadas,19,UNIVERSIDAD DE LAS AMERICAS,4,CAMPUS SANTIAGO CENTRO,38,PEDAGOGIA EN EDUCACION FISICA,Presencial,Diurna,2,Plan Regular,10,0,10,Metropolitana,SANTIAGO,SANTIAGO,Pregrado,Profesional Con Licenciatura,Carreras Profesionales,Educación Media,VIGENTE CON ALUMNOS NUEVOS,Monto en Pesos,200000,3920000,56222.0,Educación,Educación,Formación de Personal Docente y Ciencias de la Educación,Pedagogía en Educación Física,Educación,Educación,ACREDITADA,ACREDITADA,18/03/2023 - 18/03/2028,5.0,219646,0,1
2024,1096753,I9S1C357J4V1,9437202.0,1,198808,35 a 39 años,2022,1,2022,1,Universidades,Universidades Privadas,Universidades Privadas,9,UNIVERSIDAD DEL ALBA,1,CASA CENTRAL (SANTIAGO - PROVIDENCIA),357,ADVANCE ADMINISTRACION PUBLICA,No Presencial,A Distancia,1,Plan Especial,5,1,5,Metropolitana,SANTIAGO,PROVIDENCIA,Pregrado,Profesional Con Licenciatura,Carreras Profesionales,Bachillerato,VIGENTE CON ALUMNOS NUEVOS,Monto en Pesos,0,2392000,0.0,Ciencias Sociales,"Ciencias Sociales, Enseñanza Comercial y Derecho",Enseñanza Comercial y Administración,Administración Pública,Administración de Empresas y Derecho,Educación Comercial y Administración,NO ACREDITADA,ACREDITADA,22/03/2023 - 22/03/2026,3.0,334354,50000,1
2024,2077430,I68S1C46J4V1,14569846.0,1,198711,35 a 39 años,2021,2,2021,2,Universidades,Universidades Privadas,Universidades Privadas,68,UNIVERSIDAD MIGUEL DE CERVANTES,1,CASA CENTRAL (SANTIAGO),46,MAGISTER EN EDUCACION MENCION GESTION DE CALIDAD,No Presencial,A Distancia,1,Plan Especial,4,0,4,Metropolitana,SANTIAGO,SANTIAGO,Postgrado,Magister,Magister,Título Profesional,VIGENTE CON ALUMNOS NUEVOS,Monto en Pesos,0,1836780,0.0,Educación,Educación,Formación de Personal Docente y Ciencias de la Educación,Magister en Educación,Educación,Educación,NO ACREDITADA,ACREDITADA,09/03/2022 - 09/03/2025,3.0,183040,73216,1
2024,1148947,I71S1C78J2V2,9510588.0,1,199512,25 a 29 años,2024,1,2024,1,Universidades,Universidades CRUCH,Universidades Estatales CRUCH,71,UNIVERSIDAD DE SANTIAGO DE CHILE,1,CASA CENTRAL (SANTIAGO),78,TECNICO UNIVERSITARIO EN CONTROL INDUSTRIAL,Presencial,Vespertina,2,Plan Especial,4,1,4,Metropolitana,SANTIAGO,ESTACION CENTRAL,Pregrado,Técnico de Nivel Superior,Carreras Técnicas,Educación Media,VIGENTE CON ALUMNOS NUEVOS,Monto en Pesos,194000,3352199,0.0,Tecnología,"Ingeniería, Industria y Construcción",Ingeniería y Profesiones Afines,"Técnico en Instrumentación, Automatización y Control Industrial","Ingeniería, Industria y Construcción",Ingeniería y Profesiones Afines,NO ACREDITADA,ACREDITADA,25/02/2021 - 25/02/2028,7.0,203448,203448,10
2024,203862,I79S1C229J1V1,6064649.0,2,200501,15 a 19 años,2023,1,2023,1,Universidades,Universidades CRUCH,Universidades Estatales CRUCH,79,UNIVERSIDAD DE ATACAMA,1,CASA CENTRAL (COPIAPO),229,LICENCIATURA EN TRADUCTOLOGIA Y TRADUCTOR E INTERPRETE INGLES-ESPAÑOL,Presencial,Diurna,1,Plan Regular,10,0,10,Atacama,COPIAPO,COPIAPO,Pregrado,Profesional Con Licenciatura,Carreras Profesionales,Educación Media,VIGENTE CON ALUMNOS NUEVOS,Monto en Pesos,180000,3078000,27022.0,Humanidades,Humanidades y Artes,Humanidades,Traducción e Interpretación,Artes y Humanidades,Idiomas,NO ACREDITADA,ACREDITADA,25/08/2021 - 25/08/2025,4.0,40000,8000,1
2024,1128530,I71S1C73J1V1,9207964.0,2,200106,20 a 24 años,2023,1,2023,1,Universidades,Universidades CRUCH,Universidades Estatales CRUCH,71,UNIVERSIDAD DE SANTIAGO DE CHILE,1,CASA CENTRAL (SANTIAGO),73,QUIMICA Y LICENCIATURA EN QUIMICA,Presencial,Diurna,1,Plan Regular,10,2,10,Metropolitana,SANTIAGO,ESTACION CENTRAL,Pregrado,Profesional Con Licenciatura,Carreras Profesionales,Educación Media,VIGENTE CON ALUMNOS NUEVOS,Monto en Pesos,194000,4943814,16044.0,Ciencias Básicas,Ciencias,Ciencias Físicas,"Química, Licenciado en Química","Ciencias naturales, matemáticas y estadística",Ciencias Físicas,NO ACREDITADA,ACREDITADA,25/02/2021 - 25/02/2028,7.0,190512,190512,1
2024,238669,I90S1C130J1V1,7791050.0,2,200301,20 a 24 años,2022,1,2022,1,Universidades,Universidades CRUCH,Universidades Privadas CRUCH,90,UNIVERSIDAD AUSTRAL DE CHILE,1,CASA CENTRAL,130,PSICOLOGIA,Presencial,Diurna,1,Plan Regular,10,0,10,Los Ríos,VALDIVIA,VALDIVIA,Pregrado,Profesional Con Licenciatura,Carreras Profesionales,Educación Media,VIGENTE CON ALUMNOS NUEVOS,Monto en Pesos,237000,5247000,17826.0,Ciencias Sociales,"Ciencias Sociales, Enseñanza Comercial y Derecho",Ciencias Sociales y del Comportamiento,Psicología,"Ciencias Sociales, Periodismo e Información",Ciencias Sociales y del Comportamiento,NO ACREDITADA,ACREDITADA,14/09/2022 - 14/09/2028,6.0,225000,27000,1
2024,1082516,I90S1C111J1V1,8626240.0,1,199610,25 a 29 años,2020,1,2020,1,Universidades,Universidades CRUCH,Universidades Privadas CRUCH,90,UNIVERSIDAD AUSTRAL DE CHILE,1,CASA CENTRAL,111,QUIMICA Y FARMACIA,Presencial,Diurna,1,Plan Regular,11,0,11,Los Ríos,VALDIVIA,VALDIVIA,Pregrado,Profesional Con Licenciatura,Carreras Profesionales,Educación Media,VIGENTE CON ALUMNOS NUEVOS,Monto en Pesos,237000,5247000,17034.0,Salud,Salud y Servicios Sociales,Medicina,Química y Farmacia,Salud y Bienestar,Salud,NO ACREDITADA,ACREDITADA,14/09/2022 - 14/09/2028,6.0,225000,27000,1
2024,1226969,I91S1C30J1V2,7686857.0,1,200211,20 a 24 años,2021,1,2021,1,Universidades,Universidades CRUCH,Universidades Privadas CRUCH,91,UNIVERSIDAD CATOLICA DEL NORTE,1,CASA CENTRAL,30,INGENIERIA CIVIL INDUSTRIAL,Presencial,Diurna,2,Plan Regular,10,1,10,Antofagasta,ANTOFAGASTA,ANTOFAGASTA,Pregrado,Profesional Con Licenciatura,Carreras Profesionales,Educación Media,VIGENTE CON ALUMNOS NUEVOS,Monto en Pesos,180000,5512000,18062.0,Tecnología,"Ingeniería, Industria y Construcción",Ingeniería y Profesiones Afines,Ingeniería Civil Industrial,"Ingeniería, Industria y Construcción",Ingeniería y Profesiones Afines,NO ACREDITADA,ACREDITADA,26/11/2022 - 26/11/2028,6.0,211000,55000,1
2024,268582,I85S1C524J1V1,12782129.0,1,200501,15 a 19 años,2024,1,2024,1,Universidades,Universidades CRUCH,Universidades Estatales CRUCH,85,UNIVERSIDAD TECNOLOGICA METROPOLITANA,1,CASA CENTRAL,524,DERECHO,Presencial,Diurna,1,Plan Regular,10,0,10,Metropolitana,SANTIAGO,SANTIAGO,Pregrado,Profesional Con Licenciatura,Carreras Profesionales,Educación Media,VIGENTE CON ALUMNOS NUEVOS,Monto en Pesos,90000,3950000,21033.0,Derecho,"Ciencias Sociales, Enseñanza Comercial y Derecho",Derecho,Derecho,Administración de Empresas y Derecho,Derecho,NO ACREDITADA,ACREDITADA,01/09/2021 - 01/09/2025,4.0,43000,152500,1
2024,167124,I85S1C55J1V1,16012391.0,1,200308,20 a 24 años,2023,1,2023,1,Universidades,Universidades CRUCH,Universidades Estatales CRUCH,85,UNIVERSIDAD TECNOLOGICA METROPOLITANA,1,CASA CENTRAL,55,DISEÑO INDUSTRIAL,Presencial,Diurna,1,Plan Regular,10,1,10,Metropolitana,SANTIAGO,SANTIAGO,Pregrado,Profesional Con Licenciatura,Carreras Profesionales,Educación Media,VIGENTE CON ALUMNOS NUEVOS,Monto en Pesos,90000,4518000,21023.0,Tecnología,"Ingeniería, Industria y Construcción",Ingeniería y Profesiones Afines,Diseño Industrial,"Ingeniería, Industria y Construcción",Ingeniería y Profesiones Afines,NO ACREDITADA,ACREDITADA,01/09/2021 - 01/09/2025,4.0,43000,152500,1
2024,337017,I87S1C102J1V1,4716156.0,1,200103,20 a 24 años,2019,1,2019,1,Universidades,Universidades CRUCH,Universidades Privadas CRUCH,87,UNIVERSIDAD DE CONCEPCION,1,CASA CENTRAL,102,MEDICINA,Presencial,Diurna,1,Plan Regular,14,0,14,Biobío,CONCEPCION,CONCEPCION,Pregrado,Profesional Con Licenciatura,Carreras Profesionales,Educación Media,VIGENTE CON ALUMNOS NUEVOS,Monto en Pesos,160000,9310963,13086.0,Salud,Salud y Servicios Sociales,Medicina,Medicina,Salud y Bienestar,Salud,ACREDITADA,ACREDITADA,22/11/2023 - 22/11/2030,7.0,30000,12000,1
2024,333900,I87S1C43J1V1,20745658.0,2,200204,20 a 24 años,2021,1,2021,1,Universidades,Universidades CRUCH,Universidades Privadas CRUCH,87,UNIVERSIDAD DE CONCEPCION,1,CASA CENTRAL,43,GEOLOGIA,Presencial,Diurna,1,Plan Regular,12,0,12,Biobío,CONCEPCION,CONCEPCION,Pregrado,Profesional Con Licenciatura,Carreras Profesionales,Educación Media,VIGENTE SIN ALUMNOS NUEVOS,Monto en Pesos,160000,5482668,0.0,Ciencias Básicas,Ciencias,Ciencias Físicas,Geología,"Ciencias naturales, matemáticas y estadística",Ciencias Físicas,NO ACREDITADA,ACREDITADA,22/11/2023 - 22/11/2030,7.0,30000,12000,1
2024,684466,I26S1C16J1V2,10047986.0,2,200110,20 a 24 años,2021,1,2021,1,Universidades,Universidades Privadas,Universidades Privadas,26,"UNIVERSIDAD DE ARTES, CIENCIAS Y COMUNICACION - UNIACC",1,CASA CENTRAL (SANTIAGO),16,ARTES VISUALES,Presencial,Diurna,2,Plan Regular,10,0,10,Metropolitana,SANTIAGO,PROVIDENCIA,Pregrado,Profesional Con Licenciatura,Carreras Profesionales,Educación Media,VIGENTE CON ALUMNOS NUEVOS,Monto en Pesos,200000,3490000,0.0,Arte y Arquitectura,Humanidades y Artes,Artes,Artes y Licenciatura en Artes,Artes y Humanidades,Artes,NO ACREDITADA,ACREDITADA,09/08/2023 - 09/08/2026,3.0,522351,0,1
2024,707896,I3S1C4J1V2,22216865.0,1,200503,15 a 19 años,2023,1,2023,1,Universidades,Universidades CRUCH,Universidades Privadas CRUCH,3,UNIVERSIDAD DIEGO PORTALES,1,CASA CENTRAL (SANTIAGO),4,CONTADOR AUDITOR-CONTADOR PUBLICO,Presencial,Diurna,2,Plan Regular,10,0,10,Metropolitana,SANTIAGO,SANTIAGO,Pregrado,Profesional Con Licenciatura,Carreras Profesionales,Educación Media,VIGENTE CON ALUMNOS NUEVOS,Monto en Pesos,436000,4365000,38006.0,Administración y Comercio,"Ciencias Sociales, Enseñanza Comercial y Derecho",Enseñanza Comercial y Administración,Contador Auditor,Administración de Empresas y Derecho,Educación Comercial y Administración,NO ACREDITADA,ACREDITADA,15/11/2023 - 15/11/2029,6.0,292000,0,1
2024,698611,I3S1C11J1V1,20365572.0,1,199706,25 a 29 años,2020,1,2021,1,Universidades,Universidades CRUCH,Universidades Privadas CRUCH,3,UNIVERSIDAD DIEGO PORTALES,1,CASA CENTRAL (SANTIAGO),11,INGENIERIA CIVIL EN INFORMATICA Y TELECOMUNICACIONES,Presencial,Diurna,1,Plan Regular,11,0,11,Metropolitana,SANTIAGO,SANTIAGO,Pregrado,Profesional Con Licenciatura,Carreras Profesionales,Educación Media,VIGENTE CON ALUMNOS NUEVOS,Monto en Pesos,696000,6969000,38175.0,Tecnología,Ciencias,Informática,Ingeniería Civil en Computación e Informática,Tecnología de la Información y la Comunicación (TIC),Tecnología de la Información y la Comunicación (TIC),ACREDITADA,ACREDITADA,15/11/2023 - 15/11/2029,6.0,292000,0,2
2024,709772,I3S1C65J1V2,22025487.0,1,200405,20 a 24 años,2024,1,2024,1,Universidades,Universidades CRUCH,Universidades Privadas CRUCH,3,UNIVERSIDAD DIEGO PORTALES,1,CASA CENTRAL (SANTIAGO),65,BACHILLERATO EN CIENCIAS SOCIALES Y HUMANIDADES,Presencial,Diurna,2,Plan Regular,2,0,2,Metropolitana,SANTIAGO,SANTIAGO,Pregrado,"Bachillerato, Ciclo Inicial o Plan Común",Carreras Profesionales,Educación Media,VIGENTE CON ALUMNOS NUEVOS,Monto en Pesos,631000,6289000,38032.0,Ciencias Sociales,"Ciencias Sociales, Enseñanza Comercial y Derecho",Ciencias Sociales y del Comportamiento,Bachillerato y/o Licenciatura en Ciencias Sociales,"Ciencias Sociales, Periodismo e Información",Ciencias Sociales y del Comportamiento,NO ACREDITADA,ACREDITADA,15/11/2023 - 15/11/2029,6.0,146000,0,1
2024,683515,I26S1C82J4V3,8090237.0,1,198508,35 a 39 años,1900,0,2024,1,Universidades,Universidades Privadas,Universidades Privadas,26,"UNIVERSIDAD DE ARTES, CIENCIAS Y COMUNICACION - UNIACC",1,CASA CENTRAL (SANTIAGO),82,INGENIERIA COMERCIAL,No Presencial,A Distancia,3,Plan Regular de Continuidad,6,0,6,Metropolitana,SANTIAGO,PROVIDENCIA,Pregrado,Profesional Con Licenciatura,Carreras Profesionales,Técnico de Nivel Superior,VIGENTE CON ALUMNOS NUEVOS,Monto en Pesos,200000,3300000,0.0,Administración y Comercio,"Ciencias Sociales, Enseñanza Comercial y Derecho",Enseñanza Comercial y Administración,Ingeniería Comercial,Administración de Empresas y Derecho,Educación Comercial y Administración,NO ACREDITADA,ACREDITADA,09/08/2023 - 09/08/2026,3.0,522351,0,4
2024,662050,I19S1C62J1V2,15871713.0,2,200403,20 a 24 años,2022,1,2022,1,Universidades,Universidades Privadas,Universidades Privadas,19,UNIVERSIDAD DE LAS AMERICAS,1,CAMPUS PROVIDENCIA,62,TRADUCCION E INTERPRETACION EN INGLES,Presencial,Diurna,2,Plan Regular,10,0,10,Metropolitana,SANTIAGO,PROVIDENCIA,Pregrado,Profesional Con Licenciatura,Carreras Profesionales,Educación Media,VIGENTE CON ALUMNOS NUEVOS,Monto en Pesos,200000,4560000,56127.0,Humanidades,Humanidades y Artes,Humanidades,Traducción e Interpretación,Artes y Humanidades,Idiomas,NO ACREDITADA,ACREDITADA,18/03/2023 - 18/03/2028,5.0,219646,0,1
2024,665171,I19S1C21J1V1,14198296.0,2,200205,20 a 24 años,2022,1,2022,1,Universidades,Universidades Privadas,Universidades Privadas,19,UNIVERSIDAD DE LAS AMERICAS,1,CAMPUS PROVIDENCIA,21,ENFERMERIA,Presencial,Diurna,1,Plan Regular,10,0,10,Metropolitana,SANTIAGO,PROVIDENCIA,Pregrado,Profesional Con Licenciatura,Carreras Profesionales,Educación Media,VIGENTE CON ALUMNOS NUEVOS,Monto en Pesos,200000,6400000,56110.0,Salud,Salud y Servicios Sociales,Medicina,Enfermería,Salud y Bienestar,Salud,NO ACREDITADA,ACREDITADA,18/03/2023 - 18/03/2028,5.0,219646,0,1
2024,430157,I94S1C501J1V1,22848762.0,2,200408,15 a 19 años,2023,1,2023,1,Universidades,Universidades CRUCH,Universidades Privadas CRUCH,94,UNIVERSIDAD CATOLICA DE TEMUCO,1,CASA CENTRAL (TEMUCO),501,QUIMICA Y FARMACIA,Presencial,Diurna,1,Plan Regular,10,0,10,La Araucanía,CAUTIN,TEMUCO,Pregrado,Profesional Con Licenciatura,Carreras Profesionales,Educación Media,VIGENTE CON ALUMNOS NUEVOS,Monto en Pesos,210000,4787000,37099.0,Salud,Salud y Servicios Sociales,Medicina,Química y Farmacia,Salud y Bienestar,Salud,NO ACREDITADA,ACREDITADA,16/07/2019 - 16/07/2024,5.0,127974,0,1
2024,439940,I94S1C40J1V1,13327986.0,1,200211,20 a 24 años,2021,1,2021,1,Universidades,Universidades CRUCH,Universidades Privadas CRUCH,94,UNIVERSIDAD CATOLICA DE TEMUCO,1,CASA CENTRAL (TEMUCO),40,INGENIERIA CIVIL EN INFORMATICA,Presencial,Diurna,1,Plan Regular,10,0,10,La Araucanía,CAUTIN,TEMUCO,Pregrado,Profesional Con Licenciatura,Carreras Profesionales,Educación Media,VIGENTE CON ALUMNOS NUEVOS,Monto en Pesos,210000,4990000,37018.0,Tecnología,Ciencias,Informática,Ingeniería Civil en Computación e Informática,Tecnología de la Información y la Comunicación (TIC),Tecnología de la Información y la Comunicación (TIC),NO ACREDITADA,ACREDITADA,16/07/2019 - 16/07/2024,5.0,127974,0,1
2024,376967,I93S1C55J1V1,20519191.0,2,200603,15 a 19 años,2024,1,2024,1,Universidades,Universidades CRUCH,Universidades Privadas CRUCH,93,UNIVERSIDAD CATOLICA DE LA SANTISIMA CONCEPCION,1,CASA CENTRAL (CONCEPCION),55,QUIMICA AMBIENTAL,Presencial,Diurna,1,Plan Regular,10,1,10,Biobío,CONCEPCION,CONCEPCION,Pregrado,Profesional Con Licenciatura,Carreras Profesionales,Educación Media,VIGENTE CON ALUMNOS NUEVOS,Monto en Pesos,118000,3816000,36058.0,Ciencias Básicas,Ciencias,Ciencias de la Vida,Química Ambiental,"Ciencias naturales, matemáticas y estadística",Medio Ambiente,NO ACREDITADA,ACREDITADA,03/03/2021 - 03/03/2026,5.0,118000,0,1
2024,1074762,I331S1C145J1V1,5934595.0,2,200401,20 a 24 años,2022,1,2022,1,Centros de Formación Técnica,Centros de Formación Técnica,Centros de Formación Técnica,331,CFT IPROSEC,1,CASA CENTRAL (OSORNO),145,PELUQUERIA Y ESTETICA,Presencial,Diurna,1,Plan Regular,5,1,5,Los Lagos,OSORNO,OSORNO,Pregrado,Técnico de Nivel Superior,Carreras Técnicas,Educación Media,VIGENTE SIN ALUMNOS NUEVOS,Monto en Pesos,171200,1732710,,Arte y Arquitectura,Servicios,Servicios Personales,Técnico en Peluquería y Estética,Servicios,Servicios personales,NO ACREDITADA,ACREDITADA,23/02/2022 - 23/02/2025,3.0,812175,176180,1
2024,1050704,I193S2C4J1V1,18168473.0,1,200202,20 a 24 años,2022,1,2022,1,Institutos Profesionales,Institutos Profesionales,Institutos Profesionales,193,IP INSTITUTO NACIONAL DEL FUTBOL,2,CASA CENTRAL (SANTIAGO-PEÑALOLEN),4,ENTRENADOR DE FUTBOL,Presencial,Diurna,1,Plan Regular,8,1,9,Metropolitana,SANTIAGO,PEÑALOLEN,Pregrado,Profesional Sin Licenciatura,Carreras Profesionales,Educación Media,VIGENTE CON ALUMNOS NUEVOS,Monto en Pesos,180000,2580000,,Educación,Servicios,Servicios Personales,Otros Profesionales de Educación,Servicios,Servicios personales,NO ACREDITADA,ACREDITADA,20/04/2022 - 20/04/2025,3.0,100000,100000,1
2024,375660,I450S1C35J2V1,5408789.0,2,200502,15 a 19 años,2023,1,2023,1,Centros de Formación Técnica,Centros de Formación Técnica,Centros de Formación Técnica,450,CFT LOTA-ARAUCO,1,CASA CENTRAL (LOTA),35,EDUCACION DE PARVULOS,Presencial,Vespertina,1,Plan Regular,5,1,5,Biobío,CONCEPCION,LOTA,Pregrado,Técnico de Nivel Superior,Carreras Técnicas,Educación Media,VIGENTE CON ALUMNOS NUEVOS,Monto en Pesos,50000,1728000,,Educación,Educación,Formación de Personal Docente y Ciencias de la Educación,Técnico Asistente del Educador de Párvulos,Educación,Educación,NO ACREDITADA,ACREDITADA,22/07/2023 - 22/07/2027,4.0,80000,15000,1
2024,375078,I450S1C54J1V1,15191822.0,2,200303,20 a 24 años,2022,1,2022,1,Centros de Formación Técnica,Centros de Formación Técnica,Centros de Formación Técnica,450,CFT LOTA-ARAUCO,1,CASA CENTRAL (LOTA),54,EDUCACION DIFERENCIAL,Presencial,Diurna,1,Plan Regular,5,1,5,Biobío,CONCEPCION,LOTA,Pregrado,Técnico de Nivel Superior,Carreras Técnicas,Educación Media,VIGENTE CON ALUMNOS NUEVOS,Monto en Pesos,50000,1728000,,Educación,Educación,Formación de Personal Docente y Ciencias de la Educación,Técnico Asistente del Educador Diferencial,Educación,Educación,NO ACREDITADA,ACREDITADA,22/07/2023 - 22/07/2027,4.0,80000,15000,1
2024,132014,I914S2C22J2V1,20398656.0,2,199810,25 a 29 años,2023,1,2023,1,Centros de Formación Técnica,Centros de Formación Técnica,Centros de Formación Técnica Estatales,914,CFT DE LA REGION DEL MAULE,2,CAMPUS PARRAL,22,TECNICO EN ENFERMERIA,Presencial,Vespertina,1,Plan Regular,5,1,6,Maule,LINARES,PARRAL,Pregrado,Técnico de Nivel Superior,Carreras Técnicas,Educación Media,VIGENTE CON ALUMNOS NUEVOS,Monto en Pesos,170000,2304000,,Salud,Salud y Servicios Sociales,Medicina,Técnico en Enfermería,Salud y Bienestar,Salud,NO ACREDITADA,BAJO TUTELA,,,50000,10000,1
2024,347552,I916S1C3J2V1,4718764.0,1,196611,40 y más años,2023,1,2023,1,Centros de Formación Técnica,Centros de Formación Técnica,Centros de Formación Técnica Estatales,916,CFT DE LA REGION DE LA ARAUCANIA,1,SEDE LAUTARO,3,TECNICO EN GESTION DE EMPRESAS,Presencial,Vespertina,1,Plan Regular,5,0,5,La Araucanía,CAUTIN,LAUTARO,Pregrado,Técnico de Nivel Superior,Carreras Técnicas,Educación Media,VIGENTE CON ALUMNOS NUEVOS,Monto en Pesos,0,1772004,,Administración y Comercio,"Ciencias Sociales, Enseñanza Comercial y Derecho",Enseñanza Comercial y Administración,Técnico en Administración de Empresas,Administración de Empresas y Derecho,Educación Comercial y Administración,NO ACREDITADA,BAJO TUTELA,,,22000,5500,1
2024,338787,I916S1C14J2V1,19176433.0,2,198909,30 a 34 años,2024,1,2024,1,Centros de Formación Técnica,Centros de Formación Técnica,Centros de Formación Técnica Estatales,916,CFT DE LA REGION DE LA ARAUCANIA,1,SEDE LAUTARO,14,TECNICO DE NIVEL SUPERIOR EN ASISTENTE DEL EDUCADOR DE PARVULOS,Presencial,Vespertina,1,Plan Regular,5,0,5,La Araucanía,CAUTIN,LAUTARO,Pregrado,Técnico de Nivel Superior,Carreras Técnicas,Educación Media,VIGENTE CON ALUMNOS NUEVOS,Monto en Pesos,0,1683712,,Educación,Educación,Formación de Personal Docente y Ciencias de la Educación,Técnico Asistente del Educador de Párvulos,Educación,Educación,NO ACREDITADA,BAJO TUTELA,,,22000,5500,1
2024,1290336,I152S10C278J4V2,10923099.0,2,198310,40 y más años,2020,1,2020,1,Institutos Profesionales,Institutos Profesionales,Institutos Profesionales,152,IP LATINOAMERICANO DE COMERCIO EXTERIOR - IPLACEX,10,SEDE SANTIAGO,278,TECNICO EN ADMINISTRACION PUBLICA,No Presencial,A Distancia,2,Plan Regular,5,0,5,Metropolitana,SANTIAGO,SANTIAGO,Pregrado,Técnico de Nivel Superior,Carreras Técnicas,Educación Media,VIGENTE SIN ALUMNOS NUEVOS,Monto en Pesos,120000,1861000,,Ciencias Sociales,"Ciencias Sociales, Enseñanza Comercial y Derecho",Enseñanza Comercial y Administración,Técnico en Administración Pública o Municipal,Administración de Empresas y Derecho,Educación Comercial y Administración,NO ACREDITADA,ACREDITADA,06/10/2021 - 06/10/2025,4.0,210000,13600,1
2024,475471,I152S10C22J2V1,15426547.0,2,198512,35 a 39 años,2022,2,2022,2,Institutos Profesionales,Institutos Profesionales,Institutos Profesionales,152,IP LATINOAMERICANO DE COMERCIO EXTERIOR - IPLACEX,10,SEDE SANTIAGO,22,TECNICO EN ENFERMERIA,Semipresencial,Vespertina,1,Plan Regular,5,0,5,Metropolitana,SANTIAGO,SANTIAGO,Pregrado,Técnico de Nivel Superior,Carreras Técnicas,Educación Media,VIGENTE CON ALUMNOS NUEVOS,Monto en Pesos,120000,2110000,,Salud,Salud y Servicios Sociales,Medicina,Técnico en Enfermería,Salud y Bienestar,Salud,NO ACREDITADA,ACREDITADA,06/10/2021 - 06/10/2025,4.0,210000,13600,1
2024,1280388,I152S10C279J3V2,21155532.0,1,199110,30 a 34 años,2024,1,2024,1,Institutos Profesionales,Institutos Profesionales,Institutos Profesionales,152,IP LATINOAMERICANO DE COMERCIO EXTERIOR - IPLACEX,10,SEDE SANTIAGO,279,TECNICO EN CONSTRUCCION,Semipresencial,Semipresencial,2,Plan Regular,4,0,4,Metropolitana,SANTIAGO,SANTIAGO,Pregrado,Técnico de Nivel Superior,Carreras Técnicas,Educación Media,VIGENTE CON ALUMNOS NUEVOS,Monto en Pesos,120000,2070000,,Tecnología,"Ingeniería, Industria y Construcción",Arquitectura y Construcción,Técnico en Construcción y Obras Civiles,"Ingeniería, Industria y Construcción",Arquitectura y Construcción,NO ACREDITADA,ACREDITADA,06/10/2021 - 06/10/2025,4.0,210000,13600,1
2024,529577,I152S10C431J4V1,6018486.0,1,199008,30 a 34 años,2023,1,2023,1,Institutos Profesionales,Institutos Profesionales,Institutos Profesionales,152,IP LATINOAMERICANO DE COMERCIO EXTERIOR - IPLACEX,10,SEDE SANTIAGO,431,TECNICO EN ELECTRICO,No Presencial,A Distancia,1,Plan Regular,4,0,4,Metropolitana,SANTIAGO,SANTIAGO,Pregrado,Técnico de Nivel Superior,Carreras Técnicas,Educación Media,VIGENTE CON ALUMNOS NUEVOS,Monto en Pesos,120000,2037000,,Tecnología,"Ingeniería, Industria y Construcción",Ingeniería y Profesiones Afines,Técnico en Electricidad y Electricidad Industrial,"Ingeniería, Industria y Construcción",Ingeniería y Profesiones Afines,NO ACREDITADA,ACREDITADA,06/10/2021 - 06/10/2025,4.0,210000,13600,1
2024,923551,I152S10C429J3V1,22450239.0,2,200212,20 a 24 años,2022,1,2022,1,Institutos Profesionales,Institutos Profesionales,Institutos Profesionales,152,IP LATINOAMERICANO DE COMERCIO EXTERIOR - IPLACEX,10,SEDE SANTIAGO,429,NATUROPATIA,Semipresencial,Semipresencial,1,Plan Regular,8,0,8,Metropolitana,SANTIAGO,SANTIAGO,Pregrado,Profesional Sin Licenciatura,Carreras Profesionales,Educación Media,VIGENTE CON ALUMNOS NUEVOS,Monto en Pesos,135000,2190000,,Salud,Salud y Servicios Sociales,Medicina,Naturopatía,Salud y Bienestar,Salud,NO ACREDITADA,ACREDITADA,06/10/2021 - 06/10/2025,4.0,210000,13600,1
2024,466327,I152S10C383J4V1,12282027.0,2,198212,40 y más años,2023,1,2023,1,Institutos Profesionales,Institutos Profesionales,Institutos Profesionales,152,IP LATINOAMERICANO DE COMERCIO EXTERIOR - IPLACEX,10,SEDE SANTIAGO,383,INGENIERIA EN GESTION DE CENTROS DE SALUD,No Presencial,A Distancia,1,Plan Regular,8,0,8,Metropolitana,SANTIAGO,SANTIAGO,Pregrado,Profesional Sin Licenciatura,Carreras Profesionales,Educación Media,VIGENTE CON ALUMNOS NUEVOS,Monto en Pesos,135000,1890000,,Administración y Comercio,"Ciencias Sociales, Enseñanza Comercial y Derecho",Enseñanza Comercial y Administración,Administración de Empresas e Ing. Asociadas,Administración de Empresas y Derecho,Educación Comercial y Administración,NO ACREDITADA,ACREDITADA,06/10/2021 - 06/10/2025,4.0,210000,13600,1
2024,537680,I152S10C383J4V1,14333414.0,2,199705,25 a 29 años,1900,0,2023,2,Institutos Profesionales,Institutos Profesionales,Institutos Profesionales,152,IP LATINOAMERICANO DE COMERCIO EXTERIOR - IPLACEX,10,SEDE SANTIAGO,383,INGENIERIA EN GESTION DE CENTROS DE SALUD,No Presencial,A Distancia,1,Plan Regular,8,0,8,Metropolitana,SANTIAGO,SANTIAGO,Pregrado,Profesional Sin Licenciatura,Carreras Profesionales,Educación Media,VIGENTE CON ALUMNOS NUEVOS,Monto en Pesos,135000,1890000,,Administración y Comercio,"Ciencias Sociales, Enseñanza Comercial y Derecho",Enseñanza Comercial y Administración,Administración de Empresas e Ing. Asociadas,Administración de Empresas y Derecho,Educación Comercial y Administración,NO ACREDITADA,ACREDITADA,06/10/2021 - 06/10/2025,4.0,210000,13600,4
2024,487489,I152S10C9J4V3,18812710.0,2,199504,25 a 29 años,1900,0,2023,2,Institutos Profesionales,Institutos Profesionales,Institutos Profesionales,152,IP LATINOAMERICANO DE COMERCIO EXTERIOR - IPLACEX,10,SEDE SANTIAGO,9,AUDITORIA,No Presencial,A Distancia,3,Plan Regular,8,0,8,Metropolitana,SANTIAGO,SANTIAGO,Pregrado,Profesional Sin Licenciatura,Carreras Profesionales,Educación Media,VIGENTE SIN ALUMNOS NUEVOS,Monto en Pesos,135000,2037000,,Administración y Comercio,"Ciencias Sociales, Enseñanza Comercial y Derecho",Enseñanza Comercial y Administración,Contador Auditor,Administración de Empresas y Derecho,Educación Comercial y Administración,NO ACREDITADA,ACREDITADA,06/10/2021 - 06/10/2025,4.0,210000,13600,4
2024,934098,I152S10C274J4V4,12055854.0,1,199011,30 a 34 años,2023,1,2023,1,Institutos Profesionales,Institutos Profesionales,Institutos Profesionales,152,IP LATINOAMERICANO DE COMERCIO EXTERIOR - IPLACEX,10,SEDE SANTIAGO,274,ADMINISTRACION PUBLICA,No Presencial,A Distancia,4,Plan Regular,8,0,8,Metropolitana,SANTIAGO,SANTIAGO,Pregrado,Profesional Sin Licenciatura,Carreras Profesionales,Educación Media,VIGENTE SIN ALUMNOS NUEVOS,Monto en Pesos,135000,2110000,,Ciencias Sociales,"Ciencias Sociales, Enseñanza Comercial y Derecho",Enseñanza Comercial y Administración,Administración Pública,Administración de Empresas y Derecho,Educación Comercial y Administración,NO ACREDITADA,ACREDITADA,06/10/2021 - 06/10/2025,4.0,210000,13600,5
2024,1284125,I152S10C41J4V2,21057648.0,2,198704,35 a 39 años,2014,1,2024,1,Institutos Profesionales,Institutos Profesionales,Institutos Profesionales,152,IP LATINOAMERICANO DE COMERCIO EXTERIOR - IPLACEX,10,SEDE SANTIAGO,41,TRABAJO SOCIAL,No Presencial,A Distancia,2,Plan Regular,8,1,8,Metropolitana,SANTIAGO,SANTIAGO,Pregrado,Profesional Sin Licenciatura,Carreras Profesionales,Educación Media,VIGENTE SIN ALUMNOS NUEVOS,Monto en Pesos,135000,2064000,,Ciencias Sociales,Salud y Servicios Sociales,Servicios Sociales,Trabajo Social,Salud y Bienestar,Bienestar,NO ACREDITADA,ACREDITADA,06/10/2021 - 06/10/2025,4.0,210000,13600,3
2024,1255360,I120S3C260J3V1,19422684.0,2,197711,40 y más años,2023,1,2023,2,Institutos Profesionales,Institutos Profesionales,Institutos Profesionales,120,IP DIEGO PORTALES,3,SEDE CHILLAN,260,TECNICO DE NIVEL SUPERIOR EN PODOLOGIA,Semipresencial,Semipresencial,1,Plan Especial,2,1,3,Ñuble,DIGUILLIN,CHILLAN,Pregrado,Técnico de Nivel Superior,Carreras Técnicas,Educación Media,VIGENTE CON ALUMNOS NUEVOS,Monto en Pesos,150000,1875000,,Salud,Salud y Servicios Sociales,Medicina,Técnico en Podología,Salud y Bienestar,Salud,NO ACREDITADA,NO ACREDITADA,,,109500,0,3
2024,478006,I456S2C16J1V1,14012712.0,1,199805,25 a 29 años,2024,1,2024,1,Centros de Formación Técnica,Centros de Formación Técnica,Centros de Formación Técnica,456,CFT CEDUC - UCN,2,SEDE ANTOFAGASTA,16,MECANICA DE EQUIPO PESADO,Presencial,Diurna,1,Plan Regular,5,0,5,Antofagasta,ANTOFAGASTA,ANTOFAGASTA,Pregrado,Técnico de Nivel Superior,Carreras Técnicas,Educación Media,VIGENTE CON ALUMNOS NUEVOS,Monto en Pesos,148965,2205815,,Tecnología,"Ingeniería, Industria y Construcción",Ingeniería y Profesiones Afines,Técnico en Mecánica Industrial,"Ingeniería, Industria y Construcción",Ingeniería y Profesiones Afines,NO ACREDITADA,ACREDITADA,04/11/2021 - 04/11/2026,5.0,446895,0,1
2024,13228,I257S1C18J2V1,11453376.0,1,196911,40 y más años,2024,1,2024,1,Centros de Formación Técnica,Centros de Formación Técnica,Centros de Formación Técnica,257,CFT JUAN BOHON,1,CASA CENTRAL (LA SERENA),18,TECNICO EN CONSTRUCCION,Presencial,Vespertina,1,Plan Regular,5,1,5,Coquimbo,ELQUI,LA SERENA,Pregrado,Técnico de Nivel Superior,Carreras Técnicas,Educación Media,VIGENTE CON ALUMNOS NUEVOS,Monto en Pesos,70000,1671100,,Tecnología,"Ingeniería, Industria y Construcción",Arquitectura y Construcción,Técnico en Construcción y Obras Civiles,"Ingeniería, Industria y Construcción",Arquitectura y Construcción,NO ACREDITADA,ACREDITADA,05/04/2023 - 05/04/2027,4.0,794500,0,1
2024,278681,I910S1C3J1V1,13116842.0,1,200310,20 a 24 años,2022,1,2022,1,Centros de Formación Técnica,Centros de Formación Técnica,Centros de Formación Técnica Estatales,910,CFT DE LA REGION DE COQUIMBO,1,SEDE OVALLE,3,TECNICO DE NIVEL SUPERIOR EN MANTENIMIENTO INDUSTRIAL,Presencial,Diurna,1,Plan Regular,4,1,5,Coquimbo,LIMARI,OVALLE,Pregrado,Técnico de Nivel Superior,Carreras Técnicas,Educación Media,VIGENTE CON ALUMNOS NUEVOS,Monto en Pesos,0,1873341,,Tecnología,"Ingeniería, Industria y Construcción",Ingeniería y Profesiones Afines,Técnico en Mantenimiento Industrial,"Ingeniería, Industria y Construcción",Ingeniería y Profesiones Afines,NO ACREDITADA,BAJO TUTELA,,,61360,0,1
2024,919386,I456S4C61J2V1,5889464.0,1,199005,30 a 34 años,2024,1,2024,1,Centros de Formación Técnica,Centros de Formación Técnica,Centros de Formación Técnica,456,CFT CEDUC - UCN,4,SEDE HUALPEN,61,EDUCACION GENERAL,Presencial,Vespertina,1,Plan Regular,5,0,5,Biobío,CONCEPCION,HUALPEN,Pregrado,Técnico de Nivel Superior,Carreras Técnicas,Educación Media,VIGENTE CON ALUMNOS NUEVOS,Monto en Pesos,150556,1965812,,Educación,Educación,Formación de Personal Docente y Ciencias de la Educación,Otros Técnicos de Educación,Educación,Educación,NO ACREDITADA,ACREDITADA,04/11/2021 - 04/11/2026,5.0,451668,0,1
2024,76127,I456S3C69J1V1,19275133.0,1,200605,15 a 19 años,2024,1,2024,1,Centros de Formación Técnica,Centros de Formación Técnica,Centros de Formación Técnica,456,CFT CEDUC - UCN,3,SEDE LEBU,69,COMPUTACION E INFORMATICA MENCION PROGRAMACION,Presencial,Diurna,1,Plan Regular,5,0,5,Biobío,ARAUCO,LEBU,Pregrado,Técnico de Nivel Superior,Carreras Técnicas,Educación Media,VIGENTE CON ALUMNOS NUEVOS,Monto en Pesos,150556,1965812,,Tecnología,Ciencias,Informática,Técnico en Computación e Informática,Tecnología de la Información y la Comunicación (TIC),Tecnología de la Información y la Comunicación (TIC),NO ACREDITADA,ACREDITADA,04/11/2021 - 04/11/2026,5.0,451668,0,1
2024,915502,I456S1C28J2V1,16160920.0,2,200305,20 a 24 años,2024,1,2024,1,Centros de Formación Técnica,Centros de Formación Técnica,Centros de Formación Técnica,456,CFT CEDUC - UCN,1,CASA CENTRAL (COQUIMBO),28,OPERACION DE PLANTAS MINERAS,Presencial,Vespertina,1,Plan Regular,5,0,5,Coquimbo,ELQUI,COQUIMBO,Pregrado,Técnico de Nivel Superior,Carreras Técnicas,Educación Media,VIGENTE CON ALUMNOS NUEVOS,Monto en Pesos,150556,1965812,,Tecnología,"Ingeniería, Industria y Construcción",Industria y Producción,Técnico en Minería,"Ingeniería, Industria y Construcción",Industria y Producción,NO ACREDITADA,ACREDITADA,04/11/2021 - 04/11/2026,5.0,451668,0,1
2024,650188,I629S4C161J1V1,4797419.0,1,200205,20 a 24 años,2022,1,2022,1,Centros de Formación Técnica,Centros de Formación Técnica,Centros de Formación Técnica,629,CFT PUCV,4,CAMPUS QUILLOTA,161,TECNICO DE NIVEL SUPERIOR EN MANTENIMIENTO INDUSTRIAL CON ESPECIALIDAD EN EQUIPOS MOVILES Y CONTROL DE PROCESOS,Presencial,Diurna,1,Plan Regular,5,1,6,Valparaíso,QUILLOTA,QUILLOTA,Pregrado,Técnico de Nivel Superior,Carreras Técnicas,Educación Media,VIGENTE CON ALUMNOS NUEVOS,Monto en Pesos,188550,1898124,,Tecnología,"Ingeniería, Industria y Construcción",Ingeniería y Profesiones Afines,Técnico en Mantenimiento Industrial,"Ingeniería, Industria y Construcción",Ingeniería y Profesiones Afines,NO ACREDITADA,ACREDITADA,12/01/2022 - 12/01/2027,5.0,949062,0,1
2024,21711,I629S2C0J2V1,21941028.0,1,197001,40 y más años,2024,1,2024,1,Centros de Formación Técnica,Centros de Formación Técnica,Centros de Formación Técnica,629,CFT PUCV,2,SEDE LA CALERA,0,TECNICO DE NIVEL SUPERIOR EN CONSTRUCCION,Presencial,Vespertina,1,Plan Regular,4,1,5,Valparaíso,QUILLOTA,LA CALERA,Pregrado,Técnico de Nivel Superior,Carreras Técnicas,Educación Media,VIGENTE CON ALUMNOS NUEVOS,Monto en Pesos,188550,1898124,,Tecnología,"Ingeniería, Industria y Construcción",Arquitectura y Construcción,Técnico en Construcción y Obras Civiles,"Ingeniería, Industria y Construcción",Arquitectura y Construcción,NO ACREDITADA,ACREDITADA,12/01/2022 - 12/01/2027,5.0,949062,0,1
2024,22016,I629S4C0J2V1,8042045.0,2,198406,40 y más años,2024,1,2024,1,Centros de Formación Técnica,Centros de Formación Técnica,Centros de Formación Técnica,629,CFT PUCV,4,CAMPUS QUILLOTA,0,TECNICO DE NIVEL SUPERIOR EN CONSTRUCCION,Presencial,Vespertina,1,Plan Regular,4,1,5,Valparaíso,QUILLOTA,QUILLOTA,Pregrado,Técnico de Nivel Superior,Carreras Técnicas,Educación Media,VIGENTE CON ALUMNOS NUEVOS,Monto en Pesos,188550,1898124,,Tecnología,"Ingeniería, Industria y Construcción",Arquitectura y Construcción,Técnico en Construcción y Obras Civiles,"Ingeniería, Industria y Construcción",Arquitectura y Construcción,NO ACREDITADA,ACREDITADA,12/01/2022 - 12/01/2027,5.0,949062,0,1
2024,650232,I629S6C151J1V1,12223160.0,2,200012,20 a 24 años,2023,1,2023,1,Centros de Formación Técnica,Centros de Formación Técnica,Centros de Formación Técnica,629,CFT PUCV,6,SEDE LA LIGUA,151,TECNICO DE NIVEL SUPERIOR EN TRABAJO SOCIAL,Presencial,Diurna,1,Plan Regular,4,1,5,Valparaíso,PETORCA,LA LIGUA,Pregrado,Técnico de Nivel Superior,Carreras Técnicas,Educación Media,VIGENTE CON ALUMNOS NUEVOS,Monto en Pesos,188550,1898124,,Ciencias Sociales,Salud y Servicios Sociales,Servicios Sociales,Técnico en Servicio Social,Salud y Bienestar,Bienestar,NO ACREDITADA,ACREDITADA,12/01/2022 - 12/01/2027,5.0,949062,0,1
2024,650229,I629S0C141J1V1,13397375.0,1,199810,25 a 29 años,2023,1,2023,1,Centros de Formación Técnica,Centros de Formación Técnica,Centros de Formación Técnica,629,CFT PUCV,0,CASA CENTRAL (VALPARAISO),141,TECNICO DE NIVEL SUPERIOR EN ENFERMERIA,Presencial,Diurna,1,Plan Regular,5,1,6,Valparaíso,VALPARAISO,VALPARAISO,Pregrado,Técnico de Nivel Superior,Carreras Técnicas,Educación Media,VIGENTE CON ALUMNOS NUEVOS,Monto en Pesos,188550,2355840,,Salud,Salud y Servicios Sociales,Medicina,Técnico en Enfermería,Salud y Bienestar,Salud,NO ACREDITADA,ACREDITADA,12/01/2022 - 12/01/2027,5.0,1177920,0,1
2024,652643,I629S0C141J1V1,23650364.0,2,200309,20 a 24 años,2024,1,2024,1,Centros de Formación Técnica,Centros de Formación Técnica,Centros de Formación Técnica,629,CFT PUCV,0,CASA CENTRAL (VALPARAISO),141,TECNICO DE NIVEL SUPERIOR EN ENFERMERIA,Presencial,Diurna,1,Plan Regular,5,1,6,Valparaíso,VALPARAISO,VALPARAISO,Pregrado,Técnico de Nivel Superior,Carreras Técnicas,Educación Media,VIGENTE CON ALUMNOS NUEVOS,Monto en Pesos,188550,2355840,,Salud,Salud y Servicios Sociales,Medicina,Técnico en Enfermería,Salud y Bienestar,Salud,NO ACREDITADA,ACREDITADA,12/01/2022 - 12/01/2027,5.0,1177920,0,1
2024,938319,I629S4C134J2V1,22926157.0,2,200312,20 a 24 años,2024,1,2024,1,Centros de Formación Técnica,Centros de Formación Técnica,Centros de Formación Técnica,629,CFT PUCV,4,CAMPUS QUILLOTA,134,TECNICO DE NIVEL SUPERIOR EN GASTRONOMIA INTERNACIONAL,Presencial,Vespertina,1,Plan Regular,4,1,5,Valparaíso,QUILLOTA,QUILLOTA,Pregrado,Técnico de Nivel Superior,Carreras Técnicas,Educación Media,VIGENTE CON ALUMNOS NUEVOS,Monto en Pesos,188550,2355840,,Administración y Comercio,Servicios,Servicios Personales,Técnico en Gastronomía y Cocina,Servicios,Servicios personales,NO ACREDITADA,ACREDITADA,12/01/2022 - 12/01/2027,5.0,1177920,0,1
2024,939913,I629S0C113J4V1,14051372.0,1,198107,40 y más años,2024,1,2024,1,Centros de Formación Técnica,Centros de Formación Técnica,Centros de Formación Técnica,629,CFT PUCV,0,CASA CENTRAL (VALPARAISO),113,TECNICO DE NIVEL SUPERIOR EN ADMINISTRACION DE EMPRESAS,No Presencial,A Distancia,1,Plan Regular,4,1,5,Valparaíso,VALPARAISO,VALPARAISO,Pregrado,Técnico de Nivel Superior,Carreras Técnicas,Educación Media,VIGENTE CON ALUMNOS NUEVOS,Monto en Pesos,188550,1627500,,Administración y Comercio,"Ciencias Sociales, Enseñanza Comercial y Derecho",Enseñanza Comercial y Administración,Técnico en Administración de Empresas,Administración de Empresas y Derecho,Educación Comercial y Administración,NO ACREDITADA,ACREDITADA,12/01/2022 - 12/01/2027,5.0,813750,0,1
2024,1059697,I701S0C36J2V1,23966946.0,1,199805,25 a 29 años,2024,1,2024,1,Centros de Formación Técnica,Centros de Formación Técnica,Centros de Formación Técnica,701,CFT MANPOWER,0,CASA CENTRAL (SANTIAGO),36,GESTION LOGISTICA INTEGRAL,Presencial,Vespertina,1,Plan Regular,5,1,6,Metropolitana,SANTIAGO,SANTIAGO,Pregrado,Técnico de Nivel Superior,Carreras Técnicas,Educación Media,VIGENTE CON ALUMNOS NUEVOS,Monto en Pesos,129800,1805700,,Administración y Comercio,"Ciencias Sociales, Enseñanza Comercial y Derecho",Enseñanza Comercial y Administración,Técnico en Logística,Administración de Empresas y Derecho,Educación Comercial y Administración,NO ACREDITADA,ACREDITADA,06/04/2022 - 06/04/2025,3.0,181500,0,1
2024,1330427,I214S1C100J4V2,23697548.0,2,198512,35 a 39 años,2019,1,2019,1,Centros de Formación Técnica,Centros de Formación Técnica,Centros de Formación Técnica,214,CFT INSTITUTO CENTRAL DE CAPACITACION EDUCACIONAL ICCE,1,CASA CENTRAL (SANTIAGO),100,ADMINISTRACION PUBLICA,No Presencial,A Distancia,2,Plan Especial,3,1,3,Metropolitana,SANTIAGO,SANTIAGO,Pregrado,Técnico de Nivel Superior,Carreras Técnicas,Educación Media,VIGENTE SIN ALUMNOS NUEVOS,Monto en Pesos,70000,1400000,,Ciencias Sociales,"Ciencias Sociales, Enseñanza Comercial y Derecho",Enseñanza Comercial y Administración,Técnico en Administración Pública o Municipal,Administración de Empresas y Derecho,Educación Comercial y Administración,NO ACREDITADA,NO ACREDITADA,,,550000,0,1
2024,570902,I103S1C4J2V1,17072027.0,2,197601,40 y más años,2022,1,2022,1,Institutos Profesionales,Institutos Profesionales,Institutos Profesionales,103,IP INSTITUTO DE ESTUDIOS BANCARIOS GUILLERMO SUBERCASEAUX,1,CASA CENTRAL (SANTIAGO),4,INGENIERIA FINANCIERA,Presencial,Vespertina,1,Plan Regular,9,1,9,Metropolitana,SANTIAGO,SANTIAGO,Pregrado,Profesional Sin Licenciatura,Carreras Profesionales,Educación Media,VIGENTE SIN ALUMNOS NUEVOS,Monto en Pesos,190000,2787120,,Administración y Comercio,"Ciencias Sociales, Enseñanza Comercial y Derecho",Enseñanza Comercial y Administración,Ingeniería en Finanzas,Administración de Empresas y Derecho,Educación Comercial y Administración,NO ACREDITADA,NO ACREDITADA,,,100000,0,1
2024,1306480,I312S1C84J4V3,12131756.0,2,198712,35 a 39 años,2023,2,2023,2,Centros de Formación Técnica,Centros de Formación Técnica,Centros de Formación Técnica,312,CFT CENCO,1,CASA CENTRAL (SANTIAGO),84,TECNICO DE NIVEL SUPERIOR EN FARMACIA,No Presencial,A Distancia,3,Plan Especial,4,1,5,Metropolitana,SANTIAGO,SANTIAGO,Pregrado,Técnico de Nivel Superior,Carreras Técnicas,Educación Media,VIGENTE CON ALUMNOS NUEVOS,Monto en Pesos,85615,1027380,,Salud,Salud y Servicios Sociales,Medicina,Técnico en Farmacia,Salud y Bienestar,Salud,NO ACREDITADA,ACREDITADA,12/10/2022 - 12/10/2025,3.0,150000,0,1
2024,1343739,I312S1C84J4V3,23946687.0,2,199112,30 a 34 años,2023,2,2023,2,Centros de Formación Técnica,Centros de Formación Técnica,Centros de Formación Técnica,312,CFT CENCO,1,CASA CENTRAL (SANTIAGO),84,TECNICO DE NIVEL SUPERIOR EN FARMACIA,No Presencial,A Distancia,3,Plan Especial,4,1,5,Metropolitana,SANTIAGO,SANTIAGO,Pregrado,Técnico de Nivel Superior,Carreras Técnicas,Educación Media,VIGENTE CON ALUMNOS NUEVOS,Monto en Pesos,85615,1027380,,Salud,Salud y Servicios Sociales,Medicina,Técnico en Farmacia,Salud y Bienestar,Salud,NO ACREDITADA,ACREDITADA,12/10/2022 - 12/10/2025,3.0,150000,0,1
2024,1314333,I312S1C86J4V2,6115147.0,2,198610,35 a 39 años,2023,2,2023,2,Centros de Formación Técnica,Centros de Formación Técnica,Centros de Formación Técnica,312,CFT CENCO,1,CASA CENTRAL (SANTIAGO),86,TECNICO DE NIVEL SUPERIOR EN GESTION DE INSTITUCIONES DE SALUD,No Presencial,A Distancia,2,Plan Especial,4,1,4,Metropolitana,SANTIAGO,SANTIAGO,Pregrado,Técnico de Nivel Superior,Carreras Técnicas,Educación Media,VIGENTE SIN ALUMNOS NUEVOS,Monto en Pesos,85615,1027380,,Administración y Comercio,"Ciencias Sociales, Enseñanza Comercial y Derecho",Enseñanza Comercial y Administración,Técnico en Administración de Empresas,Administración de Empresas y Derecho,Educación Comercial y Administración,NO ACREDITADA,ACREDITADA,12/10/2022 - 12/10/2025,3.0,150000,0,1
2024,661109,I218S1C10J1V2,16604918.0,1,199603,25 a 29 años,2021,2,2021,2,Centros de Formación Técnica,Centros de Formación Técnica,Centros de Formación Técnica,218,CFT DE ENAC,1,CASA CENTRAL (SANTIAGO),10,TECNICO EN ENFERMERIA,Presencial,Diurna,2,Plan Regular,5,0,5,Metropolitana,SANTIAGO,SANTIAGO,Pregrado,Técnico de Nivel Superior,Carreras Técnicas,Educación Media,VIGENTE CON ALUMNOS NUEVOS,Monto en Pesos,0,2315000,,Salud,Salud y Servicios Sociales,Medicina,Técnico en Enfermería,Salud y Bienestar,Salud,NO ACREDITADA,ACREDITADA,26/10/2022 - 26/10/2028,6.0,120000,0,1
2024,1086980,I143S2C609J1V2,12033983.0,1,200309,20 a 24 años,2022,1,2022,1,Institutos Profesionales,Institutos Profesionales,Institutos Profesionales,143,IP AIEP,2,SEDE ANTOFAGASTA,609,GASTRONOMIA INTERNACIONAL,Presencial,Diurna,2,Plan Regular,4,1,4,Antofagasta,ANTOFAGASTA,ANTOFAGASTA,Pregrado,Técnico de Nivel Superior,Carreras Técnicas,Educación Media,VIGENTE CON ALUMNOS NUEVOS,Monto en Pesos,220000,2240000,,Administración y Comercio,Servicios,Servicios Personales,Técnico en Gastronomía y Cocina,Servicios,Servicios personales,NO ACREDITADA,ACREDITADA,23/11/2022 - 23/11/2027,5.0,672000,0,1
2024,1325907,I143S17C636J2V2,22930307.0,1,200403,20 a 24 años,2022,1,2022,1,Institutos Profesionales,Institutos Profesionales,Institutos Profesionales,143,IP AIEP,17,SEDE LA SERENA,636,TECNICO EN MECANICA AUTOMOTRIZ EN MAQUINARIA PESADA,Presencial,Vespertina,2,Plan Regular,5,1,5,Coquimbo,ELQUI,LA SERENA,Pregrado,Técnico de Nivel Superior,Carreras Técnicas,Educación Media,VIGENTE CON ALUMNOS NUEVOS,Monto en Pesos,220000,2420000,,Tecnología,"Ingeniería, Industria y Construcción",Ingeniería y Profesiones Afines,Técnico en Mecánica Automotriz,"Ingeniería, Industria y Construcción",Ingeniería y Profesiones Afines,NO ACREDITADA,ACREDITADA,23/11/2022 - 23/11/2027,5.0,726000,0,1
2024,1092923,I143S8C26J2V2,23545632.0,1,200205,20 a 24 años,2022,1,2022,1,Institutos Profesionales,Institutos Profesionales,Institutos Profesionales,143,IP AIEP,8,SEDE SAN FERNANDO,26,TECNICO EN CONSTRUCCION,Presencial,Vespertina,2,Plan Regular,5,1,5,Lib. Gral. B. O'Higgins,COLCHAGUA,SAN FERNANDO,Pregrado,Técnico de Nivel Superior,Carreras Técnicas,Educación Media,VIGENTE CON ALUMNOS NUEVOS,Monto en Pesos,220000,2330000,,Tecnología,"Ingeniería, Industria y Construcción",Arquitectura y Construcción,Técnico en Construcción y Obras Civiles,"Ingeniería, Industria y Construcción",Arquitectura y Construcción,NO ACREDITADA,ACREDITADA,23/11/2022 - 23/11/2027,5.0,699000,0,1
2024,108922,I143S8C27J2V2,20377601.0,1,200305,20 a 24 años,2024,1,2024,1,Institutos Profesionales,Institutos Profesionales,Institutos Profesionales,143,IP AIEP,8,SEDE SAN FERNANDO,27,PREVENCION DE RIESGOS,Presencial,Vespertina,2,Plan Regular,5,1,5,Lib. Gral. B. O'Higgins,COLCHAGUA,SAN FERNANDO,Pregrado,Técnico de Nivel Superior,Carreras Técnicas,Educación Media,VIGENTE CON ALUMNOS NUEVOS,Monto en Pesos,220000,2260000,,Tecnología,Servicios,Servicios de Seguridad,Técnico en Prevención de Riesgos,Servicios,Servicios de Higiene y Salud Ocupacional,NO ACREDITADA,ACREDITADA,23/11/2022 - 23/11/2027,5.0,678000,0,1
2024,906687,I143S17C59J1V1,7783855.0,2,200402,20 a 24 años,2024,1,2024,1,Institutos Profesionales,Institutos Profesionales,Institutos Profesionales,143,IP AIEP,17,SEDE LA SERENA,59,TECNICO EN COSMETOLOGIA,Presencial,Diurna,1,Plan Regular,5,1,5,Coquimbo,ELQUI,LA SERENA,Pregrado,Técnico de Nivel Superior,Carreras Técnicas,Educación Media,VIGENTE CON ALUMNOS NUEVOS,Monto en Pesos,220000,2520000,,Arte y Arquitectura,Servicios,Servicios Personales,Técnico en Peluquería y Estética,Servicios,Servicios personales,NO ACREDITADA,ACREDITADA,23/11/2022 - 23/11/2027,5.0,756000,0,1
2024,1092345,I143S13C34J1V1,9235103.0,2,200406,20 a 24 años,2022,1,2022,1,Institutos Profesionales,Institutos Profesionales,Institutos Profesionales,143,IP AIEP,13,SEDE CONCEPCION,34,TECNICO EN ENFERMERIA,Presencial,Diurna,1,Plan Regular,5,1,5,Biobío,CONCEPCION,CONCEPCION,Pregrado,Técnico de Nivel Superior,Carreras Técnicas,Educación Media,VIGENTE CON ALUMNOS NUEVOS,Monto en Pesos,220000,2540000,,Salud,Salud y Servicios Sociales,Medicina,Técnico en Enfermería,Salud y Bienestar,Salud,NO ACREDITADA,ACREDITADA,23/11/2022 - 23/11/2027,5.0,762000,0,1
2024,100908,I143S0C34J1V1,23963827.0,2,200512,15 a 19 años,2024,1,2024,1,Institutos Profesionales,Institutos Profesionales,Institutos Profesionales,143,IP AIEP,0,SEDE LOS ANGELES,34,TECNICO EN ENFERMERIA,Presencial,Diurna,1,Plan Regular,5,1,5,Biobío,BIOBIO,LOS ANGELES,Pregrado,Técnico de Nivel Superior,Carreras Técnicas,Educación Media,VIGENTE CON ALUMNOS NUEVOS,Monto en Pesos,220000,2450000,,Salud,Salud y Servicios Sociales,Medicina,Técnico en Enfermería,Salud y Bienestar,Salud,NO ACREDITADA,ACREDITADA,23/11/2022 - 23/11/2027,5.0,735000,0,1
2024,1107118,I143S29C651J2V2,11589011.0,2,200506,15 a 19 años,2023,1,2023,1,Institutos Profesionales,Institutos Profesionales,Institutos Profesionales,143,IP AIEP,29,SEDE MAIPU,651,TECNICO EN ADMINISTRACION DE EMPRESAS,Presencial,Vespertina,2,Plan Regular,5,1,5,Metropolitana,SANTIAGO,MAIPU,Pregrado,Técnico de Nivel Superior,Carreras Técnicas,Educación Media,VIGENTE CON ALUMNOS NUEVOS,Monto en Pesos,220000,2330000,,Administración y Comercio,"Ciencias Sociales, Enseñanza Comercial y Derecho",Enseñanza Comercial y Administración,Técnico en Administración de Empresas,Administración de Empresas y Derecho,Educación Comercial y Administración,NO ACREDITADA,ACREDITADA,23/11/2022 - 23/11/2027,5.0,699000,0,1
2024,903234,I143S15C29J1V1,11859438.0,2,200010,20 a 24 años,2024,1,2024,1,Institutos Profesionales,Institutos Profesionales,Institutos Profesionales,143,IP AIEP,15,SEDE BARRIO UNIVERSITARIO,29,ASISTENTE DE PARVULOS,Presencial,Diurna,1,Plan Regular,5,1,5,Metropolitana,SANTIAGO,SANTIAGO,Pregrado,Técnico de Nivel Superior,Carreras Técnicas,Educación Media,VIGENTE CON ALUMNOS NUEVOS,Monto en Pesos,220000,2200000,,Educación,Educación,Formación de Personal Docente y Ciencias de la Educación,Técnico Asistente del Educador de Párvulos,Educación,Educación,NO ACREDITADA,ACREDITADA,23/11/2022 - 23/11/2027,5.0,660000,0,1
2024,1305585,I143S28C469J4V1,6678846.0,2,199611,25 a 29 años,2023,1,2023,1,Institutos Profesionales,Institutos Profesionales,Institutos Profesionales,143,IP AIEP,28,SEDE ONLINE,469,TECNICO ASISTENTE EN EDUCACION ESPECIAL,No Presencial,A Distancia,1,Plan Regular,5,1,5,Metropolitana,SANTIAGO,CONCHALI,Pregrado,Técnico de Nivel Superior,Carreras Técnicas,Educación Media,VIGENTE CON ALUMNOS NUEVOS,Monto en Pesos,220000,2230000,,Educación,Educación,Formación de Personal Docente y Ciencias de la Educación,Técnico Asistente del Educador Diferencial,Educación,Educación,NO ACREDITADA,ACREDITADA,23/11/2022 - 23/11/2027,5.0,669000,0,1
2024,100567,I143S28C645J4V1,18972836.0,1,199501,25 a 29 años,2024,1,2024,1,Institutos Profesionales,Institutos Profesionales,Institutos Profesionales,143,IP AIEP,28,SEDE ONLINE,645,TECNICO EN OPERACIONES LOGISTICAS,No Presencial,A Distancia,1,Plan Regular,5,1,5,Metropolitana,SANTIAGO,CONCHALI,Pregrado,Técnico de Nivel Superior,Carreras Técnicas,Educación Media,VIGENTE CON ALUMNOS NUEVOS,Monto en Pesos,220000,2300000,,Administración y Comercio,"Ciencias Sociales, Enseñanza Comercial y Derecho",Enseñanza Comercial y Administración,Técnico en Logística,Administración de Empresas y Derecho,Educación Comercial y Administración,NO ACREDITADA,ACREDITADA,23/11/2022 - 23/11/2027,5.0,690000,0,1
2024,902438,I143S28C118J4V1,22493367.0,1,200006,20 a 24 años,2024,1,2024,1,Institutos Profesionales,Institutos Profesionales,Institutos Profesionales,143,IP AIEP,28,SEDE ONLINE,118,TECNICO EN ADMINISTRACION DE EMPRESAS MENCION RECURSOS HUMANOS,No Presencial,A Distancia,1,Plan Regular,5,1,5,Metropolitana,SANTIAGO,CONCHALI,Pregrado,Técnico de Nivel Superior,Carreras Técnicas,Educación Media,VIGENTE CON ALUMNOS NUEVOS,Monto en Pesos,220000,2280000,,Administración y Comercio,"Ciencias Sociales, Enseñanza Comercial y Derecho",Enseñanza Comercial y Administración,Técnico en Administración de Empresas,Administración de Empresas y Derecho,Educación Comercial y Administración,NO ACREDITADA,ACREDITADA,23/11/2022 - 23/11/2027,5.0,684000,0,1
2024,816664,I143S28C28J4V1,16914496.0,2,198312,40 y más años,2021,2,2021,2,Institutos Profesionales,Institutos Profesionales,Institutos Profesionales,143,IP AIEP,28,SEDE ONLINE,28,TRABAJO SOCIAL,No Presencial,A Distancia,1,Plan Regular,8,1,8,Metropolitana,SANTIAGO,CONCHALI,Pregrado,Profesional Sin Licenciatura,Carreras Profesionales,Educación Media,VIGENTE CON ALUMNOS NUEVOS,Monto en Pesos,220000,2240000,,Ciencias Sociales,Salud y Servicios Sociales,Servicios Sociales,Trabajo Social,Salud y Bienestar,Bienestar,NO ACREDITADA,ACREDITADA,23/11/2022 - 23/11/2027,5.0,240000,0,1
2024,1299304,I143S28C28J4V1,18105931.0,1,200303,20 a 24 años,2023,1,2023,1,Institutos Profesionales,Institutos Profesionales,Institutos Profesionales,143,IP AIEP,28,SEDE ONLINE,28,TRABAJO SOCIAL,No Presencial,A Distancia,1,Plan Regular,8,1,8,Metropolitana,SANTIAGO,CONCHALI,Pregrado,Profesional Sin Licenciatura,Carreras Profesionales,Educación Media,VIGENTE CON ALUMNOS NUEVOS,Monto en Pesos,220000,2240000,,Ciencias Sociales,Salud y Servicios Sociales,Servicios Sociales,Trabajo Social,Salud y Bienestar,Bienestar,NO ACREDITADA,ACREDITADA,23/11/2022 - 23/11/2027,5.0,240000,0,1
2024,605351,I100S19C150J1V1,6400692.0,2,200110,20 a 24 años,2021,1,2022,2,Institutos Profesionales,Institutos Profesionales,Institutos Profesionales,100,IP INACAP,19,SEDE APOQUINDO,150,ADMINISTRACION GASTRONOMICA INTERNACIONAL,Presencial,Diurna,1,Plan Regular,8,0,8,Metropolitana,SANTIAGO,LAS CONDES,Pregrado,Profesional Sin Licenciatura,Carreras Profesionales,Educación Media,VIGENTE SIN ALUMNOS NUEVOS,Monto en Pesos,277000,4082000,,Administración y Comercio,Servicios,Servicios Personales,Administración Gastronómica,Servicios,Servicios personales,NO ACREDITADA,ACREDITADA,06/09/2023 - 06/09/2030,7.0,72000,0,4
2024,996922,I430S29C78J2V1,4761720.0,1,200312,20 a 24 años,2022,1,2022,1,Centros de Formación Técnica,Centros de Formación Técnica,Centros de Formación Técnica,430,CFT INACAP,29,SEDE LOS ANGELES,78,ELECTRICIDAD INDUSTRIAL MENCION INSTALACIONES ELECTRICAS,Presencial,Vespertina,1,Plan Regular,5,0,5,Biobío,BIOBIO,LOS ANGELES,Pregrado,Técnico de Nivel Superior,Carreras Técnicas,Educación Media,VIGENTE SIN ALUMNOS NUEVOS,Monto en Pesos,277000,2578000,,Tecnología,"Ingeniería, Industria y Construcción",Ingeniería y Profesiones Afines,Técnico en Electricidad y Electricidad Industrial,"Ingeniería, Industria y Construcción",Ingeniería y Profesiones Afines,NO ACREDITADA,ACREDITADA,05/01/2018 - 05/01/2025,7.0,36000,0,1
2024,517580,I430S26C42J2V2,8221241.0,1,199511,25 a 29 años,2015,1,2019,1,Centros de Formación Técnica,Centros de Formación Técnica,Centros de Formación Técnica,430,CFT INACAP,26,SEDE TALCA,42,ANALISTA PROGRAMADOR,Presencial,Vespertina,2,Plan Regular,4,0,4,Maule,TALCA,TALCA,Pregrado,Técnico de Nivel Superior,Carreras Técnicas,Educación Media,VIGENTE CON ALUMNOS NUEVOS,Monto en Pesos,277000,2532000,,Tecnología,Ciencias,Informática,Técnico en Computación e Informática,Tecnología de la Información y la Comunicación (TIC),Tecnología de la Información y la Comunicación (TIC),NO ACREDITADA,ACREDITADA,05/01/2018 - 05/01/2025,7.0,36000,0,3
2024,506219,I430S26C326J1V1,23675153.0,1,200108,20 a 24 años,2022,1,2023,1,Centros de Formación Técnica,Centros de Formación Técnica,Centros de Formación Técnica,430,CFT INACAP,26,SEDE TALCA,326,TECNICO EN MECANICA Y ELECTROMOVILIDAD AUTOMOTRIZ,Presencial,Diurna,1,Plan Regular,4,0,4,Maule,TALCA,TALCA,Pregrado,Técnico de Nivel Superior,Carreras Técnicas,Educación Media,VIGENTE CON ALUMNOS NUEVOS,Monto en Pesos,277000,2777000,,Tecnología,"Ingeniería, Industria y Construcción",Ingeniería y Profesiones Afines,Técnico en Mecánica Automotriz,"Ingeniería, Industria y Construcción",Ingeniería y Profesiones Afines,NO ACREDITADA,ACREDITADA,05/01/2018 - 05/01/2025,7.0,36000,0,4
2024,994109,I430S21C186J2V2,17004673.0,1,200504,15 a 19 años,2023,1,2024,1,Centros de Formación Técnica,Centros de Formación Técnica,Centros de Formación Técnica,430,CFT INACAP,21,SEDE PUNTA ARENAS,186,TECNICO EN ELECTRICIDAD INDUSTRIAL,Presencial,Vespertina,2,Plan Regular,4,0,4,Magallanes,MAGALLANES,PUNTA ARENAS,Pregrado,Técnico de Nivel Superior,Carreras Técnicas,Educación Media,VIGENTE CON ALUMNOS NUEVOS,Monto en Pesos,277000,2810000,,Tecnología,"Ingeniería, Industria y Construcción",Ingeniería y Profesiones Afines,Técnico en Electricidad y Electricidad Industrial,"Ingeniería, Industria y Construcción",Ingeniería y Profesiones Afines,NO ACREDITADA,ACREDITADA,05/01/2018 - 05/01/2025,7.0,36000,0,3
2024,499691,I430S22C331J1V1,9887368.0,1,200404,20 a 24 años,2023,1,2023,1,Centros de Formación Técnica,Centros de Formación Técnica,Centros de Formación Técnica,430,CFT INACAP,22,SEDE CHILLAN,331,TECNICO AGRICOLA,Presencial,Diurna,1,Plan Regular,4,0,4,Ñuble,DIGUILLIN,CHILLAN,Pregrado,Técnico de Nivel Superior,Carreras Técnicas,Educación Media,VIGENTE CON ALUMNOS NUEVOS,Monto en Pesos,277000,2657000,,Agropecuaria,Agricultura,"Agricultura, Silvicultura y Pesca",Técnico Agropecuario,"Agricultura, Silvicultura, Pesca y Veterinaria",Agricultura,NO ACREDITADA,ACREDITADA,05/01/2018 - 05/01/2025,7.0,36000,0,1
2024,520574,I430S14C340J1V1,18366357.0,1,200407,15 a 19 años,2023,1,2023,1,Centros de Formación Técnica,Centros de Formación Técnica,Centros de Formación Técnica,430,CFT INACAP,14,SEDE APOQUINDO,340,TECNICO EN DISEÑO DIGITAL,Presencial,Diurna,1,Plan Regular,4,0,4,Metropolitana,SANTIAGO,LAS CONDES,Pregrado,Técnico de Nivel Superior,Carreras Técnicas,Educación Media,VIGENTE SIN ALUMNOS NUEVOS,Monto en Pesos,277000,2832000,,Arte y Arquitectura,Humanidades y Artes,Artes,Técnico en Diseño Gráfico,Artes y Humanidades,Artes,NO ACREDITADA,ACREDITADA,05/01/2018 - 05/01/2025,7.0,36000,0,1
2024,495206,I430S4C201J1V1,21167464.0,2,200401,20 a 24 años,2023,1,2023,1,Centros de Formación Técnica,Centros de Formación Técnica,Centros de Formación Técnica,430,CFT INACAP,4,SEDE CALAMA,201,ADMINISTRACION DE EMPRESAS,Presencial,Diurna,1,Plan Regular,4,0,4,Antofagasta,EL LOA,CALAMA,Pregrado,Técnico de Nivel Superior,Carreras Técnicas,Educación Media,VIGENTE CON ALUMNOS NUEVOS,Monto en Pesos,277000,2505000,,Administración y Comercio,"Ciencias Sociales, Enseñanza Comercial y Derecho",Enseñanza Comercial y Administración,Técnico en Administración de Empresas,Administración de Empresas y Derecho,Educación Comercial y Administración,NO ACREDITADA,ACREDITADA,05/01/2018 - 05/01/2025,7.0,36000,0,1
2024,995383,I430S21C326J2V1,5529533.0,1,200409,15 a 19 años,2023,1,2023,1,Centros de Formación Técnica,Centros de Formación Técnica,Centros de Formación Técnica,430,CFT INACAP,21,SEDE PUNTA ARENAS,326,TECNICO EN MECANICA Y ELECTROMOVILIDAD AUTOMOTRIZ,Presencial,Vespertina,1,Plan Regular,4,0,4,Magallanes,MAGALLANES,PUNTA ARENAS,Pregrado,Técnico de Nivel Superior,Carreras Técnicas,Educación Media,VIGENTE CON ALUMNOS NUEVOS,Monto en Pesos,277000,2777000,,Tecnología,"Ingeniería, Industria y Construcción",Ingeniería y Profesiones Afines,Técnico en Mecánica Automotriz,"Ingeniería, Industria y Construcción",Ingeniería y Profesiones Afines,NO ACREDITADA,ACREDITADA,05/01/2018 - 05/01/2025,7.0,36000,0,1
2024,518916,I430S27C326J1V1,21448888.0,1,200406,20 a 24 años,2023,1,2023,1,Centros de Formación Técnica,Centros de Formación Técnica,Centros de Formación Técnica,430,CFT INACAP,27,SEDE LA SERENA,326,TECNICO EN MECANICA Y ELECTROMOVILIDAD AUTOMOTRIZ,Presencial,Diurna,1,Plan Regular,4,0,4,Coquimbo,ELQUI,LA SERENA,Pregrado,Técnico de Nivel Superior,Carreras Técnicas,Educación Media,VIGENTE CON ALUMNOS NUEVOS,Monto en Pesos,277000,3028000,,Tecnología,"Ingeniería, Industria y Construcción",Ingeniería y Profesiones Afines,Técnico en Mecánica Automotriz,"Ingeniería, Industria y Construcción",Ingeniería y Profesiones Afines,NO ACREDITADA,ACREDITADA,05/01/2018 - 05/01/2025,7.0,36000,0,1
2024,512364,I430S4C330J1V1,10700346.0,1,200208,20 a 24 años,2023,1,2023,1,Centros de Formación Técnica,Centros de Formación Técnica,Centros de Formación Técnica,430,CFT INACAP,4,SEDE CALAMA,330,GASTRONOMIA,Presencial,Diurna,1,Plan Regular,4,0,4,Antofagasta,EL LOA,CALAMA,Pregrado,Técnico de Nivel Superior,Carreras Técnicas,Educación Media,VIGENTE CON ALUMNOS NUEVOS,Monto en Pesos,277000,3404000,,Administración y Comercio,Servicios,Servicios Personales,Técnico en Gastronomía y Cocina,Servicios,Servicios personales,NO ACREDITADA,ACREDITADA,05/01/2018 - 05/01/2025,7.0,36000,0,1
2024,44809,I430S9C42J2V2,20964782.0,1,198401,40 y más años,2024,1,2024,1,Centros de Formación Técnica,Centros de Formación Técnica,Centros de Formación Técnica,430,CFT INACAP,9,SEDE VALPARAISO,42,ANALISTA PROGRAMADOR,Presencial,Vespertina,2,Plan Regular,4,0,4,Valparaíso,VALPARAISO,VALPARAISO,Pregrado,Técnico de Nivel Superior,Carreras Técnicas,Educación Media,VIGENTE CON ALUMNOS NUEVOS,Monto en Pesos,277000,2639000,,Tecnología,Ciencias,Informática,Técnico en Computación e Informática,Tecnología de la Información y la Comunicación (TIC),Tecnología de la Información y la Comunicación (TIC),NO ACREDITADA,ACREDITADA,05/01/2018 - 05/01/2025,7.0,36000,0,1
2024,46196,I430S33C42J1V2,15811470.0,1,199803,25 a 29 años,2024,1,2024,1,Centros de Formación Técnica,Centros de Formación Técnica,Centros de Formación Técnica,430,CFT INACAP,33,SEDE CURICO,42,ANALISTA PROGRAMADOR,Presencial,Diurna,2,Plan Regular,4,0,4,Maule,CURICO,CURICO,Pregrado,Técnico de Nivel Superior,Carreras Técnicas,Educación Media,VIGENTE CON ALUMNOS NUEVOS,Monto en Pesos,277000,2498000,,Tecnología,Ciencias,Informática,Técnico en Computación e Informática,Tecnología de la Información y la Comunicación (TIC),Tecnología de la Información y la Comunicación (TIC),NO ACREDITADA,ACREDITADA,05/01/2018 - 05/01/2025,7.0,36000,0,1
2024,48737,I430S38C186J1V2,11792309.0,1,199603,25 a 29 años,2024,1,2024,1,Centros de Formación Técnica,Centros de Formación Técnica,Centros de Formación Técnica,430,CFT INACAP,38,SEDE SAN PEDRO DE LA PAZ,186,TECNICO EN ELECTRICIDAD INDUSTRIAL,Presencial,Diurna,2,Plan Regular,4,0,4,Biobío,CONCEPCION,SAN PEDRO DE LA PAZ,Pregrado,Técnico de Nivel Superior,Carreras Técnicas,Educación Media,VIGENTE CON ALUMNOS NUEVOS,Monto en Pesos,277000,2810000,,Tecnología,"Ingeniería, Industria y Construcción",Ingeniería y Profesiones Afines,Técnico en Electricidad y Electricidad Industrial,"Ingeniería, Industria y Construcción",Ingeniería y Profesiones Afines,NO ACREDITADA,ACREDITADA,05/01/2018 - 05/01/2025,7.0,36000,0,1
2024,45781,I430S15C351J2V1,18500871.0,2,197012,40 y más años,2024,1,2024,1,Centros de Formación Técnica,Centros de Formación Técnica,Centros de Formación Técnica,430,CFT INACAP,15,SEDE SANTIAGO CENTRO,351,TECNICO EN ADMINISTRACION PUBLICA,Presencial,Vespertina,1,Plan Regular,4,0,4,Metropolitana,SANTIAGO,SANTIAGO,Pregrado,Técnico de Nivel Superior,Carreras Técnicas,Educación Media,VIGENTE CON ALUMNOS NUEVOS,Monto en Pesos,277000,2400000,,Ciencias Sociales,"Ciencias Sociales, Enseñanza Comercial y Derecho",Enseñanza Comercial y Administración,Técnico en Administración Pública o Municipal,Administración de Empresas y Derecho,Educación Comercial y Administración,NO ACREDITADA,ACREDITADA,05/01/2018 - 05/01/2025,7.0,36000,0,1
2024,39197,I430S39C42J2V1,5484343.0,1,200209,20 a 24 años,2024,1,2024,1,Centros de Formación Técnica,Centros de Formación Técnica,Centros de Formación Técnica,430,CFT INACAP,39,SEDE LA GRANJA,42,ANALISTA PROGRAMADOR,Presencial,Vespertina,1,Plan Regular,4,0,4,Metropolitana,SANTIAGO,LA GRANJA,Pregrado,Técnico de Nivel Superior,Carreras Técnicas,Educación Media,VIGENTE CON ALUMNOS NUEVOS,Monto en Pesos,277000,2864000,,Tecnología,Ciencias,Informática,Técnico en Computación e Informática,Tecnología de la Información y la Comunicación (TIC),Tecnología de la Información y la Comunicación (TIC),NO ACREDITADA,ACREDITADA,05/01/2018 - 05/01/2025,7.0,36000,0,1
2024,51125,I430S15C149J1V1,10517707.0,1,200409,15 a 19 años,2024,1,2024,1,Centros de Formación Técnica,Centros de Formación Técnica,Centros de Formación Técnica,430,CFT INACAP,15,SEDE SANTIAGO CENTRO,149,TECNICO EN CONSTRUCCION,Presencial,Diurna,1,Plan Regular,4,0,4,Metropolitana,SANTIAGO,SANTIAGO,Pregrado,Técnico de Nivel Superior,Carreras Técnicas,Educación Media,VIGENTE CON ALUMNOS NUEVOS,Monto en Pesos,277000,2717000,,Tecnología,"Ingeniería, Industria y Construcción",Arquitectura y Construcción,Técnico en Construcción y Obras Civiles,"Ingeniería, Industria y Construcción",Arquitectura y Construcción,NO ACREDITADA,ACREDITADA,05/01/2018 - 05/01/2025,7.0,36000,0,1
2024,501194,I430S37C34J2V1,12850648.0,1,200205,20 a 24 años,2024,1,2024,1,Centros de Formación Técnica,Centros de Formación Técnica,Centros de Formación Técnica,430,CFT INACAP,37,SEDE PUENTE ALTO,34,TECNICO EN MANTENIMIENTO INDUSTRIAL,Presencial,Vespertina,1,Plan Regular,4,0,4,Metropolitana,CORDILLERA,PUENTE ALTO,Pregrado,Técnico de Nivel Superior,Carreras Técnicas,Educación Media,VIGENTE CON ALUMNOS NUEVOS,Monto en Pesos,277000,3005000,,Tecnología,"Ingeniería, Industria y Construcción",Ingeniería y Profesiones Afines,Técnico en Mantenimiento Industrial,"Ingeniería, Industria y Construcción",Ingeniería y Profesiones Afines,NO ACREDITADA,ACREDITADA,05/01/2018 - 05/01/2025,7.0,36000,0,1
2024,46569,I430S20C34J1V1,5554748.0,1,200508,15 a 19 años,2024,1,2024,1,Centros de Formación Técnica,Centros de Formación Técnica,Centros de Formación Técnica,430,CFT INACAP,20,SEDE VALDIVIA,34,TECNICO EN MANTENIMIENTO INDUSTRIAL,Presencial,Diurna,1,Plan Regular,4,0,4,Los Ríos,VALDIVIA,VALDIVIA,Pregrado,Técnico de Nivel Superior,Carreras Técnicas,Educación Media,VIGENTE CON ALUMNOS NUEVOS,Monto en Pesos,277000,2833000,,Tecnología,"Ingeniería, Industria y Construcción",Ingeniería y Profesiones Afines,Técnico en Mantenimiento Industrial,"Ingeniería, Industria y Construcción",Ingeniería y Profesiones Afines,NO ACREDITADA,ACREDITADA,05/01/2018 - 05/01/2025,7.0,36000,0,1
2024,509985,I430S3C326J1V1,5304078.0,1,200602,15 a 19 años,2024,1,2024,1,Centros de Formación Técnica,Centros de Formación Técnica,Centros de Formación Técnica,430,CFT INACAP,3,SEDE IQUIQUE,326,TECNICO EN MECANICA Y ELECTROMOVILIDAD AUTOMOTRIZ,Presencial,Diurna,1,Plan Regular,4,0,4,Tarapacá,IQUIQUE,IQUIQUE,Pregrado,Técnico de Nivel Superior,Carreras Técnicas,Educación Media,VIGENTE CON ALUMNOS NUEVOS,Monto en Pesos,277000,2989000,,Tecnología,"Ingeniería, Industria y Construcción",Ingeniería y Profesiones Afines,Técnico en Mecánica Automotriz,"Ingeniería, Industria y Construcción",Ingeniería y Profesiones Afines,NO ACREDITADA,ACREDITADA,05/01/2018 - 05/01/2025,7.0,36000,0,1
2024,986932,I430S5C330J1V1,19788434.0,1,199808,25 a 29 años,2024,1,2024,1,Centros de Formación Técnica,Centros de Formación Técnica,Centros de Formación Técnica,430,CFT INACAP,5,SEDE COPIAPO,330,GASTRONOMIA,Presencial,Diurna,1,Plan Regular,4,0,4,Atacama,COPIAPO,COPIAPO,Pregrado,Técnico de Nivel Superior,Carreras Técnicas,Educación Media,VIGENTE CON ALUMNOS NUEVOS,Monto en Pesos,277000,3161000,,Administración y Comercio,Servicios,Servicios Personales,Técnico en Gastronomía y Cocina,Servicios,Servicios personales,NO ACREDITADA,ACREDITADA,05/01/2018 - 05/01/2025,7.0,36000,0,1
2024,609024,I100S23C300J1V1,8385222.0,2,199902,25 a 29 años,2021,1,2023,1,Institutos Profesionales,Institutos Profesionales,Institutos Profesionales,100,IP INACAP,23,SEDE RANCAGUA,300,INGENIERIA EN ADMINISTRACION DE EMPRESAS,Presencial,Diurna,1,Plan Regular,8,0,8,Lib. Gral. B. O'Higgins,CACHAPOAL,RANCAGUA,Pregrado,Profesional Sin Licenciatura,Carreras Profesionales,Educación Media,VIGENTE CON ALUMNOS NUEVOS,Monto en Pesos,277000,2749000,,Administración y Comercio,"Ciencias Sociales, Enseñanza Comercial y Derecho",Enseñanza Comercial y Administración,Administración de Empresas e Ing. Asociadas,Administración de Empresas y Derecho,Educación Comercial y Administración,NO ACREDITADA,ACREDITADA,06/09/2023 - 06/09/2030,7.0,36000,0,11
2024,592900,I100S24C300J1V1,12485324.0,2,200206,20 a 24 años,2021,1,2023,1,Institutos Profesionales,Institutos Profesionales,Institutos Profesionales,100,IP INACAP,24,SEDE VALPARAISO,300,INGENIERIA EN ADMINISTRACION DE EMPRESAS,Presencial,Diurna,1,Plan Regular,8,0,8,Valparaíso,VALPARAISO,VALPARAISO,Pregrado,Profesional Sin Licenciatura,Carreras Profesionales,Educación Media,VIGENTE CON ALUMNOS NUEVOS,Monto en Pesos,277000,2568000,,Administración y Comercio,"Ciencias Sociales, Enseñanza Comercial y Derecho",Enseñanza Comercial y Administración,Administración de Empresas e Ing. Asociadas,Administración de Empresas y Derecho,Educación Comercial y Administración,NO ACREDITADA,ACREDITADA,06/09/2023 - 06/09/2030,7.0,36000,0,11
2024,1082808,I100S20C302J1V1,22212901.0,1,200009,20 a 24 años,2019,1,2021,1,Institutos Profesionales,Institutos Profesionales,Institutos Profesionales,100,IP INACAP,20,SEDE RENCA,302,INGENIERIA EN INFORMATICA,Presencial,Diurna,1,Plan Regular,8,0,8,Metropolitana,SANTIAGO,RENCA,Pregrado,Profesional Sin Licenciatura,Carreras Profesionales,Educación Media,VIGENTE CON ALUMNOS NUEVOS,Monto en Pesos,277000,2941000,,Tecnología,Ciencias,Informática,Ingeniería en Computación e Informática,Tecnología de la Información y la Comunicación (TIC),Tecnología de la Información y la Comunicación (TIC),NO ACREDITADA,ACREDITADA,06/09/2023 - 06/09/2030,7.0,36000,0,4
2024,58681,I100S16C126J1V1,9478407.0,1,200110,20 a 24 años,2024,1,2024,1,Institutos Profesionales,Institutos Profesionales,Institutos Profesionales,100,IP INACAP,16,SEDE COPIAPO,126,INGENIERIA EN MINAS,Presencial,Diurna,1,Plan Regular,8,0,8,Atacama,COPIAPO,COPIAPO,Pregrado,Profesional Sin Licenciatura,Carreras Profesionales,Educación Media,VIGENTE CON ALUMNOS NUEVOS,Monto en Pesos,277000,2872000,,Tecnología,"Ingeniería, Industria y Construcción",Industria y Producción,Ingeniería en Minas,"Ingeniería, Industria y Construcción",Industria y Producción,NO ACREDITADA,ACREDITADA,06/09/2023 - 06/09/2030,7.0,36000,0,5
2024,64569,I100S33C176J2V1,23802621.0,1,199605,25 a 29 años,2024,1,2024,1,Institutos Profesionales,Institutos Profesionales,Institutos Profesionales,100,IP INACAP,33,SEDE CONCEPCION - TALCAHUANO,176,CONSTRUCCION CIVIL,Presencial,Vespertina,1,Plan Regular,8,0,8,Biobío,CONCEPCION,TALCAHUANO,Pregrado,Profesional Sin Licenciatura,Carreras Profesionales,Educación Media,VIGENTE CON ALUMNOS NUEVOS,Monto en Pesos,277000,2753000,,Tecnología,"Ingeniería, Industria y Construcción",Arquitectura y Construcción,Construcción Civil,"Ingeniería, Industria y Construcción",Arquitectura y Construcción,NO ACREDITADA,ACREDITADA,06/09/2023 - 06/09/2030,7.0,36000,0,1
2024,591846,I100S29C176J2V1,16425767.0,1,200402,20 a 24 años,2023,1,2023,1,Institutos Profesionales,Institutos Profesionales,Institutos Profesionales,100,IP INACAP,29,SEDE TALCA,176,CONSTRUCCION CIVIL,Presencial,Vespertina,1,Plan Regular,8,0,8,Maule,TALCA,TALCA,Pregrado,Profesional Sin Licenciatura,Carreras Profesionales,Educación Media,VIGENTE CON ALUMNOS NUEVOS,Monto en Pesos,277000,2753000,,Tecnología,"Ingeniería, Industria y Construcción",Arquitectura y Construcción,Construcción Civil,"Ingeniería, Industria y Construcción",Arquitectura y Construcción,NO ACREDITADA,ACREDITADA,06/09/2023 - 06/09/2030,7.0,36000,0,1
2024,597740,I100S34C168J2V1,18929570.0,1,199904,25 a 29 años,2022,1,2022,1,Institutos Profesionales,Institutos Profesionales,Institutos Profesionales,100,IP INACAP,34,SEDE SANTIAGO CENTRO,168,"INGENIERIA EN TELECOMUNICACIONES, CONECTIVIDAD Y REDES",Presencial,Vespertina,1,Plan Regular,8,0,8,Metropolitana,SANTIAGO,SANTIAGO,Pregrado,Profesional Sin Licenciatura,Carreras Profesionales,Educación Media,VIGENTE CON ALUMNOS NUEVOS,Monto en Pesos,277000,3029000,,Tecnología,"Ingeniería, Industria y Construcción",Ingeniería y Profesiones Afines,Ingeniería en Telecomunicaciones,"Ingeniería, Industria y Construcción",Ingeniería y Profesiones Afines,NO ACREDITADA,ACREDITADA,06/09/2023 - 06/09/2030,7.0,36000,0,1
2024,63156,I100S13C304J1V1,16360775.0,1,200511,15 a 19 años,2024,1,2024,1,Institutos Profesionales,Institutos Profesionales,Institutos Profesionales,100,IP INACAP,13,SEDE MAIPU,304,INGENIERIA EN MECANICA Y ELECTROMOVILIDAD AUTOMOTRIZ,Presencial,Diurna,1,Plan Regular,8,0,8,Metropolitana,SANTIAGO,MAIPU,Pregrado,Profesional Sin Licenciatura,Carreras Profesionales,Educación Media,VIGENTE CON ALUMNOS NUEVOS,Monto en Pesos,277000,2814000,,Tecnología,"Ingeniería, Industria y Construcción",Ingeniería y Profesiones Afines,Ingeniería en Mecánica Automotriz,"Ingeniería, Industria y Construcción",Ingeniería y Profesiones Afines,NO ACREDITADA,ACREDITADA,06/09/2023 - 06/09/2030,7.0,36000,0,1
2025,3322939,I111S5C145J1V1,9925230.0,1,200309,20 a 24 años,2024,1,2024,1,Institutos Profesionales,Institutos Profesionales,Institutos Profesionales,111,IP DUOC UC,5,SEDE ANTONIO VARAS,145,INGENIERIA EN GESTION LOGISTICA,Presencial,Diurna,1,Plan Regular,8,1,8,Metropolitana,SANTIAGO,PROVIDENCIA,Pregrado,Profesional Sin Licenciatura,Carreras Profesionales,Educación Media,VIGENTE CON ALUMNOS NUEVOS,Monto en Pesos,334000,3130000,,Administración y Comercio,"Ciencias Sociales, Enseñanza Comercial y Derecho",Enseñanza Comercial y Administración,Ingeniería en Logística,Administración de Empresas y Derecho,Educación Comercial y Administración,NO ACREDITADA,ACREDITADA,16/10/2024 - 16/10/2031,7.0,0,0,1
2025,3328272,I111S5C484J1V1,9837849.0,2,200406,20 a 24 años,2023,1,2023,1,Institutos Profesionales,Institutos Profesionales,Institutos Profesionales,111,IP DUOC UC,5,SEDE ANTONIO VARAS,484,INGENIERIA EN ADMINISTRACION MENCION FINANZAS,Presencial,Diurna,1,Plan Regular,8,1,8,Metropolitana,SANTIAGO,PROVIDENCIA,Pregrado,Profesional Sin Licenciatura,Carreras Profesionales,Educación Media,VIGENTE CON ALUMNOS NUEVOS,Monto en Pesos,334000,3130000,,Administración y Comercio,"Ciencias Sociales, Enseñanza Comercial y Derecho",Enseñanza Comercial y Administración,Ingeniería en Finanzas,Administración de Empresas y Derecho,Educación Comercial y Administración,NO ACREDITADA,ACREDITADA,16/10/2024 - 16/10/2031,7.0,0,0,1
2025,3327202,I111S5C50J2V1,4235270.0,1,199509,25 a 29 años,2023,1,2023,1,Institutos Profesionales,Institutos Profesionales,Institutos Profesionales,111,IP DUOC UC,5,SEDE ANTONIO VARAS,50,INGENIERIA EN CONECTIVIDAD Y REDES,Presencial,Vespertina,1,Plan Regular,8,1,8,Metropolitana,SANTIAGO,PROVIDENCIA,Pregrado,Profesional Sin Licenciatura,Carreras Profesionales,Educación Media,VIGENTE SIN ALUMNOS NUEVOS,Monto en Pesos,334000,3260000,,Tecnología,Ciencias,Informática,Ingeniería en Conectividad y Redes,Tecnología de la Información y la Comunicación (TIC),Tecnología de la Información y la Comunicación (TIC),NO ACREDITADA,ACREDITADA,16/10/2024 - 16/10/2031,7.0,0,0,1
2025,3343508,I111S15C6J2V1,11318322.0,1,200011,20 a 24 años,2023,1,2025,1,Institutos Profesionales,Institutos Profesionales,Institutos Profesionales,111,IP DUOC UC,15,SEDE MAIPU,6,AUDITORIA,Presencial,Vespertina,1,Plan Regular,8,1,8,Metropolitana,SANTIAGO,MAIPU,Pregrado,Profesional Sin Licenciatura,Carreras Profesionales,Educación Media,VIGENTE CON ALUMNOS NUEVOS,Monto en Pesos,334000,2890000,,Administración y Comercio,"Ciencias Sociales, Enseñanza Comercial y Derecho",Enseñanza Comercial y Administración,Contador Auditor,Administración de Empresas y Derecho,Educación Comercial y Administración,NO ACREDITADA,ACREDITADA,16/10/2024 - 16/10/2031,7.0,0,0,3
2025,3264344,I111S15C24J2V1,17016589.0,1,199005,35 a 39 años,2013,1,2013,1,Institutos Profesionales,Institutos Profesionales,Institutos Profesionales,111,IP DUOC UC,15,SEDE MAIPU,24,INGENIERIA EN PREVENCION DE RIESGOS,Presencial,Vespertina,1,Plan Regular,8,1,8,Metropolitana,SANTIAGO,MAIPU,Pregrado,Profesional Sin Licenciatura,Carreras Profesionales,Educación Media,VIGENTE CON ALUMNOS NUEVOS,Monto en Pesos,334000,3070000,,Tecnología,Servicios,Servicios de Seguridad,Ingeniería en Prevención de Riesgos,Servicios,Servicios de Higiene y Salud Ocupacional,NO ACREDITADA,ACREDITADA,16/10/2024 - 16/10/2031,7.0,0,0,1
2025,3328269,I111S7C6J1V1,575302.0,2,200405,20 a 24 años,2023,1,2023,1,Institutos Profesionales,Institutos Profesionales,Institutos Profesionales,111,IP DUOC UC,7,SEDE ALAMEDA,6,AUDITORIA,Presencial,Diurna,1,Plan Regular,8,1,8,Metropolitana,SANTIAGO,SANTIAGO,Pregrado,Profesional Sin Licenciatura,Carreras Profesionales,Educación Media,VIGENTE CON ALUMNOS NUEVOS,Monto en Pesos,334000,2890000,,Administración y Comercio,"Ciencias Sociales, Enseñanza Comercial y Derecho",Enseñanza Comercial y Administración,Contador Auditor,Administración de Empresas y Derecho,Educación Comercial y Administración,NO ACREDITADA,ACREDITADA,16/10/2024 - 16/10/2031,7.0,0,0,1
2025,3256895,I111S16C413J2V1,3938165.0,1,199711,25 a 29 años,2025,1,2025,1,Institutos Profesionales,Institutos Profesionales,Institutos Profesionales,111,IP DUOC UC,16,SEDE SAN JOAQUIN,413,INGENIERIA EN ELECTRICIDAD Y AUTOMATIZACION INDUSTRIAL,Presencial,Vespertina,1,Plan Regular,8,1,8,Metropolitana,SANTIAGO,SAN JOAQUIN,Pregrado,Profesional Sin Licenciatura,Carreras Profesionales,Educación Media,VIGENTE CON ALUMNOS NUEVOS,Monto en Pesos,334000,3170000,,Tecnología,"Ingeniería, Industria y Construcción",Ingeniería y Profesiones Afines,Ingeniería en Electricidad,"Ingeniería, Industria y Construcción",Ingeniería y Profesiones Afines,NO ACREDITADA,ACREDITADA,16/10/2024 - 16/10/2031,7.0,0,0,1
2025,3273002,I111S16C22J1V1,1359492.0,1,200110,20 a 24 años,2023,1,2023,1,Institutos Profesionales,Institutos Profesionales,Institutos Profesionales,111,IP DUOC UC,16,SEDE SAN JOAQUIN,22,INGENIERIA EN MECANICA AUTOMOTRIZ Y AUTOTRONICA,Presencial,Diurna,1,Plan Regular,8,1,8,Metropolitana,SANTIAGO,SAN JOAQUIN,Pregrado,Profesional Sin Licenciatura,Carreras Profesionales,Educación Media,VIGENTE CON ALUMNOS NUEVOS,Monto en Pesos,334000,3160000,,Tecnología,"Ingeniería, Industria y Construcción",Ingeniería y Profesiones Afines,Ingeniería en Mecánica Automotriz,"Ingeniería, Industria y Construcción",Ingeniería y Profesiones Afines,NO ACREDITADA,ACREDITADA,16/10/2024 - 16/10/2031,7.0,0,0,1
2025,2741847,I111S12C145J1V1,16265097.0,1,200612,15 a 19 años,2025,1,2025,1,Institutos Profesionales,Institutos Profesionales,Institutos Profesionales,111,IP DUOC UC,12,SEDE PUENTE ALTO,145,INGENIERIA EN GESTION LOGISTICA,Presencial,Diurna,1,Plan Regular,8,1,8,Metropolitana,CORDILLERA,PUENTE ALTO,Pregrado,Profesional Sin Licenciatura,Carreras Profesionales,Educación Media,VIGENTE CON ALUMNOS NUEVOS,Monto en Pesos,334000,3130000,,Administración y Comercio,"Ciencias Sociales, Enseñanza Comercial y Derecho",Enseñanza Comercial y Administración,Ingeniería en Logística,Administración de Empresas y Derecho,Educación Comercial y Administración,NO ACREDITADA,ACREDITADA,16/10/2024 - 16/10/2031,7.0,0,0,1
2025,3344216,I111S12C24J1V1,7908187.0,1,200106,20 a 24 años,2024,1,2024,1,Institutos Profesionales,Institutos Profesionales,Institutos Profesionales,111,IP DUOC UC,12,SEDE PUENTE ALTO,24,INGENIERIA EN PREVENCION DE RIESGOS,Presencial,Diurna,1,Plan Regular,8,1,8,Metropolitana,CORDILLERA,PUENTE ALTO,Pregrado,Profesional Sin Licenciatura,Carreras Profesionales,Educación Media,VIGENTE CON ALUMNOS NUEVOS,Monto en Pesos,334000,3070000,,Tecnología,Servicios,Servicios de Seguridad,Ingeniería en Prevención de Riesgos,Servicios,Servicios de Higiene y Salud Ocupacional,NO ACREDITADA,ACREDITADA,16/10/2024 - 16/10/2031,7.0,0,0,1
2025,3331640,I111S23C85J1V1,5967635.0,2,200311,20 a 24 años,2023,1,2023,1,Institutos Profesionales,Institutos Profesionales,Institutos Profesionales,111,IP DUOC UC,23,SEDE MELIPILLA,85,TECNICO DE ENFERMERIA,Presencial,Diurna,1,Plan Regular,5,1,5,Metropolitana,MELIPILLA,MELIPILLA,Pregrado,Técnico de Nivel Superior,Carreras Técnicas,Educación Media,VIGENTE CON ALUMNOS NUEVOS,Monto en Pesos,254000,2710000,,Salud,Salud y Servicios Sociales,Medicina,Técnico en Enfermería,Salud y Bienestar,Salud,NO ACREDITADA,ACREDITADA,16/10/2024 - 16/10/2031,7.0,0,0,1
2025,3291775,I111S25C533J1V1,16457282.0,1,199810,25 a 29 años,2025,1,2025,1,Institutos Profesionales,Institutos Profesionales,Institutos Profesionales,111,IP DUOC UC,25,SEDE PUERTO MONTT,533,INGENIERIA EN MANTENIMIENTO INDUSTRIAL,Presencial,Diurna,1,Plan Regular,8,1,8,Los Lagos,LLANQUIHUE,PUERTO MONTT,Pregrado,Profesional Sin Licenciatura,Carreras Profesionales,Educación Media,VIGENTE CON ALUMNOS NUEVOS,Monto en Pesos,284000,2940000,,Tecnología,"Ingeniería, Industria y Construcción",Ingeniería y Profesiones Afines,Ingeniería Industrial,"Ingeniería, Industria y Construcción",Ingeniería y Profesiones Afines,NO ACREDITADA,ACREDITADA,16/10/2024 - 16/10/2031,7.0,0,0,1
2025,2738105,I111S25C22J2V1,13061394.0,1,200706,15 a 19 años,2025,1,2025,1,Institutos Profesionales,Institutos Profesionales,Institutos Profesionales,111,IP DUOC UC,25,SEDE PUERTO MONTT,22,INGENIERIA EN MECANICA AUTOMOTRIZ Y AUTOTRONICA,Presencial,Vespertina,1,Plan Regular,8,1,8,Los Lagos,LLANQUIHUE,PUERTO MONTT,Pregrado,Profesional Sin Licenciatura,Carreras Profesionales,Educación Media,VIGENTE CON ALUMNOS NUEVOS,Monto en Pesos,284000,2910000,,Tecnología,"Ingeniería, Industria y Construcción",Ingeniería y Profesiones Afines,Ingeniería en Mecánica Automotriz,"Ingeniería, Industria y Construcción",Ingeniería y Profesiones Afines,NO ACREDITADA,ACREDITADA,16/10/2024 - 16/10/2031,7.0,0,0,1
2025,3826861,I111S2C413J1V1,9212843.0,1,200211,20 a 24 años,2021,1,2021,1,Institutos Profesionales,Institutos Profesionales,Institutos Profesionales,111,IP DUOC UC,2,SEDE VALPARAISO,413,INGENIERIA EN ELECTRICIDAD Y AUTOMATIZACION INDUSTRIAL,Presencial,Diurna,1,Plan Regular,8,1,8,Valparaíso,VALPARAISO,VALPARAISO,Pregrado,Profesional Sin Licenciatura,Carreras Profesionales,Educación Media,VIGENTE CON ALUMNOS NUEVOS,Monto en Pesos,284000,3060000,,Tecnología,"Ingeniería, Industria y Construcción",Ingeniería y Profesiones Afines,Ingeniería en Electricidad,"Ingeniería, Industria y Construcción",Ingeniería y Profesiones Afines,NO ACREDITADA,ACREDITADA,16/10/2024 - 16/10/2031,7.0,0,0,1
2025,3330560,I111S4C48J2V1,14898295.0,2,198910,35 a 39 años,2025,1,2025,1,Institutos Profesionales,Institutos Profesionales,Institutos Profesionales,111,IP DUOC UC,4,SEDE VIÑA DEL MAR,48,INGENIERIA EN INFORMATICA,Presencial,Vespertina,1,Plan Regular,8,1,8,Valparaíso,VALPARAISO,VIÑA DEL MAR,Pregrado,Profesional Sin Licenciatura,Carreras Profesionales,Educación Media,VIGENTE CON ALUMNOS NUEVOS,Monto en Pesos,284000,3140000,,Tecnología,Ciencias,Informática,Ingeniería en Computación e Informática,Tecnología de la Información y la Comunicación (TIC),Tecnología de la Información y la Comunicación (TIC),NO ACREDITADA,ACREDITADA,16/10/2024 - 16/10/2031,7.0,0,0,1
2025,2737407,I111S4C48J1V1,14067208.0,1,200601,15 a 19 años,2025,1,2025,1,Institutos Profesionales,Institutos Profesionales,Institutos Profesionales,111,IP DUOC UC,4,SEDE VIÑA DEL MAR,48,INGENIERIA EN INFORMATICA,Presencial,Diurna,1,Plan Regular,8,1,8,Valparaíso,VALPARAISO,VIÑA DEL MAR,Pregrado,Profesional Sin Licenciatura,Carreras Profesionales,Educación Media,VIGENTE CON ALUMNOS NUEVOS,Monto en Pesos,284000,3140000,,Tecnología,Ciencias,Informática,Ingeniería en Computación e Informática,Tecnología de la Información y la Comunicación (TIC),Tecnología de la Información y la Comunicación (TIC),NO ACREDITADA,ACREDITADA,16/10/2024 - 16/10/2031,7.0,0,0,1
2025,3342170,I111S2C73J1V1,1282612.0,2,200601,15 a 19 años,2024,1,2024,1,Institutos Profesionales,Institutos Profesionales,Institutos Profesionales,111,IP DUOC UC,2,SEDE VALPARAISO,73,ADMINISTRACION HOTELERA,Presencial,Diurna,1,Plan Regular,5,1,5,Valparaíso,VALPARAISO,VALPARAISO,Pregrado,Técnico de Nivel Superior,Carreras Técnicas,Educación Media,VIGENTE SIN ALUMNOS NUEVOS,Monto en Pesos,232000,2440000,,Administración y Comercio,Servicios,Servicios Personales,Técnico en Turismo y Hotelería,Servicios,Servicios personales,NO ACREDITADA,ACREDITADA,16/10/2024 - 16/10/2031,7.0,0,0,1
2025,3847516,I111S2C488J1V1,13079910.0,2,200311,20 a 24 años,2025,1,2025,1,Institutos Profesionales,Institutos Profesionales,Institutos Profesionales,111,IP DUOC UC,2,SEDE VALPARAISO,488,TECNICO EN ADMINISTRACION,Presencial,Diurna,1,Plan Regular,5,1,5,Valparaíso,VALPARAISO,VALPARAISO,Pregrado,Técnico de Nivel Superior,Carreras Técnicas,Educación Media,VIGENTE CON ALUMNOS NUEVOS,Monto en Pesos,232000,2610000,,Administración y Comercio,"Ciencias Sociales, Enseñanza Comercial y Derecho",Enseñanza Comercial y Administración,Técnico en Administración de Empresas,Administración de Empresas y Derecho,Educación Comercial y Administración,NO ACREDITADA,ACREDITADA,16/10/2024 - 16/10/2031,7.0,0,0,1
2025,2668911,I260S11C119J1V1,2844862.0,2,199906,25 a 29 años,2023,1,2025,1,Centros de Formación Técnica,Centros de Formación Técnica,Centros de Formación Técnica,260,CFT SANTO TOMAS,11,SEDE TEMUCO,119,TECNICO EN PODOLOGIA CLINICA,Presencial,Diurna,1,Plan Regular,5,0,5,La Araucanía,CAUTIN,TEMUCO,Pregrado,Técnico de Nivel Superior,Carreras Técnicas,Educación Media,VIGENTE CON ALUMNOS NUEVOS,Monto en Pesos,89000,2208000,,Salud,Salud y Servicios Sociales,Medicina,Técnico en Podología,Salud y Bienestar,Salud,NO ACREDITADA,ACREDITADA,21/12/2024 - 21/12/2030,6.0,0,0,3
2024,1251260,I117S1C61J4V1,24092688.0,1,196908,40 y más años,2024,1,2024,1,Institutos Profesionales,Institutos Profesionales,Institutos Profesionales,117,IP IACC,1,CASA CENTRAL (SANTIAGO),61,TECNICO DE NIVEL SUPERIOR EN RECURSOS HUMANOS,No Presencial,A Distancia,1,Plan Regular,5,1,5,Metropolitana,SANTIAGO,PROVIDENCIA,Pregrado,Técnico de Nivel Superior,Carreras Técnicas,Educación Media,VIGENTE CON ALUMNOS NUEVOS,Monto en Pesos,100000,1840000,,Administración y Comercio,"Ciencias Sociales, Enseñanza Comercial y Derecho",Enseñanza Comercial y Administración,Técnico en Administración de Recursos Humanos y Personal,Administración de Empresas y Derecho,Educación Comercial y Administración,NO ACREDITADA,ACREDITADA,01/06/2022 - 01/06/2026,4.0,0,0,1
2025,3635154,I909S1C10J2V1,1582317.0,1,199606,25 a 29 años,2025,1,2025,1,Centros de Formación Técnica,Centros de Formación Técnica,Centros de Formación Técnica Estatales,909,CFT DE LA REGION DE ATACAMA,1,CASA CENTRAL,10,TECNICO DE NIVEL SUPERIOR EN MANTENIMIENTO ELECTROMECANICO DE EQUIPOS MOVILES,Presencial,Vespertina,1,Plan Regular,5,1,5,Atacama,CHAÑARAL,CHAÑARAL,Pregrado,Técnico de Nivel Superior,Carreras Técnicas,Educación Media,VIGENTE CON ALUMNOS NUEVOS,Monto en Pesos,215460,2154600,,Tecnología,"Ingeniería, Industria y Construcción",Ingeniería y Profesiones Afines,Técnico en Electromecánica,"Ingeniería, Industria y Construcción",Ingeniería y Profesiones Afines,NO ACREDITADA,BAJO TUTELA,,,0,0,1
2025,2696010,I917S3C18J1V1,2353273.0,1,199903,25 a 29 años,2025,1,2025,1,Centros de Formación Técnica,Centros de Formación Técnica,Centros de Formación Técnica Estatales,917,CFT DE LA REGION DE LOS RIOS,3,SEDE PAILLACO,18,TECNICO DE NIVEL SUPERIOR EN ENFERMERIA,Presencial,Diurna,1,Plan Regular,5,1,5,Los Ríos,VALDIVIA,PAILLACO,Pregrado,Técnico de Nivel Superior,Carreras Técnicas,Educación Media,VIGENTE CON ALUMNOS NUEVOS,Monto en Pesos,120000,1970000,,Salud,Salud y Servicios Sociales,Medicina,Técnico en Enfermería,Salud y Bienestar,Salud,NO ACREDITADA,BAJO TUTELA,,,0,0,1
2025,3863803,I913S2C2J2V1,13591053.0,2,199206,30 a 34 años,2023,1,2023,1,Centros de Formación Técnica,Centros de Formación Técnica,Centros de Formación Técnica Estatales,913,CFT DE LA REGION DEL LIBERTADOR GENERAL BERNARDO O'HIGGINS,2,SEDE PICHILEMU,2,TECNICO DE NIVEL SUPERIOR EN EDUCACION PARVULARIA,Presencial,Vespertina,1,Plan Regular,5,1,5,Lib. Gral. B. O'Higgins,CARDENAL CARO,PICHILEMU,Pregrado,Técnico de Nivel Superior,Carreras Técnicas,Educación Media,VIGENTE SIN ALUMNOS NUEVOS,Monto en Pesos,0,1104076,,Educación,Educación,Formación de Personal Docente y Ciencias de la Educación,Técnico Asistente del Educador de Párvulos,Educación,Educación,NO ACREDITADA,BAJO TUTELA,,,0,0,1
2025,2716064,I913S3C16J1V1,6703276.0,2,200607,15 a 19 años,2025,1,2025,1,Centros de Formación Técnica,Centros de Formación Técnica,Centros de Formación Técnica Estatales,913,CFT DE LA REGION DEL LIBERTADOR GENERAL BERNARDO O'HIGGINS,3,SEDE SAN FERNANDO,16,TECNICO DE NIVEL SUPERIOR EN EDUCACION BASICA CON ESPECIALIDAD EN INCLUSION,Presencial,Diurna,1,Plan Regular,5,1,5,Lib. Gral. B. O'Higgins,COLCHAGUA,SAN FERNANDO,Pregrado,Técnico de Nivel Superior,Carreras Técnicas,Educación Media,VIGENTE CON ALUMNOS NUEVOS,Monto en Pesos,0,1754167,,Educación,Educación,Formación de Personal Docente y Ciencias de la Educación,Otros Técnicos de Educación,Educación,Educación,NO ACREDITADA,BAJO TUTELA,,,0,0,1
2025,3770713,I911S2C18J1V1,4028100.0,1,199005,35 a 39 años,2025,1,2025,1,Centros de Formación Técnica,Centros de Formación Técnica,Centros de Formación Técnica Estatales,911,CFT DE LA REGION DE VALPARAISO,2,SEDE SAN ANTONIO,18,TECNICO DE NIVEL SUPERIOR EN ELECTRICIDAD Y ENERGIAS,Presencial,Diurna,1,Plan Regular,5,1,5,Valparaíso,SAN ANTONIO,SAN ANTONIO,Pregrado,Técnico de Nivel Superior,Carreras Técnicas,Educación Media,VIGENTE CON ALUMNOS NUEVOS,Monto en Pesos,0,2200000,,Tecnología,"Ingeniería, Industria y Construcción",Ingeniería y Profesiones Afines,Técnico en Electricidad y Electricidad Industrial,"Ingeniería, Industria y Construcción",Ingeniería y Profesiones Afines,NO ACREDITADA,BAJO TUTELA,,,0,0,1
2025,3770048,I911S2C10J2V1,6982271.0,2,196902,40 y más años,2025,1,2025,1,Centros de Formación Técnica,Centros de Formación Técnica,Centros de Formación Técnica Estatales,911,CFT DE LA REGION DE VALPARAISO,2,SEDE SAN ANTONIO,10,TECNICO DE NIVEL SUPERIOR EN ENFERMERIA,Presencial,Vespertina,1,Plan Regular,5,1,5,Valparaíso,SAN ANTONIO,SAN ANTONIO,Pregrado,Técnico de Nivel Superior,Carreras Técnicas,Educación Media,VIGENTE CON ALUMNOS NUEVOS,Monto en Pesos,0,2250000,,Salud,Salud y Servicios Sociales,Medicina,Técnico en Enfermería,Salud y Bienestar,Salud,NO ACREDITADA,BAJO TUTELA,,,0,0,1
2025,3180794,I116S17C51J2V1,13131379.0,2,200304,20 a 24 años,2022,1,2022,1,Institutos Profesionales,Institutos Profesionales,Institutos Profesionales,116,IP SANTO TOMAS,17,SEDE TEMUCO,51,INGENIERIA DE EJECUCION EN ADMINISTRACION,Presencial,Vespertina,1,Plan Regular,8,0,8,La Araucanía,CAUTIN,TEMUCO,Pregrado,Profesional Sin Licenciatura,Carreras Profesionales,Educación Media,VIGENTE SIN ALUMNOS NUEVOS,Monto en Pesos,124000,2422000,,Administración y Comercio,"Ciencias Sociales, Enseñanza Comercial y Derecho",Enseñanza Comercial y Administración,Administración de Empresas e Ing. Asociadas,Administración de Empresas y Derecho,Educación Comercial y Administración,NO ACREDITADA,ACREDITADA,20/01/2021 - 20/01/2026,5.0,0,0,1
2024,1007488,I116S9C51J2V1,26644297.0,2,199505,25 a 29 años,2022,1,2022,1,Institutos Profesionales,Institutos Profesionales,Institutos Profesionales,116,IP SANTO TOMAS,9,SEDE ARICA,51,INGENIERIA DE EJECUCION EN ADMINISTRACION,Presencial,Vespertina,1,Plan Regular,8,0,8,Arica y Parinacota,ARICA,ARICA,Pregrado,Profesional Sin Licenciatura,Carreras Profesionales,Educación Media,VIGENTE SIN ALUMNOS NUEVOS,Monto en Pesos,116000,2384000,,Administración y Comercio,"Ciencias Sociales, Enseñanza Comercial y Derecho",Enseñanza Comercial y Administración,Administración de Empresas e Ing. Asociadas,Administración de Empresas y Derecho,Educación Comercial y Administración,NO ACREDITADA,ACREDITADA,20/01/2021 - 20/01/2026,5.0,0,0,1
2024,420577,I260S8C320J1V1,24788807.0,2,199409,25 a 29 años,2022,1,2022,1,Centros de Formación Técnica,Centros de Formación Técnica,Centros de Formación Técnica,260,CFT SANTO TOMAS,8,SEDE CURICO,320,TECNICO EN EDUCACION PARVULARIA 1° Y 2° BASICO,Presencial,Diurna,1,Plan Regular,5,0,5,Maule,CURICO,CURICO,Pregrado,Técnico de Nivel Superior,Carreras Técnicas,Educación Media,VIGENTE CON ALUMNOS NUEVOS,Monto en Pesos,84000,1891000,,Educación,Educación,Formación de Personal Docente y Ciencias de la Educación,Técnico Asistente del Educador de Párvulos,Educación,Educación,NO ACREDITADA,ACREDITADA,20/12/2019 - 20/12/2024,5.0,0,0,1
2024,34360,I260S37C115J1V1,24154805.0,2,200501,15 a 19 años,2024,1,2024,1,Centros de Formación Técnica,Centros de Formación Técnica,Centros de Formación Técnica,260,CFT SANTO TOMAS,37,SEDE PUERTO MONTT,115,TECNICO EN LABORATORIO CLINICO BANCO DE SANGRE E IMAGENOLOGIA,Presencial,Diurna,1,Plan Regular,5,0,5,Los Lagos,LLANQUIHUE,PUERTO MONTT,Pregrado,Técnico de Nivel Superior,Carreras Técnicas,Educación Media,VIGENTE CON ALUMNOS NUEVOS,Monto en Pesos,84000,2400000,,Salud,Salud y Servicios Sociales,Medicina,Técnico en Laboratorio Clínico,Salud y Bienestar,Salud,NO ACREDITADA,ACREDITADA,20/12/2019 - 20/12/2024,5.0,0,0,1
2024,148739,I260S47C316J1V1,24368592.0,2,200506,15 a 19 años,2024,1,2024,1,Centros de Formación Técnica,Centros de Formación Técnica,Centros de Formación Técnica,260,CFT SANTO TOMAS,47,SEDE PUENTE ALTO,316,TECNICO EN ENFERMERIA MENCION TERAPIAS COMPLEMENTARIAS,Presencial,Diurna,1,Plan Regular,5,0,5,Metropolitana,CORDILLERA,PUENTE ALTO,Pregrado,Técnico de Nivel Superior,Carreras Técnicas,Educación Media,VIGENTE CON ALUMNOS NUEVOS,Monto en Pesos,84000,2278000,,Salud,Salud y Servicios Sociales,Medicina,Técnico en Enfermería,Salud y Bienestar,Salud,NO ACREDITADA,ACREDITADA,20/12/2019 - 20/12/2024,5.0,0,0,1
2025,3452194,I430S28C170J1V2,13345920.0,1,200704,15 a 19 años,2025,1,2025,1,Centros de Formación Técnica,Centros de Formación Técnica,Centros de Formación Técnica,430,CFT INACAP,28,SEDE TEMUCO,170,TECNICO EN ODONTOLOGIA,Presencial,Diurna,2,Plan Regular,5,0,5,La Araucanía,CAUTIN,TEMUCO,Pregrado,Técnico de Nivel Superior,Carreras Técnicas,Educación Media,VIGENTE CON ALUMNOS NUEVOS,Monto en Pesos,295000,2660000,,Salud,Salud y Servicios Sociales,Medicina,Técnico Dental y Asistente de Odontología,Salud y Bienestar,Salud,NO ACREDITADA,ACREDITADA,05/01/2018 - 05/01/2025,7.0,0,0,1
2025,3443090,I430S22C144J1V1,14960372.0,2,200110,20 a 24 años,2024,1,2024,1,Centros de Formación Técnica,Centros de Formación Técnica,Centros de Formación Técnica,430,CFT INACAP,22,SEDE CHILLAN,144,TECNICO EN FARMACIA,Presencial,Diurna,1,Plan Regular,5,0,5,Ñuble,DIGUILLIN,CHILLAN,Pregrado,Técnico de Nivel Superior,Carreras Técnicas,Educación Media,VIGENTE CON ALUMNOS NUEVOS,Monto en Pesos,295000,2637000,,Salud,Salud y Servicios Sociales,Medicina,Técnico en Farmacia,Salud y Bienestar,Salud,NO ACREDITADA,ACREDITADA,05/01/2018 - 05/01/2025,7.0,0,0,1
2025,3464064,I430S23C39J1V2,14568415.0,1,200601,15 a 19 años,2024,1,2024,1,Centros de Formación Técnica,Centros de Formación Técnica,Centros de Formación Técnica,430,CFT INACAP,23,SEDE PUERTO MONTT,39,TECNICO EN ENFERMERIA,Presencial,Diurna,2,Plan Regular,5,0,5,Los Lagos,LLANQUIHUE,PUERTO MONTT,Pregrado,Técnico de Nivel Superior,Carreras Técnicas,Educación Media,VIGENTE CON ALUMNOS NUEVOS,Monto en Pesos,295000,2842000,,Salud,Salud y Servicios Sociales,Medicina,Técnico en Enfermería,Salud y Bienestar,Salud,NO ACREDITADA,ACREDITADA,05/01/2018 - 05/01/2025,7.0,0,0,1
2025,3462403,I430S26C39J1V2,646350.0,2,200504,20 a 24 años,2024,1,2024,1,Centros de Formación Técnica,Centros de Formación Técnica,Centros de Formación Técnica,430,CFT INACAP,26,SEDE TALCA,39,TECNICO EN ENFERMERIA,Presencial,Diurna,2,Plan Regular,5,0,5,Maule,TALCA,TALCA,Pregrado,Técnico de Nivel Superior,Carreras Técnicas,Educación Media,VIGENTE CON ALUMNOS NUEVOS,Monto en Pesos,295000,2842000,,Salud,Salud y Servicios Sociales,Medicina,Técnico en Enfermería,Salud y Bienestar,Salud,NO ACREDITADA,ACREDITADA,05/01/2018 - 05/01/2025,7.0,0,0,1
2025,2731098,I367S1C154J2V1,3320419.0,1,200103,20 a 24 años,2025,1,2025,1,Centros de Formación Técnica,Centros de Formación Técnica,Centros de Formación Técnica,367,CFT SAN AGUSTIN,1,CASA CENTRAL (TALCA),154,PREVENCION DE RIESGOS,Presencial,Vespertina,1,Plan Regular,5,0,5,Maule,TALCA,TALCA,Pregrado,Técnico de Nivel Superior,Carreras Técnicas,Educación Media,VIGENTE CON ALUMNOS NUEVOS,Monto en Pesos,63000,3300000,,Tecnología,Servicios,Servicios de Seguridad,Técnico en Prevención de Riesgos,Servicios,Servicios de Higiene y Salud Ocupacional,NO ACREDITADA,ACREDITADA,09/10/2024 - 09/10/2029,5.0,0,0,1
2025,3420537,I367S4C212J1V1,10544577.0,2,200504,20 a 24 años,2023,1,2023,1,Centros de Formación Técnica,Centros de Formación Técnica,Centros de Formación Técnica,367,CFT SAN AGUSTIN,4,SEDE CURICO,212,TECNICO EN COSMETOLOGIA Y ESTETICA INTEGRAL,Presencial,Diurna,1,Plan Regular,5,0,5,Maule,CURICO,CURICO,Pregrado,Técnico de Nivel Superior,Carreras Técnicas,Educación Media,VIGENTE CON ALUMNOS NUEVOS,Monto en Pesos,63000,2900000,,Arte y Arquitectura,Servicios,Servicios Personales,Técnico en Peluquería y Estética,Servicios,Servicios personales,NO ACREDITADA,ACREDITADA,09/10/2024 - 09/10/2029,5.0,0,0,1
2025,2732883,I367S3C9J2V1,10297272.0,1,200703,15 a 19 años,2025,1,2025,1,Centros de Formación Técnica,Centros de Formación Técnica,Centros de Formación Técnica,367,CFT SAN AGUSTIN,3,SEDE LINARES,9,TECNICO EN OBRAS CIVILES,Presencial,Vespertina,1,Plan Regular,5,0,5,Maule,LINARES,LINARES,Pregrado,Técnico de Nivel Superior,Carreras Técnicas,Educación Media,VIGENTE CON ALUMNOS NUEVOS,Monto en Pesos,63000,2750000,,Tecnología,"Ingeniería, Industria y Construcción",Arquitectura y Construcción,Técnico en Construcción y Obras Civiles,"Ingeniería, Industria y Construcción",Arquitectura y Construcción,NO ACREDITADA,ACREDITADA,09/10/2024 - 09/10/2029,5.0,0,0,1
2025,2731689,I367S4C190J1V1,9034617.0,1,199401,30 a 34 años,2025,1,2025,1,Centros de Formación Técnica,Centros de Formación Técnica,Centros de Formación Técnica,367,CFT SAN AGUSTIN,4,SEDE CURICO,190,TECNICO EN MASOTERAPIA,Presencial,Diurna,1,Plan Regular,5,0,5,Maule,CURICO,CURICO,Pregrado,Técnico de Nivel Superior,Carreras Técnicas,Educación Media,VIGENTE CON ALUMNOS NUEVOS,Monto en Pesos,63000,2800000,,Salud,Salud y Servicios Sociales,Medicina,Técnico en Masoterapia,Salud y Bienestar,Salud,NO ACREDITADA,ACREDITADA,09/10/2024 - 09/10/2029,5.0,0,0,1
2025,2732294,I367S1C137J1V1,15685294.0,1,200407,20 a 24 años,2025,1,2025,1,Centros de Formación Técnica,Centros de Formación Técnica,Centros de Formación Técnica,367,CFT SAN AGUSTIN,1,CASA CENTRAL (TALCA),137,TECNICO EN ENFERMERIA,Presencial,Diurna,1,Plan Regular,5,0,5,Maule,TALCA,TALCA,Pregrado,Técnico de Nivel Superior,Carreras Técnicas,Educación Media,VIGENTE CON ALUMNOS NUEVOS,Monto en Pesos,63000,2800000,,Salud,Salud y Servicios Sociales,Medicina,Técnico en Enfermería,Salud y Bienestar,Salud,NO ACREDITADA,ACREDITADA,09/10/2024 - 09/10/2029,5.0,0,0,1
2025,3632373,I241S1C15J1V1,8158597.0,2,200404,20 a 24 años,2024,1,2024,1,Centros de Formación Técnica,Centros de Formación Técnica,Centros de Formación Técnica,241,CFT INSTITUTO SUPERIOR ALEMAN DE COMERCIO INSALCO,1,CASA CENTRAL (SANTIAGO),15,TECNICO EN COMERCIO Y TRANSPORTE INTERNACIONAL,Presencial,Diurna,1,Plan Regular,4,0,4,Metropolitana,SANTIAGO,VITACURA,Pregrado,Técnico de Nivel Superior,Carreras Técnicas,Educación Media,VIGENTE CON ALUMNOS NUEVOS,Monto en UF,7,82,,Administración y Comercio,"Ciencias Sociales, Enseñanza Comercial y Derecho",Enseñanza Comercial y Administración,Técnico en Comercio Exterior,Administración de Empresas y Derecho,Educación Comercial y Administración,NO ACREDITADA,NO ACREDITADA,,,0,0,1
2025,2872240,I137S1C40J4V1,9151784.0,1,199808,25 a 29 años,2025,1,2025,1,Institutos Profesionales,Institutos Profesionales,Institutos Profesionales,137,IP EATRI,1,CASA CENTRAL,40,TRADUCCION INGLES ESPAÑOL INGLES,No Presencial,A Distancia,1,Plan Regular,8,0,8,Metropolitana,SANTIAGO,PROVIDENCIA,Pregrado,Profesional Sin Licenciatura,Carreras Profesionales,Educación Media,VIGENTE CON ALUMNOS NUEVOS,Monto en Pesos,190000,2850000,,Humanidades,Humanidades y Artes,Humanidades,Traducción e Interpretación,Artes y Humanidades,Idiomas,NO ACREDITADA,ACREDITADA,06/07/2022 - 06/07/2025,3.0,0,0,1
2024,1335080,I106S6C307J4V2,25577628.0,1,200405,20 a 24 años,2022,1,2022,1,Institutos Profesionales,Institutos Profesionales,Institutos Profesionales,106,IP PROVIDENCIA,6,SEDE VICUÑA MACKENNA (SANTIAGO VICUÑA MACKENNA 380),307,TECNICO DE NIVEL SUPERIOR ANALISTA DE SISTEMAS,No Presencial,A Distancia,2,Plan Regular,4,0,4,Metropolitana,SANTIAGO,PROVIDENCIA,Pregrado,Técnico de Nivel Superior,Carreras Técnicas,Educación Media,VIGENTE CON ALUMNOS NUEVOS,Monto en Pesos,145000,1898692,,Tecnología,Ciencias,Informática,Técnico en Análisis de Sistemas,Tecnología de la Información y la Comunicación (TIC),Tecnología de la Información y la Comunicación (TIC),NO ACREDITADA,ACREDITADA,13/04/2022 - 13/04/2025,3.0,0,0,1
2025,3859981,I260S51C120J4V1,13786913.0,2,197212,40 y más años,2023,1,2023,1,Centros de Formación Técnica,Centros de Formación Técnica,Centros de Formación Técnica,260,CFT SANTO TOMAS,51,SEDE VIRTUAL,120,TECNICO EN ADMINISTRACION,No Presencial,A Distancia,1,Plan Regular,5,0,5,Metropolitana,SANTIAGO,SANTIAGO,Pregrado,Técnico de Nivel Superior,Carreras Técnicas,Educación Media,VIGENTE CON ALUMNOS NUEVOS,Monto en Pesos,67200,1992000,,Administración y Comercio,"Ciencias Sociales, Enseñanza Comercial y Derecho",Enseñanza Comercial y Administración,Técnico en Administración de Empresas,Administración de Empresas y Derecho,Educación Comercial y Administración,NO ACREDITADA,ACREDITADA,21/12/2024 - 21/12/2030,6.0,0,0,1
2025,3729186,I116S9C141J1V1,9269284.0,2,198006,40 y más años,2021,1,2021,1,Institutos Profesionales,Institutos Profesionales,Institutos Profesionales,116,IP SANTO TOMAS,9,SEDE ARICA,141,INGENIERIA EN ADMINISTRACION DE RECURSOS HUMANOS,Presencial,Diurna,1,Plan Regular,8,0,8,Arica y Parinacota,ARICA,ARICA,Pregrado,Profesional Sin Licenciatura,Carreras Profesionales,Educación Media,VIGENTE CON ALUMNOS NUEVOS,Monto en Pesos,125000,2499000,,Administración y Comercio,"Ciencias Sociales, Enseñanza Comercial y Derecho",Enseñanza Comercial y Administración,Ingeniería en Recursos Humanos,Administración de Empresas y Derecho,Educación Comercial y Administración,NO ACREDITADA,ACREDITADA,20/01/2021 - 20/01/2026,5.0,0,0,1
2025,2893938,I116S25C207J1V1,6924356.0,2,200506,20 a 24 años,2024,1,2024,1,Institutos Profesionales,Institutos Profesionales,Institutos Profesionales,116,IP SANTO TOMAS,25,SEDE RANCAGUA,207,INGENIERIA AGRICOLA,Presencial,Diurna,1,Plan Regular,8,0,8,Lib. Gral. B. O'Higgins,CACHAPOAL,RANCAGUA,Pregrado,Profesional Sin Licenciatura,Carreras Profesionales,Educación Media,VIGENTE CON ALUMNOS NUEVOS,Monto en Pesos,125000,2659000,,Agropecuaria,Agricultura,"Agricultura, Silvicultura y Pesca",Ingeniería Agrícola,"Agricultura, Silvicultura, Pesca y Veterinaria",Agricultura,NO ACREDITADA,ACREDITADA,20/01/2021 - 20/01/2026,5.0,0,0,1
2025,2681740,I116S17C60J2V1,5743687.0,1,200603,15 a 19 años,2025,1,2025,1,Institutos Profesionales,Institutos Profesionales,Institutos Profesionales,116,IP SANTO TOMAS,17,SEDE TEMUCO,60,CONSTRUCCION CIVIL,Presencial,Vespertina,1,Plan Regular,8,0,8,La Araucanía,CAUTIN,TEMUCO,Pregrado,Profesional Sin Licenciatura,Carreras Profesionales,Educación Media,VIGENTE CON ALUMNOS NUEVOS,Monto en Pesos,125000,2391000,,Tecnología,"Ingeniería, Industria y Construcción",Arquitectura y Construcción,Construcción Civil,"Ingeniería, Industria y Construcción",Arquitectura y Construcción,NO ACREDITADA,ACREDITADA,20/01/2021 - 20/01/2026,5.0,0,0,1
2025,2699433,I260S11C50J1V1,1772018.0,2,200507,15 a 19 años,2025,1,2025,1,Centros de Formación Técnica,Centros de Formación Técnica,Centros de Formación Técnica,260,CFT SANTO TOMAS,11,SEDE TEMUCO,50,TECNICO AGRICOLA Y GANADERO,Presencial,Diurna,1,Plan Regular,6,0,6,La Araucanía,CAUTIN,TEMUCO,Pregrado,Técnico de Nivel Superior,Carreras Técnicas,Educación Media,VIGENTE CON ALUMNOS NUEVOS,Monto en Pesos,89000,2294000,,Agropecuaria,Agricultura,"Agricultura, Silvicultura y Pesca",Técnico Agropecuario,"Agricultura, Silvicultura, Pesca y Veterinaria",Agricultura,NO ACREDITADA,ACREDITADA,21/12/2024 - 21/12/2030,6.0,0,0,1
2025,2669553,I260S47C118J2V1,6179199.0,2,200012,20 a 24 años,2025,1,2025,1,Centros de Formación Técnica,Centros de Formación Técnica,Centros de Formación Técnica,260,CFT SANTO TOMAS,47,SEDE PUENTE ALTO,118,TECNICO EN ENFERMERIA GINECO-OBSTETRICA Y NEONATAL,Presencial,Vespertina,1,Plan Regular,5,0,5,Metropolitana,CORDILLERA,PUENTE ALTO,Pregrado,Técnico de Nivel Superior,Carreras Técnicas,Educación Media,VIGENTE CON ALUMNOS NUEVOS,Monto en Pesos,89000,2408000,,Salud,Salud y Servicios Sociales,Medicina,Técnico en Enfermería,Salud y Bienestar,Salud,NO ACREDITADA,ACREDITADA,21/12/2024 - 21/12/2030,6.0,0,0,1
2025,2871625,I260S44C320J1V1,11500908.0,2,199203,30 a 34 años,2023,1,2023,1,Centros de Formación Técnica,Centros de Formación Técnica,Centros de Formación Técnica,260,CFT SANTO TOMAS,44,SEDE PUNTA ARENAS,320,TECNICO EN EDUCACION PARVULARIA 1° Y 2° BASICO,Presencial,Diurna,1,Plan Regular,5,0,5,Magallanes,MAGALLANES,PUNTA ARENAS,Pregrado,Técnico de Nivel Superior,Carreras Técnicas,Educación Media,VIGENTE CON ALUMNOS NUEVOS,Monto en Pesos,89000,1965000,,Educación,Educación,Formación de Personal Docente y Ciencias de la Educación,Técnico Asistente del Educador de Párvulos,Educación,Educación,NO ACREDITADA,ACREDITADA,21/12/2024 - 21/12/2030,6.0,0,0,1
2025,2871950,I260S22C100J1V1,996518.0,2,199506,30 a 34 años,2023,1,2023,1,Centros de Formación Técnica,Centros de Formación Técnica,Centros de Formación Técnica,260,CFT SANTO TOMAS,22,SEDE LA SERENA,100,TECNICO JURIDICO,Presencial,Diurna,1,Plan Regular,5,0,5,Coquimbo,ELQUI,LA SERENA,Pregrado,Técnico de Nivel Superior,Carreras Técnicas,Educación Media,VIGENTE CON ALUMNOS NUEVOS,Monto en Pesos,89000,2052000,,Derecho,"Ciencias Sociales, Enseñanza Comercial y Derecho",Derecho,Técnico Jurídico,Administración de Empresas y Derecho,Derecho,NO ACREDITADA,ACREDITADA,21/12/2024 - 21/12/2030,6.0,0,0,1
2025,2870728,I260S42C276J1V1,7869103.0,2,199806,25 a 29 años,2023,1,2023,1,Centros de Formación Técnica,Centros de Formación Técnica,Centros de Formación Técnica,260,CFT SANTO TOMAS,42,SEDE CHILLAN,276,TECNICO EN ODONTOLOGIA MENCION HIGIENISTA DENTAL,Presencial,Diurna,1,Plan Regular,5,0,5,Ñuble,DIGUILLIN,CHILLAN,Pregrado,Técnico de Nivel Superior,Carreras Técnicas,Educación Media,VIGENTE CON ALUMNOS NUEVOS,Monto en Pesos,89000,2416000,,Salud,Salud y Servicios Sociales,Medicina,Técnico Dental y Asistente de Odontología,Salud y Bienestar,Salud,NO ACREDITADA,ACREDITADA,21/12/2024 - 21/12/2030,6.0,0,0,1
2025,2868849,I260S37C102J1V1,6505674.0,1,200206,20 a 24 años,2023,1,2023,1,Centros de Formación Técnica,Centros de Formación Técnica,Centros de Formación Técnica,260,CFT SANTO TOMAS,37,SEDE PUERTO MONTT,102,TECNICO EN PRODUCCION ACUICOLA,Presencial,Diurna,1,Plan Regular,5,0,5,Los Lagos,LLANQUIHUE,PUERTO MONTT,Pregrado,Técnico de Nivel Superior,Carreras Técnicas,Educación Media,VIGENTE CON ALUMNOS NUEVOS,Monto en Pesos,89000,1995000,,Agropecuaria,Agricultura,"Agricultura, Silvicultura y Pesca",Técnico en Acuicultura y Pesca,"Agricultura, Silvicultura, Pesca y Veterinaria",Pesca,NO ACREDITADA,ACREDITADA,21/12/2024 - 21/12/2030,6.0,0,0,1
2025,3623121,I260S22C43J1V1,9216174.0,1,200504,20 a 24 años,2023,1,2023,1,Centros de Formación Técnica,Centros de Formación Técnica,Centros de Formación Técnica,260,CFT SANTO TOMAS,22,SEDE LA SERENA,43,TECNICO AGRICOLA,Presencial,Diurna,1,Plan Regular,5,0,5,Coquimbo,ELQUI,LA SERENA,Pregrado,Técnico de Nivel Superior,Carreras Técnicas,Educación Media,VIGENTE CON ALUMNOS NUEVOS,Monto en Pesos,89000,2172000,,Agropecuaria,Agricultura,"Agricultura, Silvicultura y Pesca",Técnico Agropecuario,"Agricultura, Silvicultura, Pesca y Veterinaria",Agricultura,NO ACREDITADA,ACREDITADA,21/12/2024 - 21/12/2030,6.0,0,0,1
2025,2879189,I260S41C108J1V1,9707099.0,1,200307,20 a 24 años,2023,1,2023,1,Centros de Formación Técnica,Centros de Formación Técnica,Centros de Formación Técnica,260,CFT SANTO TOMAS,41,SEDE RANCAGUA,108,PREPARADOR FISICO,Presencial,Diurna,1,Plan Regular,5,0,5,Lib. Gral. B. O'Higgins,CACHAPOAL,RANCAGUA,Pregrado,Técnico de Nivel Superior,Carreras Técnicas,Educación Media,VIGENTE CON ALUMNOS NUEVOS,Monto en Pesos,89000,2395000,,Educación,Servicios,Servicios Personales,"Técnico en Deporte, Recreación y Preparación Física",Servicios,Servicios personales,NO ACREDITADA,ACREDITADA,21/12/2024 - 21/12/2030,6.0,0,0,1
2025,3630694,I260S50C108J1V1,8008052.0,1,199708,25 a 29 años,2018,1,2018,1,Centros de Formación Técnica,Centros de Formación Técnica,Centros de Formación Técnica,260,CFT SANTO TOMAS,50,SEDE SAN JOAQUIN,108,PREPARADOR FISICO,Presencial,Diurna,1,Plan Regular,5,0,5,Metropolitana,SANTIAGO,SAN JOAQUIN,Pregrado,Técnico de Nivel Superior,Carreras Técnicas,Educación Media,VIGENTE CON ALUMNOS NUEVOS,Monto en Pesos,89000,2414000,,Educación,Servicios,Servicios Personales,"Técnico en Deporte, Recreación y Preparación Física",Servicios,Servicios personales,NO ACREDITADA,ACREDITADA,21/12/2024 - 21/12/2030,6.0,0,0,1
2025,3184963,I260S11C285J1V1,14792411.0,2,200310,20 a 24 años,2024,1,2024,1,Centros de Formación Técnica,Centros de Formación Técnica,Centros de Formación Técnica,260,CFT SANTO TOMAS,11,SEDE TEMUCO,285,TECNICO EN VETERINARIA Y PRODUCCION PECUARIA,Presencial,Diurna,1,Plan Regular,5,0,5,La Araucanía,CAUTIN,TEMUCO,Pregrado,Técnico de Nivel Superior,Carreras Técnicas,Educación Media,VIGENTE CON ALUMNOS NUEVOS,Monto en Pesos,89000,2316000,,Agropecuaria,Agricultura,Veterinaria,Técnico Veterinario,"Agricultura, Silvicultura, Pesca y Veterinaria",Veterinaria,NO ACREDITADA,ACREDITADA,21/12/2024 - 21/12/2030,6.0,0,0,1
2025,2885004,I260S8C79J1V1,13740007.0,2,200210,20 a 24 años,2024,1,2024,1,Centros de Formación Técnica,Centros de Formación Técnica,Centros de Formación Técnica,260,CFT SANTO TOMAS,8,SEDE CURICO,79,TECNICO EN EDUCACION ESPECIAL,Presencial,Diurna,1,Plan Regular,5,0,5,Maule,CURICO,CURICO,Pregrado,Técnico de Nivel Superior,Carreras Técnicas,Educación Media,VIGENTE CON ALUMNOS NUEVOS,Monto en Pesos,89000,2097000,,Educación,Educación,Formación de Personal Docente y Ciencias de la Educación,Técnico Asistente del Educador Diferencial,Educación,Educación,NO ACREDITADA,ACREDITADA,21/12/2024 - 21/12/2030,6.0,0,0,1
2025,2875476,I260S22C108J1V1,7915575.0,1,200201,20 a 24 años,2024,1,2024,1,Centros de Formación Técnica,Centros de Formación Técnica,Centros de Formación Técnica,260,CFT SANTO TOMAS,22,SEDE LA SERENA,108,PREPARADOR FISICO,Presencial,Diurna,1,Plan Regular,5,0,5,Coquimbo,ELQUI,LA SERENA,Pregrado,Técnico de Nivel Superior,Carreras Técnicas,Educación Media,VIGENTE CON ALUMNOS NUEVOS,Monto en Pesos,89000,2256000,,Educación,Servicios,Servicios Personales,"Técnico en Deporte, Recreación y Preparación Física",Servicios,Servicios personales,NO ACREDITADA,ACREDITADA,21/12/2024 - 21/12/2030,6.0,0,0,1
2025,2668005,I260S37C285J1V1,6275434.0,2,200002,25 a 29 años,2025,1,2025,1,Centros de Formación Técnica,Centros de Formación Técnica,Centros de Formación Técnica,260,CFT SANTO TOMAS,37,SEDE PUERTO MONTT,285,TECNICO EN VETERINARIA Y PRODUCCION PECUARIA,Presencial,Diurna,1,Plan Regular,5,0,5,Los Lagos,LLANQUIHUE,PUERTO MONTT,Pregrado,Técnico de Nivel Superior,Carreras Técnicas,Educación Media,VIGENTE CON ALUMNOS NUEVOS,Monto en Pesos,89000,2381000,,Agropecuaria,Agricultura,Veterinaria,Técnico Veterinario,"Agricultura, Silvicultura, Pesca y Veterinaria",Veterinaria,NO ACREDITADA,ACREDITADA,21/12/2024 - 21/12/2030,6.0,0,0,1
2025,3630956,I260S21C107J1V1,11871710.0,2,200208,20 a 24 años,2025,1,2025,1,Centros de Formación Técnica,Centros de Formación Técnica,Centros de Formación Técnica,260,CFT SANTO TOMAS,21,SEDE SANTIAGO,107,CONTABILIDAD GENERAL,Presencial,Diurna,1,Plan Regular,5,0,5,Metropolitana,SANTIAGO,SANTIAGO,Pregrado,Técnico de Nivel Superior,Carreras Técnicas,Educación Media,VIGENTE CON ALUMNOS NUEVOS,Monto en Pesos,89000,2121000,,Administración y Comercio,"Ciencias Sociales, Enseñanza Comercial y Derecho",Enseñanza Comercial y Administración,Técnico en Contabilidad General,Administración de Empresas y Derecho,Educación Comercial y Administración,NO ACREDITADA,ACREDITADA,21/12/2024 - 21/12/2030,6.0,0,0,1
2025,2669566,I260S8C108J1V1,3456853.0,1,200503,20 a 24 años,2025,1,2025,1,Centros de Formación Técnica,Centros de Formación Técnica,Centros de Formación Técnica,260,CFT SANTO TOMAS,8,SEDE CURICO,108,PREPARADOR FISICO,Presencial,Diurna,1,Plan Regular,5,0,5,Maule,CURICO,CURICO,Pregrado,Técnico de Nivel Superior,Carreras Técnicas,Educación Media,VIGENTE CON ALUMNOS NUEVOS,Monto en Pesos,89000,2177000,,Educación,Servicios,Servicios Personales,"Técnico en Deporte, Recreación y Preparación Física",Servicios,Servicios personales,NO ACREDITADA,ACREDITADA,21/12/2024 - 21/12/2030,6.0,0,0,1
2025,2874076,I260S22C47J1V1,7298859.0,2,197912,40 y más años,2023,1,2023,1,Centros de Formación Técnica,Centros de Formación Técnica,Centros de Formación Técnica,260,CFT SANTO TOMAS,22,SEDE LA SERENA,47,TECNICO EN ENFERMERIA,Presencial,Diurna,1,Plan Regular,5,0,5,Coquimbo,ELQUI,LA SERENA,Pregrado,Técnico de Nivel Superior,Carreras Técnicas,Educación Media,VIGENTE CON ALUMNOS NUEVOS,Monto en Pesos,89000,2685000,,Salud,Salud y Servicios Sociales,Medicina,Técnico en Enfermería,Salud y Bienestar,Salud,NO ACREDITADA,ACREDITADA,21/12/2024 - 21/12/2030,6.0,0,0,1
2025,3181510,I116S10C147J2V2,12644344.0,1,200008,20 a 24 años,1900,0,2025,1,Institutos Profesionales,Institutos Profesionales,Institutos Profesionales,116,IP SANTO TOMAS,10,SEDE ANTOFAGASTA,147,INGENIERIA EN MANTENIMIENTO INDUSTRIAL,Presencial,Vespertina,2,Plan Regular de Continuidad,4,0,4,Antofagasta,ANTOFAGASTA,ANTOFAGASTA,Pregrado,Profesional Sin Licenciatura,Carreras Profesionales,Técnico de Nivel Superior,VIGENTE CON ALUMNOS NUEVOS,Monto en Pesos,125000,3048000,,Tecnología,"Ingeniería, Industria y Construcción",Ingeniería y Profesiones Afines,Ingeniería Industrial,"Ingeniería, Industria y Construcción",Ingeniería y Profesiones Afines,NO ACREDITADA,ACREDITADA,20/01/2021 - 20/01/2026,5.0,0,0,11
2025,3974065,I106S6C297J4V4,11041447.0,1,198704,35 a 39 años,2024,2,2024,2,Institutos Profesionales,Institutos Profesionales,Institutos Profesionales,106,IP PROVIDENCIA,6,SEDE VICUÑA MACKENNA (SANTIAGO VICUÑA MACKENNA 380),297,INGENIERIA INDUSTRIAL,No Presencial,A Distancia,4,Plan Especial,4,0,4,Metropolitana,SANTIAGO,PROVIDENCIA,Pregrado,Profesional Sin Licenciatura,Carreras Profesionales,Técnico de Nivel Superior,VIGENTE CON ALUMNOS NUEVOS,Monto en Pesos,151000,2513604,,Tecnología,"Ingeniería, Industria y Construcción",Ingeniería y Profesiones Afines,Ingeniería Industrial,"Ingeniería, Industria y Construcción",Ingeniería y Profesiones Afines,NO ACREDITADA,ACREDITADA,13/04/2022 - 13/04/2025,3.0,0,0,10
2025,3973714,I106S6C303J4V2,5539726.0,2,199103,30 a 34 años,2025,1,2025,1,Institutos Profesionales,Institutos Profesionales,Institutos Profesionales,106,IP PROVIDENCIA,6,SEDE VICUÑA MACKENNA (SANTIAGO VICUÑA MACKENNA 380),303,DISEÑO GRAFICO DIGITAL,No Presencial,A Distancia,2,Plan Regular,8,0,8,Metropolitana,SANTIAGO,PROVIDENCIA,Pregrado,Profesional Sin Licenciatura,Carreras Profesionales,Técnico de Nivel Superior,VIGENTE CON ALUMNOS NUEVOS,Monto en Pesos,151000,2712120,,Arte y Arquitectura,Humanidades y Artes,Artes,Diseño Gráfico,Artes y Humanidades,Artes,NO ACREDITADA,ACREDITADA,13/04/2022 - 13/04/2025,3.0,0,0,1
2025,3401887,I20S4C713J2V1,5345209.0,1,199207,30 a 34 años,1900,0,2025,1,Universidades,Universidades Privadas,Universidades Privadas,20,UNIVERSIDAD ANDRES BELLO,4,SEDE CONCEPCION,713,PROGRAMA DE PEDAGOGIA EN EDUCACION MEDIA PARA LICENCIADOS Y TITULADOS,Presencial,Vespertina,1,Plan Regular de Continuidad,3,0,3,Biobío,CONCEPCION,CONCEPCION,Pregrado,Profesional Con Licenciatura,Carreras Profesionales,Título Profesional,VIGENTE CON ALUMNOS NUEVOS,Monto en Pesos,0,2928000,0.0,Educación,Educación,Formación de Personal Docente y Ciencias de la Educación,Pedagogía en Educación Media,Educación,Educación,ACREDITADA,ACREDITADA,25/12/2022 - 25/12/2028,6.0,0,0,5
2024,892529,I39S2C180J2V2,26308080.0,1,198801,35 a 39 años,2023,1,2024,1,Universidades,Universidades Privadas,Universidades Privadas,39,UNIVERSIDAD SAN SEBASTIAN,2,SEDE CONCEPCION,180,INGENIERIA EN ADMINISTRACION DE EMPRESAS,Presencial,Vespertina,2,Plan Regular de Continuidad,6,0,6,Biobío,CONCEPCION,CONCEPCION,Pregrado,Profesional Con Licenciatura,Carreras Profesionales,Bachillerato,VIGENTE CON ALUMNOS NUEVOS,Monto en Pesos,241500,3448700,0.0,Administración y Comercio,"Ciencias Sociales, Enseñanza Comercial y Derecho",Enseñanza Comercial y Administración,Administración de Empresas e Ing. Asociadas,Administración de Empresas y Derecho,Educación Comercial y Administración,NO ACREDITADA,ACREDITADA,28/10/2021 - 28/10/2026,5.0,0,0,5
2025,5397006,I31S1C369J4V1,11362898.0,2,199411,30 a 34 años,2024,1,2024,1,Universidades,Universidades Privadas,Universidades Privadas,31,UNIVERSIDAD AUTONOMA DE CHILE,1,CASA CENTRAL (TEMUCO),369,DIPLOMADO EN NUTRICION Y ALIMENTACION PARA EL RENDIMIENTO DEPORTIVO Y SALUD,No Presencial,A Distancia,1,Plan Regular,1,0,1,La Araucanía,CAUTIN,TEMUCO,Postítulo,Diplomado (desde un semestre),Postítulo,Título Profesional,VIGENTE CON ALUMNOS NUEVOS,Monto en Pesos,120000,990000,0.0,Salud,Salud y Servicios Sociales,Medicina,Postítulo en Salud,Salud y Bienestar,Salud,NO ACREDITADA,ACREDITADA,29/10/2019 - 29/10/2024,5.0,0,0,1
2025,5326002,I4S1C1056J4V1,168982.0,2,198806,35 a 39 años,2025,1,2025,1,Universidades,Universidades Privadas,Universidades Privadas,4,UNIVERSIDAD CENTRAL DE CHILE,1,SANTIAGO,1056,DIPLOMADO EN JUSTICIA RESTAURATIVA Y RESPONSABILIDAD PENAL ADOLESCENTE,No Presencial,A Distancia,1,Plan Regular,1,0,1,Metropolitana,SANTIAGO,SANTIAGO,Postítulo,Diplomado (desde un semestre),Postítulo,Título Profesional,VIGENTE CON ALUMNOS NUEVOS,Monto en Pesos,130000,1300000,0.0,Derecho,"Ciencias Sociales, Enseñanza Comercial y Derecho",Derecho,Postítulo en Derecho,Administración de Empresas y Derecho,Derecho,NO ACREDITADA,ACREDITADA,13/01/2022 - 13/01/2027,5.0,0,0,1
2025,3864027,I39S6C78J4V1,4318075.0,2,198701,35 a 39 años,1900,0,2023,2,Universidades,Universidades Privadas,Universidades Privadas,39,UNIVERSIDAD SAN SEBASTIAN,6,SEDE SANTIAGO,78,CONTADOR AUDITOR,No Presencial,A Distancia,1,Plan Regular de Continuidad,5,0,5,Metropolitana,SANTIAGO,SANTIAGO,Pregrado,Profesional Con Licenciatura,Carreras Profesionales,Técnico de Nivel Superior,VIGENTE CON ALUMNOS NUEVOS,Monto en Pesos,252900,3992200,0.0,Administración y Comercio,"Ciencias Sociales, Enseñanza Comercial y Derecho",Enseñanza Comercial y Administración,Contador Auditor,Administración de Empresas y Derecho,Educación Comercial y Administración,NO ACREDITADA,ACREDITADA,28/10/2021 - 28/10/2026,5.0,0,0,5
2024,2031241,I20S1C589J4V1,24099422.0,1,198407,35 a 39 años,2024,1,2024,1,Universidades,Universidades Privadas,Universidades Privadas,20,UNIVERSIDAD ANDRES BELLO,1,CASA CENTRAL (SANTIAGO),589,DIPLOMADO EN DIRECCION DE PROYECTO Y PMO,No Presencial,A Distancia,1,Plan Regular,1,0,1,Metropolitana,SANTIAGO,SANTIAGO,Postítulo,Diplomado (desde un semestre),Postítulo,Educación Media,VIGENTE CON ALUMNOS NUEVOS,Monto en Pesos,160000,1360000,0.0,Administración y Comercio,"Ciencias Sociales, Enseñanza Comercial y Derecho",Enseñanza Comercial y Administración,Postítulo en Administración y Comercio,Administración de Empresas y Derecho,Educación Comercial y Administración,NO ACREDITADA,ACREDITADA,25/12/2022 - 25/12/2028,6.0,0,0,1
2025,5323211,I20S1C492J1V1,5507048.0,2,198304,40 y más años,2024,1,2024,1,Universidades,Universidades Privadas,Universidades Privadas,20,UNIVERSIDAD ANDRES BELLO,1,CASA CENTRAL (SANTIAGO),492,DOCTORADO EN EDUCACION Y SOCIEDAD,Presencial,Diurna,1,Plan Regular,8,0,8,Metropolitana,SANTIAGO,SANTIAGO,Postgrado,Doctorado,Doctorado,Licenciatura,VIGENTE CON ALUMNOS NUEVOS,Monto en Pesos,412000,4828000,0.0,Educación,Educación,Formación de Personal Docente y Ciencias de la Educación,Doctorado en Educación,Educación,Educación,ACREDITADA,ACREDITADA,25/12/2022 - 25/12/2028,6.0,0,0,1
2025,5318923,I20S1C653J4V1,9680710.0,2,198701,35 a 39 años,2024,1,2024,1,Universidades,Universidades Privadas,Universidades Privadas,20,UNIVERSIDAD ANDRES BELLO,1,CASA CENTRAL (SANTIAGO),653,MAGISTER EN GESTION PEDAGOGICA CURRICULAR Y PROYECTOS EDUCATIVOS,No Presencial,A Distancia,1,Plan Regular,3,0,3,Metropolitana,SANTIAGO,SANTIAGO,Postgrado,Magister,Magister,Título Profesional,VIGENTE CON ALUMNOS NUEVOS,Monto en Pesos,420000,3910000,0.0,Educación,Educación,Formación de Personal Docente y Ciencias de la Educación,Magister en Educación,Educación,Educación,NO ACREDITADA,ACREDITADA,25/12/2022 - 25/12/2028,6.0,0,0,1
2024,2048416,I34S1C573J4V1,26452648.0,2,199305,30 a 34 años,2021,1,2021,1,Universidades,Universidades CRUCH,Universidades Privadas CRUCH,34,UNIVERSIDAD DE LOS ANDES,1,CASA CENTRAL (SANTIAGO),573,DIPLOMADO EN URGENCIAS PEDIATRICAS,No Presencial,A Distancia,1,Plan Regular,2,0,2,Metropolitana,SANTIAGO,LAS CONDES,Postítulo,Diplomado (desde un semestre),Postítulo,Licenciatura,VIGENTE CON ALUMNOS NUEVOS,Monto en UF,0,70,0.0,Salud,Salud y Servicios Sociales,Medicina,Postítulo en Salud,Salud y Bienestar,Salud,NO ACREDITADA,ACREDITADA,14/12/2022 - 14/12/2028,6.0,0,0,1
2024,2050378,I34S1C455J4V1,24663101.0,2,199905,25 a 29 años,2024,1,2024,1,Universidades,Universidades CRUCH,Universidades Privadas CRUCH,34,UNIVERSIDAD DE LOS ANDES,1,CASA CENTRAL (SANTIAGO),455,DIPLOMADO EN MEDICINA DEL SUEÑO,No Presencial,A Distancia,1,Plan Regular,2,0,2,Metropolitana,SANTIAGO,LAS CONDES,Postítulo,Diplomado (desde un semestre),Postítulo,Título Profesional,VIGENTE CON ALUMNOS NUEVOS,Monto en UF,0,70,0.0,Salud,Salud y Servicios Sociales,Medicina,Postítulo en Salud,Salud y Bienestar,Salud,NO ACREDITADA,ACREDITADA,14/12/2022 - 14/12/2028,6.0,0,0,1
2025,5288179,I45S4C538J2V2,1835521.0,1,199911,25 a 29 años,2025,2,2025,2,Universidades,Universidades Privadas,Universidades Privadas,45,UNIVERSIDAD DEL DESARROLLO,4,SEDE SANTIAGO (S.C. APOQUINDO),538,MAGISTER EN GESTION DE LA SUSTENTABILIDAD,Presencial,Vespertina,2,Plan Regular,3,1,3,Metropolitana,SANTIAGO,LAS CONDES,Postgrado,Magister,Magister,Licenciatura,VIGENTE SIN ALUMNOS NUEVOS,Monto en Pesos,0,0,0.0,Administración y Comercio,"Ciencias Sociales, Enseñanza Comercial y Derecho",Enseñanza Comercial y Administración,Magister en Administración y Comercio,Administración de Empresas y Derecho,Educación Comercial y Administración,NO ACREDITADA,ACREDITADA,17/12/2021 - 16/12/2027,6.0,0,0,1
2025,5380389,I86S1C1504J4V1,12786506.0,1,199902,25 a 29 años,2025,1,2025,1,Universidades,Universidades CRUCH,Universidades Privadas CRUCH,86,PONTIFICIA UNIVERSIDAD CATOLICA DE CHILE,1,CASA CENTRAL,1504,DIPLOMADO EN QUIMICA DEL LITIO DESDE SU EXTRACCION HASTA LA PRODUCCION DE BATERIAS Y SU MARCO REGULATORIO,No Presencial,A Distancia,1,Plan Regular,2,0,2,Metropolitana,SANTIAGO,SANTIAGO,Postítulo,Diplomado (desde un semestre),Postítulo,Título Profesional,VIGENTE CON ALUMNOS NUEVOS,Monto en Pesos,0,2500000,0.0,Ciencias Básicas,Ciencias,Ciencias Físicas,Postítulo en Ciencias Básicas,"Ciencias naturales, matemáticas y estadística",Ciencias Físicas,NO ACREDITADA,ACREDITADA,01/12/2018 - 01/12/2025,7.0,0,0,1
2025,5393309,I86S1C1415J4V1,15546606.0,1,198703,35 a 39 años,2025,1,2025,1,Universidades,Universidades CRUCH,Universidades Privadas CRUCH,86,PONTIFICIA UNIVERSIDAD CATOLICA DE CHILE,1,CASA CENTRAL,1415,DIPLOMADO EN GESTION AGIL EN LAS ORGANIZACIONES,No Presencial,A Distancia,1,Plan Regular,2,0,2,Metropolitana,SANTIAGO,SANTIAGO,Postítulo,Diplomado (desde un semestre),Postítulo,Título Profesional,VIGENTE CON ALUMNOS NUEVOS,Monto en Pesos,0,2060000,0.0,Administración y Comercio,"Ciencias Sociales, Enseñanza Comercial y Derecho",Enseñanza Comercial y Administración,Postítulo en Administración y Comercio,Administración de Empresas y Derecho,Educación Comercial y Administración,NO ACREDITADA,ACREDITADA,01/12/2018 - 01/12/2025,7.0,0,0,1
2024,2103825,I86S1C707J3V1,27830612.0,1,199101,30 a 34 años,2024,1,2024,1,Universidades,Universidades CRUCH,Universidades Privadas CRUCH,86,PONTIFICIA UNIVERSIDAD CATOLICA DE CHILE,1,CASA CENTRAL,707,DIPLOMADO EN ANATOMIA HUMANA,Semipresencial,Semipresencial,1,Plan Regular,2,0,2,Metropolitana,SANTIAGO,SANTIAGO,Postítulo,Diplomado (desde un semestre),Postítulo,Título Profesional,VIGENTE CON ALUMNOS NUEVOS,Monto en Pesos,0,0,0.0,Salud,Salud y Servicios Sociales,Medicina,Postítulo en Salud,Salud y Bienestar,Salud,NO ACREDITADA,ACREDITADA,01/12/2018 - 01/12/2025,7.0,0,0,1
2025,5385326,I86S1C1469J4V1,16281623.0,1,199510,25 a 29 años,2025,1,2025,1,Universidades,Universidades CRUCH,Universidades Privadas CRUCH,86,PONTIFICIA UNIVERSIDAD CATOLICA DE CHILE,1,CASA CENTRAL,1469,DIPLOMADO EN MEDICINA INTENSIVA,No Presencial,A Distancia,1,Plan Regular,2,0,2,Metropolitana,SANTIAGO,SANTIAGO,Postítulo,Diplomado (desde un semestre),Postítulo,Título Profesional,VIGENTE CON ALUMNOS NUEVOS,Monto en Pesos,0,0,0.0,Salud,Salud y Servicios Sociales,Medicina,Postítulo en Salud,Salud y Bienestar,Salud,NO ACREDITADA,ACREDITADA,01/12/2018 - 01/12/2025,7.0,0,0,1
2025,3035823,I86S5C535J1V1,11387532.0,2,200506,20 a 24 años,2023,1,2023,1,Universidades,Universidades CRUCH,Universidades Privadas CRUCH,86,PONTIFICIA UNIVERSIDAD CATOLICA DE CHILE,5,CAMPUS SAN JOAQUIN,535,KINESIOLOGIA,Presencial,Diurna,1,Plan Regular,10,0,10,Metropolitana,SANTIAGO,MACUL,Pregrado,Profesional Con Licenciatura,Carreras Profesionales,Educación Media,VIGENTE CON ALUMNOS NUEVOS,Monto en Pesos,185700,6830000,12061.0,Salud,Salud y Servicios Sociales,Medicina,Kinesiología,Salud y Bienestar,Salud,NO ACREDITADA,ACREDITADA,01/12/2018 - 01/12/2025,7.0,0,0,1
2025,2960659,I86S5C131J1V2,5917874.0,2,200611,15 a 19 años,2025,1,2025,1,Universidades,Universidades CRUCH,Universidades Privadas CRUCH,86,PONTIFICIA UNIVERSIDAD CATOLICA DE CHILE,5,CAMPUS SAN JOAQUIN,131,INGENIERIA CIVIL,Presencial,Diurna,2,Plan Regular,11,0,11,Metropolitana,SANTIAGO,MACUL,Pregrado,Profesional Con Licenciatura,Carreras Profesionales,Educación Media,VIGENTE CON ALUMNOS NUEVOS,Monto en Pesos,185700,9498000,12039.0,Tecnología,"Ingeniería, Industria y Construcción",Ingeniería y Profesiones Afines,"Ingeniería Civil, plan común y licenciatura en Ciencias de la Ingeniería","Ingeniería, Industria y Construcción",Ingeniería y Profesiones Afines,NO ACREDITADA,ACREDITADA,01/12/2018 - 01/12/2025,7.0,0,0,1
2024,514211,I10S6C675J1V1,24167382.0,2,200605,15 a 19 años,2024,1,2024,1,Universidades,Universidades Privadas,Universidades Privadas,10,UNIVERSIDAD MAYOR,6,SEDE HUECHURABA,675,BACHILLERATO EN CIENCIAS DE LA SALUD,Presencial,Diurna,1,Plan Regular,2,0,2,Metropolitana,SANTIAGO,HUECHURABA,Pregrado,"Bachillerato, Ciclo Inicial o Plan Común",Carreras Profesionales,Educación Media,VIGENTE CON ALUMNOS NUEVOS,Monto en Pesos,525100,5014618,39135.0,Salud,Salud y Servicios Sociales,Medicina,Bachillerato y/o Licenciatura en Salud,Salud y Bienestar,Salud,NO ACREDITADA,ACREDITADA,27/10/2021 - 27/10/2026,5.0,0,0,1
2025,3234814,I39S6C8J1V1,6463111.0,2,200212,20 a 24 años,2021,1,2021,1,Universidades,Universidades Privadas,Universidades Privadas,39,UNIVERSIDAD SAN SEBASTIAN,6,SEDE SANTIAGO,8,MEDICINA,Presencial,Diurna,1,Plan Regular,14,2,14,Metropolitana,SANTIAGO,SANTIAGO,Pregrado,Profesional Con Licenciatura,Carreras Profesionales,Educación Media,VIGENTE CON ALUMNOS NUEVOS,Monto en Pesos,675900,11106900,50925.0,Salud,Salud y Servicios Sociales,Medicina,Medicina,Salud y Bienestar,Salud,ACREDITADA,ACREDITADA,28/10/2021 - 28/10/2026,5.0,0,0,1
2025,3301991,I39S6C18J1V1,4207478.0,1,199902,25 a 29 años,2023,1,2023,1,Universidades,Universidades Privadas,Universidades Privadas,39,UNIVERSIDAD SAN SEBASTIAN,6,SEDE SANTIAGO,18,ODONTOLOGIA,Presencial,Diurna,1,Plan Regular,12,1,12,Metropolitana,SANTIAGO,SANTIAGO,Pregrado,Profesional Con Licenciatura,Carreras Profesionales,Educación Media,VIGENTE CON ALUMNOS NUEVOS,Monto en Pesos,675900,11062100,50810.0,Salud,Salud y Servicios Sociales,Medicina,Odontología,Salud y Bienestar,Salud,ACREDITADA,ACREDITADA,28/10/2021 - 28/10/2026,5.0,0,0,1
2025,3535695,I10S4C18J1V1,3176448.0,2,200409,20 a 24 años,2023,1,2023,1,Universidades,Universidades Privadas,Universidades Privadas,10,UNIVERSIDAD MAYOR,4,SEDE TEMUCO,18,MEDICINA,Presencial,Diurna,1,Plan Regular,14,0,14,La Araucanía,CAUTIN,TEMUCO,Pregrado,Profesional Con Licenciatura,Carreras Profesionales,Educación Media,VIGENTE CON ALUMNOS NUEVOS,Monto en Pesos,1127800,10665240,39411.0,Salud,Salud y Servicios Sociales,Medicina,Medicina,Salud y Bienestar,Salud,ACREDITADA,ACREDITADA,27/10/2021 - 27/10/2026,5.0,0,0,1
2025,3301689,I39S8C407J1V1,16070258.0,2,200205,20 a 24 años,2022,1,2022,1,Universidades,Universidades Privadas,Universidades Privadas,39,UNIVERSIDAD SAN SEBASTIAN,8,SEDE PATAGONIA (PUERTO MONTT),407,PEDAGOGIA EN INGLES,Presencial,Diurna,1,Plan Regular,10,1,10,Los Lagos,LLANQUIHUE,PUERTO MONTT,Pregrado,Profesional Con Licenciatura,Carreras Profesionales,Educación Media,VIGENTE CON ALUMNOS NUEVOS,Monto en Pesos,173400,3753300,50215.0,Educación,Educación,Formación de Personal Docente y Ciencias de la Educación,Pedagogía en Idiomas,Educación,Educación,ACREDITADA,ACREDITADA,28/10/2021 - 28/10/2026,5.0,0,0,1
2025,3546034,I20S3C37J1V1,9241375.0,2,200503,20 a 24 años,2024,1,2024,1,Universidades,Universidades Privadas,Universidades Privadas,20,UNIVERSIDAD ANDRES BELLO,3,SEDE VIÑA DEL MAR,37,ODONTOLOGIA,Presencial,Diurna,1,Plan Regular,12,0,12,Valparaíso,VALPARAISO,VIÑA DEL MAR,Pregrado,Profesional Con Licenciatura,Carreras Profesionales,Educación Media,VIGENTE CON ALUMNOS NUEVOS,Monto en Pesos,874000,9736000,41099.0,Salud,Salud y Servicios Sociales,Medicina,Odontología,Salud y Bienestar,Salud,ACREDITADA,ACREDITADA,25/12/2022 - 25/12/2028,6.0,0,0,1
2025,3296344,I39S7C28J1V1,7607548.0,1,200503,20 a 24 años,2023,1,2023,1,Universidades,Universidades Privadas,Universidades Privadas,39,UNIVERSIDAD SAN SEBASTIAN,7,SEDE VALDIVIA,28,QUIMICA Y FARMACIA,Presencial,Diurna,1,Plan Regular,10,1,10,Los Ríos,VALDIVIA,VALDIVIA,Pregrado,Profesional Con Licenciatura,Carreras Profesionales,Educación Media,VIGENTE CON ALUMNOS NUEVOS,Monto en Pesos,253400,5289900,50529.0,Salud,Salud y Servicios Sociales,Medicina,Química y Farmacia,Salud y Bienestar,Salud,NO ACREDITADA,ACREDITADA,28/10/2021 - 28/10/2026,5.0,0,0,1
2025,3158123,I39S8C17J1V1,4909433.0,2,200705,15 a 19 años,2025,1,2025,1,Universidades,Universidades Privadas,Universidades Privadas,39,UNIVERSIDAD SAN SEBASTIAN,8,SEDE PATAGONIA (PUERTO MONTT),17,MEDICINA VETERINARIA,Presencial,Diurna,1,Plan Regular,10,1,10,Los Lagos,LLANQUIHUE,PUERTO MONTT,Pregrado,Profesional Con Licenciatura,Carreras Profesionales,Educación Media,VIGENTE CON ALUMNOS NUEVOS,Monto en Pesos,253400,5576100,50233.0,Agropecuaria,Agricultura,Veterinaria,Medicina Veterinaria,"Agricultura, Silvicultura, Pesca y Veterinaria",Veterinaria,ACREDITADA,ACREDITADA,28/10/2021 - 28/10/2026,5.0,0,0,1
2025,3996445,I162S2C79J4V1,6889505.0,2,199110,30 a 34 años,2025,1,2025,1,Institutos Profesionales,Institutos Profesionales,Institutos Profesionales,162,IP SAN SEBASTIAN,2,CASA CENTRAL (SANTIAGO),79,TECNICO EN LOGISTICA,No Presencial,A Distancia,1,Plan Regular,5,0,5,Metropolitana,SANTIAGO,SANTIAGO,Pregrado,Técnico de Nivel Superior,Carreras Técnicas,Educación Media,VIGENTE CON ALUMNOS NUEVOS,Monto en Pesos,177000,1980000,,Administración y Comercio,"Ciencias Sociales, Enseñanza Comercial y Derecho",Enseñanza Comercial y Administración,Técnico en Logística,Administración de Empresas y Derecho,Educación Comercial y Administración,NO ACREDITADA,ACREDITADA,02/03/2022 - 02/03/2025,3.0,0,55000,1
2025,3404455,I10S4C188J1V2,7058225.0,2,200609,15 a 19 años,2025,1,2025,1,Universidades,Universidades Privadas,Universidades Privadas,10,UNIVERSIDAD MAYOR,4,SEDE TEMUCO,188,AGRONOMIA,Presencial,Diurna,2,Plan Regular,10,1,10,La Araucanía,CAUTIN,TEMUCO,Pregrado,Profesional Con Licenciatura,Carreras Profesionales,Educación Media,VIGENTE CON ALUMNOS NUEVOS,Monto en Pesos,575400,5414118,39425.0,Agropecuaria,Agricultura,"Agricultura, Silvicultura y Pesca",Agronomía,"Agricultura, Silvicultura, Pesca y Veterinaria",Agricultura,ACREDITADA,ACREDITADA,27/10/2021 - 27/10/2026,5.0,0,240000,1
2024,266485,I92S2C6J1V1,24735004.0,2,200409,15 a 19 años,2024,1,2024,1,Universidades,Universidades CRUCH,Universidades Privadas CRUCH,92,UNIVERSIDAD CATOLICA DEL MAULE,2,SEDE CURICO,6,ENFERMERIA,Presencial,Diurna,1,Plan Regular,10,0,10,Maule,CURICO,CURICO,Pregrado,Profesional Con Licenciatura,Carreras Profesionales,Educación Media,VIGENTE CON ALUMNOS NUEVOS,Monto en Pesos,176400,5402000,35006.0,Salud,Salud y Servicios Sociales,Medicina,Enfermería,Salud y Bienestar,Salud,ACREDITADA,ACREDITADA,20/01/2021 - 20/01/2026,5.0,0,245000,1
2025,3081694,I89S3C84J1V1,11685408.0,2,200602,15 a 19 años,2025,1,2025,1,Universidades,Universidades CRUCH,Universidades Privadas CRUCH,89,PONTIFICIA UNIVERSIDAD CATOLICA DE VALPARAISO,3,VIÑA DEL MAR,84,PSICOLOGIA,Presencial,Diurna,1,Plan Regular,10,0,10,Valparaíso,VALPARAISO,VIÑA DEL MAR,Pregrado,Profesional Con Licenciatura,Carreras Profesionales,Educación Media,VIGENTE CON ALUMNOS NUEVOS,Monto en Pesos,268000,6295000,14040.0,Ciencias Sociales,"Ciencias Sociales, Enseñanza Comercial y Derecho",Ciencias Sociales y del Comportamiento,Psicología,"Ciencias Sociales, Periodismo e Información",Ciencias Sociales y del Comportamiento,NO ACREDITADA,ACREDITADA,19/01/2022 - 19/01/2029,7.0,0,82600,1
2025,2919713,I92S2C364J1V1,171721.0,2,200412,20 a 24 años,2025,1,2025,1,Universidades,Universidades CRUCH,Universidades Privadas CRUCH,92,UNIVERSIDAD CATOLICA DEL MAULE,2,SEDE CURICO,364,TERAPIA OCUPACIONAL,Presencial,Diurna,1,Plan Regular,10,0,10,Maule,CURICO,CURICO,Pregrado,Profesional Con Licenciatura,Carreras Profesionales,Educación Media,VIGENTE CON ALUMNOS NUEVOS,Monto en Pesos,184500,5142000,35080.0,Salud,Salud y Servicios Sociales,Medicina,Terapia Ocupacional,Salud y Bienestar,Salud,NO ACREDITADA,ACREDITADA,20/01/2021 - 20/01/2026,5.0,0,256300,1
2024,116182,I45S2C32J1V1,24359509.0,1,200001,20 a 24 años,2020,1,2020,1,Universidades,Universidades Privadas,Universidades Privadas,45,UNIVERSIDAD DEL DESARROLLO,2,SEDE SANTIAGO (LAS CONDES),32,MEDICINA,Presencial,Diurna,1,Plan Regular,14,0,14,Metropolitana,SANTIAGO,LAS CONDES,Pregrado,Profesional Con Licenciatura,Carreras Profesionales,Educación Media,VIGENTE SIN ALUMNOS NUEVOS,Monto en UF,40,314,0.0,Salud,Salud y Servicios Sociales,Medicina,Medicina,Salud y Bienestar,Salud,ACREDITADA,ACREDITADA,17/12/2021 - 16/12/2027,6.0,0,1,1
2025,3493694,I13S11C31J1V1,15125381.0,2,200510,15 a 19 años,2024,1,2024,1,Universidades,Universidades Privadas,Universidades Privadas,13,UNIVERSIDAD SANTO TOMAS,11,SEDE PUERTO MONTT,31,KINESIOLOGIA,Presencial,Diurna,1,Plan Regular,10,0,10,Los Lagos,LLANQUIHUE,PUERTO MONTT,Pregrado,Profesional Con Licenciatura,Carreras Profesionales,Educación Media,VIGENTE CON ALUMNOS NUEVOS,Monto en Pesos,186000,4850000,55104.0,Salud,Salud y Servicios Sociales,Medicina,Kinesiología,Salud y Bienestar,Salud,NO ACREDITADA,ACREDITADA,31/03/2021 - 31/03/2025,4.0,0,110000,1
2025,2912702,I13S4C13J1V1,3835533.0,2,200508,15 a 19 años,2024,1,2024,1,Universidades,Universidades Privadas,Universidades Privadas,13,UNIVERSIDAD SANTO TOMAS,4,SEDE ANTOFAGASTA,13,ENFERMERIA,Presencial,Diurna,1,Plan Regular,10,0,10,Antofagasta,ANTOFAGASTA,ANTOFAGASTA,Pregrado,Profesional Con Licenciatura,Carreras Profesionales,Educación Media,VIGENTE CON ALUMNOS NUEVOS,Monto en Pesos,186000,5121000,55012.0,Salud,Salud y Servicios Sociales,Medicina,Enfermería,Salud y Bienestar,Salud,NO ACREDITADA,ACREDITADA,31/03/2021 - 31/03/2025,4.0,0,110000,1
2025,3425137,I123S2C210J4V2,6649433.0,1,200006,25 a 29 años,1900,0,2024,1,Institutos Profesionales,Institutos Profesionales,Institutos Profesionales,123,IP DE CHILE,2,CASA CENTRAL (SANTIAGO),210,INGENIERIA EN MINAS MENCION METALURGICA EXTRACTIVA,No Presencial,A Distancia,2,Plan Regular de Continuidad,4,1,4,Metropolitana,SANTIAGO,SANTIAGO,Pregrado,Profesional Sin Licenciatura,Carreras Profesionales,Técnico de Nivel Superior,VIGENTE CON ALUMNOS NUEVOS,Monto en Pesos,151000,1580000,,Tecnología,"Ingeniería, Industria y Construcción",Industria y Producción,Ingeniería en Minas,"Ingeniería, Industria y Construcción",Industria y Producción,NO ACREDITADA,ACREDITADA,18/03/2025 - 18/03/2029,4.0,0,11000,11
2025,5309444,I89S3C208J1V2,16169768.0,1,199410,30 a 34 años,2025,1,2025,1,Universidades,Universidades CRUCH,Universidades Privadas CRUCH,89,PONTIFICIA UNIVERSIDAD CATOLICA DE VALPARAISO,3,VIÑA DEL MAR,208,DOCTORADO EN FILOSOFIA,Presencial,Diurna,2,Plan Regular,8,0,8,Valparaíso,VALPARAISO,VIÑA DEL MAR,Postgrado,Doctorado,Doctorado,Licenciatura,VIGENTE CON ALUMNOS NUEVOS,Monto en Pesos,272000,4005000,0.0,Humanidades,Humanidades y Artes,Humanidades,Doctorado en Humanidades,Artes y Humanidades,Humanidades,ACREDITADA,ACREDITADA,19/01/2022 - 19/01/2029,7.0,0,41300,1
2025,2922861,I22S1C338J4V3,11965663.0,2,199106,30 a 34 años,1900,0,2025,1,Universidades,Universidades Privadas,Universidades Privadas,22,UNIVERSIDAD DE VIÑA DEL MAR,1,CASA CENTRAL (VIÑA DEL MAR),338,PEDAGOGIA DE EDUCACION DIFERENCIAL MENCION DISCAPACIDAD INTELECTUAL,No Presencial,A Distancia,3,Plan Regular de Continuidad,4,0,4,Valparaíso,VALPARAISO,VIÑA DEL MAR,Pregrado,Profesional Con Licenciatura,Carreras Profesionales,Título Profesional,VIGENTE CON ALUMNOS NUEVOS,Monto en Pesos,340000,2730000,0.0,Educación,Educación,Formación de Personal Docente y Ciencias de la Educación,Pedagogía en Educación Diferencial,Educación,Educación,NO ACREDITADA,ACREDITADA,04/01/2023 - 04/01/2027,4.0,0,84700,5
2025,3424470,I123S1C18J1V1,12793507.0,2,200609,15 a 19 años,2025,1,2025,1,Institutos Profesionales,Institutos Profesionales,Institutos Profesionales,123,IP DE CHILE,1,SEDE LA SERENA,18,TRABAJO SOCIAL,Presencial,Diurna,1,Plan Regular,8,1,8,Coquimbo,ELQUI,LA SERENA,Pregrado,Profesional Sin Licenciatura,Carreras Profesionales,Educación Media,VIGENTE CON ALUMNOS NUEVOS,Monto en Pesos,151000,1815000,,Ciencias Sociales,Salud y Servicios Sociales,Servicios Sociales,Trabajo Social,Salud y Bienestar,Bienestar,NO ACREDITADA,ACREDITADA,18/03/2025 - 18/03/2029,4.0,0,11000,1
2025,3118584,I902S1C21J1V1,9185473.0,2,200609,15 a 19 años,2025,1,2025,1,Centros de Formación Técnica,Centros de Formación Técnica,Centros de Formación Técnica Estatales,902,CFT DE LA REGION DE ARICA Y PARINACOTA,1,CAMPUS LAS ACACIAS,21,TECNICO DE NIVEL SUPERIOR EN LABORATORIO CLINICO BANCO DE SANGRE E IMAGENOLOGIA,Presencial,Diurna,1,Plan Regular,5,1,5,Arica y Parinacota,ARICA,ARICA,Pregrado,Técnico de Nivel Superior,Carreras Técnicas,Educación Media,VIGENTE CON ALUMNOS NUEVOS,Monto en Pesos,0,2193376,,Salud,Salud y Servicios Sociales,Medicina,Técnico en Laboratorio Clínico,Salud y Bienestar,Salud,NO ACREDITADA,BAJO TUTELA,,,0,50000,1
2025,3155082,I3S1C54J1V1,11093932.0,2,200408,20 a 24 años,2025,1,2025,1,Universidades,Universidades CRUCH,Universidades Privadas CRUCH,3,UNIVERSIDAD DIEGO PORTALES,1,CASA CENTRAL (SANTIAGO),54,LITERATURA CREATIVA,Presencial,Diurna,1,Plan Regular,8,0,8,Metropolitana,SANTIAGO,SANTIAGO,Pregrado,Licenciatura No Conducente a Título,Carreras Profesionales,Educación Media,VIGENTE CON ALUMNOS NUEVOS,Monto en Pesos,603000,6015000,38166.0,Humanidades,Humanidades y Artes,Humanidades,Licenciatura en Letras y Literatura,Artes y Humanidades,Idiomas,NO ACREDITADA,ACREDITADA,15/11/2023 - 15/11/2029,6.0,0,310000,1
2025,3802820,I77S1C109J2V2,2576974.0,1,200512,15 a 19 años,2024,1,2024,1,Universidades,Universidades CRUCH,Universidades Estatales CRUCH,77,UNIVERSIDAD DE MAGALLANES,1,CASA CENTRAL (PUNTA ARENAS),109,TECNICO DE NIVEL SUPERIOR EN ADMINISTRACION,Presencial,Vespertina,2,Plan Regular,4,0,4,Magallanes,MAGALLANES,PUNTA ARENAS,Pregrado,Técnico de Nivel Superior,Carreras Técnicas,Educación Media,VIGENTE CON ALUMNOS NUEVOS,Monto en Pesos,159000,2023000,0.0,Administración y Comercio,"Ciencias Sociales, Enseñanza Comercial y Derecho",Enseñanza Comercial y Administración,Técnico en Administración de Empresas,Administración de Empresas y Derecho,Educación Comercial y Administración,NO ACREDITADA,ACREDITADA,31/12/2023 - 31/12/2028,5.0,0,36000,1
2025,3802830,I77S1C109J2V2,6920625.0,2,200301,20 a 24 años,2023,1,2023,1,Universidades,Universidades CRUCH,Universidades Estatales CRUCH,77,UNIVERSIDAD DE MAGALLANES,1,CASA CENTRAL (PUNTA ARENAS),109,TECNICO DE NIVEL SUPERIOR EN ADMINISTRACION,Presencial,Vespertina,2,Plan Regular,4,0,4,Magallanes,MAGALLANES,PUNTA ARENAS,Pregrado,Técnico de Nivel Superior,Carreras Técnicas,Educación Media,VIGENTE CON ALUMNOS NUEVOS,Monto en Pesos,159000,2023000,0.0,Administración y Comercio,"Ciencias Sociales, Enseñanza Comercial y Derecho",Enseñanza Comercial y Administración,Técnico en Administración de Empresas,Administración de Empresas y Derecho,Educación Comercial y Administración,NO ACREDITADA,ACREDITADA,31/12/2023 - 31/12/2028,5.0,0,36000,1
2025,3003983,I70S1C83J1V1,7454396.0,2,200607,15 a 19 años,2025,1,2025,1,Universidades,Universidades CRUCH,Universidades Estatales CRUCH,70,UNIVERSIDAD DE CHILE,1,SANTIAGO,83,LICENCIATURA EN LINGÜISTICA Y LITERATURA,Presencial,Diurna,1,Plan Regular,8,0,8,Metropolitana,SANTIAGO,SANTIAGO,Pregrado,Licenciatura No Conducente a Título,Carreras Profesionales,Educación Media,VIGENTE CON ALUMNOS NUEVOS,Monto en Pesos,196400,4188100,11072.0,Humanidades,Humanidades y Artes,Humanidades,Licenciatura en Letras y Literatura,Artes y Humanidades,Idiomas,NO ACREDITADA,ACREDITADA,22/12/2018 - 22/12/2025,7.0,0,93000,1
2025,3077798,I78S1C1J1V1,9106001.0,1,200606,15 a 19 años,2024,1,2024,1,Universidades,Universidades CRUCH,Universidades Estatales CRUCH,78,UNIVERSIDAD DE TALCA,1,CASA CENTRAL (TALCA),1,AGRONOMIA,Presencial,Diurna,1,Plan Regular,10,1,10,Maule,TALCA,TALCA,Pregrado,Profesional Con Licenciatura,Carreras Profesionales,Educación Media,VIGENTE CON ALUMNOS NUEVOS,Monto en Pesos,256000,5388216,34003.0,Agropecuaria,Agricultura,"Agricultura, Silvicultura y Pesca",Agronomía,"Agricultura, Silvicultura, Pesca y Veterinaria",Agricultura,NO ACREDITADA,ACREDITADA,27/11/2019 - 27/11/2025,6.0,0,247800,1
2025,3707811,I72S1C1J1V1,7610713.0,2,200401,20 a 24 años,2024,1,2024,1,Universidades,Universidades CRUCH,Universidades Estatales CRUCH,72,UNIVERSIDAD DE VALPARAISO,1,CASA CENTRAL (VALPARAISO),1,ARQUITECTURA,Presencial,Diurna,1,Plan Regular,12,2,12,Valparaíso,VALPARAISO,VALPARAISO,Pregrado,Profesional Con Licenciatura,Carreras Profesionales,Educación Media,VIGENTE CON ALUMNOS NUEVOS,Monto en Pesos,214000,5600000,19020.0,Arte y Arquitectura,"Ingeniería, Industria y Construcción",Arquitectura y Construcción,Arquitectura,"Ingeniería, Industria y Construcción",Arquitectura y Construcción,NO ACREDITADA,ACREDITADA,08/03/2023 - 08/03/2029,6.0,0,173000,1
2025,3699582,I72S1C1J1V1,10569651.0,2,200504,20 a 24 años,2023,1,2023,1,Universidades,Universidades CRUCH,Universidades Estatales CRUCH,72,UNIVERSIDAD DE VALPARAISO,1,CASA CENTRAL (VALPARAISO),1,ARQUITECTURA,Presencial,Diurna,1,Plan Regular,12,2,12,Valparaíso,VALPARAISO,VALPARAISO,Pregrado,Profesional Con Licenciatura,Carreras Profesionales,Educación Media,VIGENTE CON ALUMNOS NUEVOS,Monto en Pesos,214000,5600000,19020.0,Arte y Arquitectura,"Ingeniería, Industria y Construcción",Arquitectura y Construcción,Arquitectura,"Ingeniería, Industria y Construcción",Arquitectura y Construcción,NO ACREDITADA,ACREDITADA,08/03/2023 - 08/03/2029,6.0,0,173000,1
2025,3700269,I72S1C3J1V1,8870810.0,1,200412,20 a 24 años,2023,1,2023,1,Universidades,Universidades CRUCH,Universidades Estatales CRUCH,72,UNIVERSIDAD DE VALPARAISO,1,CASA CENTRAL (VALPARAISO),3,BIOLOGIA MARINA,Presencial,Diurna,1,Plan Regular,10,2,10,Valparaíso,VALPARAISO,VALPARAISO,Pregrado,Profesional Con Licenciatura,Carreras Profesionales,Educación Media,VIGENTE CON ALUMNOS NUEVOS,Monto en Pesos,214000,4200000,19080.0,Ciencias Básicas,Ciencias,Ciencias de la Vida,Biología Marina y Ecología Marina,"Ciencias naturales, matemáticas y estadística",Ciencias Biológicas y Afines,NO ACREDITADA,ACREDITADA,08/03/2023 - 08/03/2029,6.0,0,173000,1
2025,3931575,I23S1C42J1V1,4771729.0,2,200311,20 a 24 años,2023,1,2023,1,Universidades,Universidades Privadas,Universidades Privadas,23,UNIVERSIDAD ADOLFO IBAÑEZ,1,CASA CENTRAL (VIÑA DEL MAR),42,PSICOLOGIA,Presencial,Diurna,1,Plan Regular,10,0,10,Valparaíso,VALPARAISO,VIÑA DEL MAR,Pregrado,Profesional Con Licenciatura,Carreras Profesionales,Educación Media,VIGENTE CON ALUMNOS NUEVOS,Monto en UF,21,180,42024.0,Ciencias Sociales,"Ciencias Sociales, Enseñanza Comercial y Derecho",Ciencias Sociales y del Comportamiento,Psicología,"Ciencias Sociales, Periodismo e Información",Ciencias Sociales y del Comportamiento,NO ACREDITADA,ACREDITADA,14/10/2021 - 14/10/2027,6.0,0,2,1
2025,2891694,I74S1C19J1V2,12276487.0,1,200605,15 a 19 años,2025,1,2025,1,Universidades,Universidades CRUCH,Universidades Estatales CRUCH,74,UNIVERSIDAD DE LA SERENA,1,LA SERENA,19,INGENIERIA CIVIL DE MINAS,Presencial,Diurna,2,Plan Regular,10,0,10,Coquimbo,ELQUI,LA SERENA,Pregrado,Profesional Con Licenciatura,Carreras Profesionales,Educación Media,VIGENTE CON ALUMNOS NUEVOS,Monto en Pesos,218500,4105000,25003.0,Tecnología,"Ingeniería, Industria y Construcción",Industria y Producción,Ingeniería Civil en Minas,"Ingeniería, Industria y Construcción",Industria y Producción,NO ACREDITADA,ACREDITADA,03/11/2021 - 03/11/2026,5.0,0,240400,1
2025,3077096,I89S1C421J1V1,1626868.0,1,200601,15 a 19 años,2024,1,2024,1,Universidades,Universidades CRUCH,Universidades Privadas CRUCH,89,PONTIFICIA UNIVERSIDAD CATOLICA DE VALPARAISO,1,VALPARAISO,421,INGENIERIA CIVIL EN CONSTRUCCION,Presencial,Diurna,1,Plan Regular,11,0,11,Valparaíso,VALPARAISO,VALPARAISO,Pregrado,Profesional Con Licenciatura,Carreras Profesionales,Educación Media,VIGENTE CON ALUMNOS NUEVOS,Monto en Pesos,268000,6168000,14099.0,Tecnología,"Ingeniería, Industria y Construcción",Arquitectura y Construcción,Ingeniería Civil en Obras Civiles,"Ingeniería, Industria y Construcción",Arquitectura y Construcción,NO ACREDITADA,ACREDITADA,19/01/2022 - 19/01/2029,7.0,0,82600,1
2025,3086243,I3S1C8J1V1,11055941.0,2,200304,20 a 24 años,2022,1,2022,1,Universidades,Universidades CRUCH,Universidades Privadas CRUCH,3,UNIVERSIDAD DIEGO PORTALES,1,CASA CENTRAL (SANTIAGO),8,PERIODISMO,Presencial,Diurna,1,Plan Regular,9,0,9,Metropolitana,SANTIAGO,SANTIAGO,Pregrado,Profesional Con Licenciatura,Carreras Profesionales,Educación Media,VIGENTE CON ALUMNOS NUEVOS,Monto en Pesos,701000,6999000,38009.0,Ciencias Sociales,"Ciencias Sociales, Enseñanza Comercial y Derecho",Periodismo e Información,Periodismo,"Ciencias Sociales, Periodismo e Información",Periodismo e Información,NO ACREDITADA,ACREDITADA,15/11/2023 - 15/11/2029,6.0,0,310000,1
2025,3013279,I70S1C66J1V1,9487796.0,2,200606,15 a 19 años,2025,1,2025,1,Universidades,Universidades CRUCH,Universidades Estatales CRUCH,70,UNIVERSIDAD DE CHILE,1,SANTIAGO,66,KINESIOLOGIA,Presencial,Diurna,1,Plan Regular,10,0,10,Metropolitana,SANTIAGO,SANTIAGO,Pregrado,Profesional Con Licenciatura,Carreras Profesionales,Educación Media,VIGENTE CON ALUMNOS NUEVOS,Monto en Pesos,196400,5970100,11082.0,Salud,Salud y Servicios Sociales,Medicina,Kinesiología,Salud y Bienestar,Salud,NO ACREDITADA,ACREDITADA,22/12/2018 - 22/12/2025,7.0,0,139000,1
2025,3007963,I70S1C814J1V1,2051979.0,1,200506,20 a 24 años,2023,1,2023,1,Universidades,Universidades CRUCH,Universidades Estatales CRUCH,70,UNIVERSIDAD DE CHILE,1,SANTIAGO,814,CONTADOR AUDITOR,Presencial,Diurna,1,Plan Regular,10,0,10,Metropolitana,SANTIAGO,SANTIAGO,Pregrado,Profesional Con Licenciatura,Carreras Profesionales,Educación Media,VIGENTE CON ALUMNOS NUEVOS,Monto en Pesos,196400,6798900,11026.0,Administración y Comercio,"Ciencias Sociales, Enseñanza Comercial y Derecho",Enseñanza Comercial y Administración,Contador Auditor,Administración de Empresas y Derecho,Educación Comercial y Administración,NO ACREDITADA,ACREDITADA,22/12/2018 - 22/12/2025,7.0,0,139000,1
2025,2854383,I31S2C51J1V1,11201611.0,1,200401,20 a 24 años,2025,1,2025,1,Universidades,Universidades Privadas,Universidades Privadas,31,UNIVERSIDAD AUTONOMA DE CHILE,2,SEDE TALCA,51,MEDICINA,Presencial,Diurna,1,Plan Regular,14,1,14,Maule,TALCA,TALCA,Pregrado,Profesional Con Licenciatura,Carreras Profesionales,Educación Media,VIGENTE CON ALUMNOS NUEVOS,Monto en Pesos,638000,10115000,49204.0,Salud,Salud y Servicios Sociales,Medicina,Medicina,Salud y Bienestar,Salud,ACREDITADA,ACREDITADA,29/10/2019 - 29/10/2024,5.0,556325,70000,1
2025,2928004,I81S3C69J1V1,5582431.0,2,200502,20 a 24 años,2023,1,2023,1,Universidades,Universidades CRUCH,Universidades Estatales CRUCH,81,UNIVERSIDAD ARTURO PRAT,3,SEDE VICTORIA,69,KINESIOLOGIA,Presencial,Diurna,1,Plan Regular,10,0,10,La Araucanía,MALLECO,VICTORIA,Pregrado,Profesional Con Licenciatura,Carreras Profesionales,Educación Media,VIGENTE CON ALUMNOS NUEVOS,Monto en Pesos,209000,3641000,23068.0,Salud,Salud y Servicios Sociales,Medicina,Kinesiología,Salud y Bienestar,Salud,NO ACREDITADA,ACREDITADA,06/07/2022 - 06/07/2027,5.0,209000,400000,1
2025,3139718,I87S3C38J1V1,10086972.0,2,200504,20 a 24 años,2024,1,2024,1,Universidades,Universidades CRUCH,Universidades Privadas CRUCH,87,UNIVERSIDAD DE CONCEPCION,3,SEDE LOS ANGELES,38,ENFERMERIA,Presencial,Diurna,1,Plan Regular,10,0,10,Biobío,BIOBIO,LOS ANGELES,Pregrado,Profesional Con Licenciatura,Carreras Profesionales,Educación Media,VIGENTE CON ALUMNOS NUEVOS,Monto en Pesos,167200,5894972,13104.0,Salud,Salud y Servicios Sociales,Medicina,Enfermería,Salud y Bienestar,Salud,ACREDITADA,ACREDITADA,22/11/2023 - 22/11/2030,7.0,31500,12500,1
2025,2933594,I85S4C531J1V1,3016923.0,2,199206,30 a 34 años,2025,1,2025,1,Universidades,Universidades CRUCH,Universidades Estatales CRUCH,85,UNIVERSIDAD TECNOLOGICA METROPOLITANA,4,SEDE MACUL,531,QUIMICA Y FARMACIA,Presencial,Diurna,1,Plan Regular,10,0,10,Metropolitana,SANTIAGO,ÑUÑOA,Pregrado,Profesional Con Licenciatura,Carreras Profesionales,Educación Media,VIGENTE CON ALUMNOS NUEVOS,Monto en Pesos,90000,4500000,21056.0,Salud,Salud y Servicios Sociales,Medicina,Química y Farmacia,Salud y Bienestar,Salud,NO ACREDITADA,ACREDITADA,01/09/2021 - 01/09/2025,4.0,46000,169000,1
2025,2854425,I31S3C11J1V1,15220757.0,1,200506,20 a 24 años,2025,1,2025,1,Universidades,Universidades Privadas,Universidades Privadas,31,UNIVERSIDAD AUTONOMA DE CHILE,3,CAMPUS EL LLANO,11,INGENIERIA EN CONSTRUCCION,Presencial,Diurna,1,Plan Regular,10,1,10,Metropolitana,SANTIAGO,SAN MIGUEL,Pregrado,Profesional Con Licenciatura,Carreras Profesionales,Educación Media,VIGENTE CON ALUMNOS NUEVOS,Monto en Pesos,322000,5575000,49106.0,Tecnología,"Ingeniería, Industria y Construcción",Arquitectura y Construcción,Ingeniería en Construcción,"Ingeniería, Industria y Construcción",Arquitectura y Construcción,NO ACREDITADA,ACREDITADA,29/10/2019 - 29/10/2024,5.0,306625,70000,1
2025,3591819,I19S5C9J1V1,16735975.0,2,199507,25 a 29 años,2024,2,2024,2,Universidades,Universidades Privadas,Universidades Privadas,19,UNIVERSIDAD DE LAS AMERICAS,5,SEDE CONCEPCION,9,PSICOLOGIA,Presencial,Diurna,1,Plan Regular,10,0,10,Biobío,CONCEPCION,CONCEPCION,Pregrado,Profesional Con Licenciatura,Carreras Profesionales,Educación Media,VIGENTE CON ALUMNOS NUEVOS,Monto en Pesos,220000,5400000,56624.0,Ciencias Sociales,"Ciencias Sociales, Enseñanza Comercial y Derecho",Ciencias Sociales y del Comportamiento,Psicología,"Ciencias Sociales, Periodismo e Información",Ciencias Sociales y del Comportamiento,NO ACREDITADA,ACREDITADA,18/03/2023 - 18/03/2028,5.0,191557,0,1
2025,3819544,I19S5C9J1V1,15943283.0,2,200111,20 a 24 años,2020,1,2020,1,Universidades,Universidades Privadas,Universidades Privadas,19,UNIVERSIDAD DE LAS AMERICAS,5,SEDE CONCEPCION,9,PSICOLOGIA,Presencial,Diurna,1,Plan Regular,10,0,10,Biobío,CONCEPCION,CONCEPCION,Pregrado,Profesional Con Licenciatura,Carreras Profesionales,Educación Media,VIGENTE CON ALUMNOS NUEVOS,Monto en Pesos,220000,5400000,56624.0,Ciencias Sociales,"Ciencias Sociales, Enseñanza Comercial y Derecho",Ciencias Sociales y del Comportamiento,Psicología,"Ciencias Sociales, Periodismo e Información",Ciencias Sociales y del Comportamiento,NO ACREDITADA,ACREDITADA,18/03/2023 - 18/03/2028,5.0,191557,0,1
2025,3576005,I19S6C9J1V1,8064854.0,2,200301,20 a 24 años,2022,1,2022,1,Universidades,Universidades Privadas,Universidades Privadas,19,UNIVERSIDAD DE LAS AMERICAS,6,SEDE VIÑA DEL MAR,9,PSICOLOGIA,Presencial,Diurna,1,Plan Regular,10,0,10,Valparaíso,VALPARAISO,VIÑA DEL MAR,Pregrado,Profesional Con Licenciatura,Carreras Profesionales,Educación Media,VIGENTE CON ALUMNOS NUEVOS,Monto en Pesos,220000,5620000,56524.0,Ciencias Sociales,"Ciencias Sociales, Enseñanza Comercial y Derecho",Ciencias Sociales y del Comportamiento,Psicología,"Ciencias Sociales, Periodismo e Información",Ciencias Sociales y del Comportamiento,NO ACREDITADA,ACREDITADA,18/03/2023 - 18/03/2028,5.0,191557,0,1
2025,3655461,I19S2C37J1V1,1250177.0,2,200503,20 a 24 años,2024,1,2024,1,Universidades,Universidades Privadas,Universidades Privadas,19,UNIVERSIDAD DE LAS AMERICAS,2,CAMPUS LA FLORIDA,37,MEDICINA VETERINARIA,Presencial,Diurna,1,Plan Regular,10,0,10,Metropolitana,SANTIAGO,LA FLORIDA,Pregrado,Profesional Con Licenciatura,Carreras Profesionales,Educación Media,VIGENTE CON ALUMNOS NUEVOS,Monto en Pesos,220000,6200000,56318.0,Agropecuaria,Agricultura,Veterinaria,Medicina Veterinaria,"Agricultura, Silvicultura, Pesca y Veterinaria",Veterinaria,NO ACREDITADA,ACREDITADA,18/03/2023 - 18/03/2028,5.0,191557,0,1
2025,3774884,I84S2C408J1V2,1152206.0,1,199810,25 a 29 años,2024,1,2024,1,Universidades,Universidades CRUCH,Universidades Estatales CRUCH,84,UNIVERSIDAD DE LOS LAGOS,2,SEDE PUERTO MONTT,408,TECNICO UNIVERSITARIO EN ELECTROMECANICA MARITIMA,Presencial,Diurna,2,Plan Regular,5,0,5,Los Lagos,LLANQUIHUE,PUERTO MONTT,Pregrado,Técnico de Nivel Superior,Carreras Técnicas,Educación Media,VIGENTE CON ALUMNOS NUEVOS,Monto en Pesos,134000,2698000,0.0,Tecnología,"Ingeniería, Industria y Construcción",Ingeniería y Profesiones Afines,Técnico en Electromecánica,"Ingeniería, Industria y Construcción",Ingeniería y Profesiones Afines,NO ACREDITADA,ACREDITADA,09/09/2021 - 09/09/2026,5.0,165000,78000,1
2025,3240708,I88S2C204J1V3,5210635.0,1,200004,25 a 29 años,2025,1,2025,1,Universidades,Universidades CRUCH,Universidades Privadas CRUCH,88,UNIVERSIDAD TECNICA FEDERICO SANTA MARIA,2,SEDE VIÑA DEL MAR - JOSE MIGUEL CARRERA,204,TECNICO UNIVERSITARIO EN QUIMICA CON MENCION EN QUIMICA ANALITICA,Presencial,Diurna,3,Plan Regular,4,0,4,Valparaíso,VALPARAISO,VIÑA DEL MAR,Pregrado,Técnico de Nivel Superior,Carreras Técnicas,Educación Media,VIGENTE CON ALUMNOS NUEVOS,Monto en Pesos,260000,3070000,0.0,Ciencias Básicas,Ciencias,Ciencias Físicas,Técnico en Química (Análisis e Industrial),"Ciencias naturales, matemáticas y estadística",Ciencias Físicas,NO ACREDITADA,ACREDITADA,30/12/2022 - 30/12/2028,6.0,120000,3800,10
2025,2825486,I31S4C76J1V1,8573474.0,1,200208,20 a 24 años,2024,1,2024,1,Universidades,Universidades Privadas,Universidades Privadas,31,UNIVERSIDAD AUTONOMA DE CHILE,4,CAMPUS PROVIDENCIA,76,ODONTOLOGIA,Presencial,Diurna,1,Plan Regular,12,1,12,Metropolitana,SANTIAGO,PROVIDENCIA,Pregrado,Profesional Con Licenciatura,Carreras Profesionales,Educación Media,VIGENTE SIN ALUMNOS NUEVOS,Monto en Pesos,638000,10320000,0.0,Salud,Salud y Servicios Sociales,Medicina,Odontología,Salud y Bienestar,Salud,ACREDITADA,ACREDITADA,29/10/2019 - 29/10/2024,5.0,567600,70000,1
2025,3212080,I88S6C13J1V2,6917262.0,1,200406,20 a 24 años,2023,1,2023,1,Universidades,Universidades CRUCH,Universidades Privadas CRUCH,88,UNIVERSIDAD TECNICA FEDERICO SANTA MARIA,6,CAMPUS SANTIAGO SAN JOAQUIN,13,INGENIERIA CIVIL INFORMATICA,Presencial,Diurna,2,Plan Regular,11,0,11,Metropolitana,SANTIAGO,SAN JOAQUIN,Pregrado,Profesional Con Licenciatura,Carreras Profesionales,Educación Media,VIGENTE SIN ALUMNOS NUEVOS,Monto en Pesos,260000,6580000,0.0,Tecnología,Ciencias,Informática,Ingeniería Civil en Computación e Informática,Tecnología de la Información y la Comunicación (TIC),Tecnología de la Información y la Comunicación (TIC),NO ACREDITADA,ACREDITADA,30/12/2022 - 30/12/2028,6.0,120000,3800,1
2025,3583064,I19S2C9J3V2,5416541.0,2,200002,25 a 29 años,2024,1,2024,1,Universidades,Universidades Privadas,Universidades Privadas,19,UNIVERSIDAD DE LAS AMERICAS,2,CAMPUS LA FLORIDA,9,PSICOLOGIA,Semipresencial,Semipresencial,2,Plan Regular,11,0,11,Metropolitana,SANTIAGO,LA FLORIDA,Pregrado,Profesional Con Licenciatura,Carreras Profesionales,Educación Media,VIGENTE CON ALUMNOS NUEVOS,Monto en Pesos,220000,6100000,0.0,Ciencias Sociales,"Ciencias Sociales, Enseñanza Comercial y Derecho",Ciencias Sociales y del Comportamiento,Psicología,"Ciencias Sociales, Periodismo e Información",Ciencias Sociales y del Comportamiento,NO ACREDITADA,ACREDITADA,18/03/2023 - 18/03/2028,5.0,191557,0,1
2025,3306046,I1S1C12J4V4,7854814.0,2,197009,40 y más años,1900,0,2024,1,Universidades,Universidades Privadas,Universidades Privadas,1,UNIVERSIDAD GABRIELA MISTRAL,1,CASA CENTRAL,12,PSICOLOGIA,No Presencial,A Distancia,4,Plan Regular de Continuidad,8,0,8,Metropolitana,SANTIAGO,PROVIDENCIA,Pregrado,Profesional Con Licenciatura,Carreras Profesionales,Título Profesional,VIGENTE CON ALUMNOS NUEVOS,Monto en Pesos,234000,5444000,0.0,Ciencias Sociales,"Ciencias Sociales, Enseñanza Comercial y Derecho",Ciencias Sociales y del Comportamiento,Psicología,"Ciencias Sociales, Periodismo e Información",Ciencias Sociales y del Comportamiento,NO ACREDITADA,ACREDITADA,15/12/2021 - 15/12/2024,3.0,544000,0,4
2025,3823576,I71S1C71J1V1,6520290.0,1,200311,20 a 24 años,2022,1,2024,1,Universidades,Universidades CRUCH,Universidades Estatales CRUCH,71,UNIVERSIDAD DE SANTIAGO DE CHILE,1,CASA CENTRAL (SANTIAGO),71,PSICOLOGIA / LICENCIATURA EN PSICOLOGIA,Presencial,Diurna,1,Plan Regular,10,1,10,Metropolitana,SANTIAGO,ESTACION CENTRAL,Pregrado,Profesional Con Licenciatura,Carreras Profesionales,Educación Media,VIGENTE CON ALUMNOS NUEVOS,Monto en Pesos,204000,5304000,16060.0,Ciencias Sociales,"Ciencias Sociales, Enseñanza Comercial y Derecho",Ciencias Sociales y del Comportamiento,Psicología,"Ciencias Sociales, Periodismo e Información",Ciencias Sociales y del Comportamiento,NO ACREDITADA,ACREDITADA,25/02/2021 - 25/02/2028,7.0,200000,200000,2
2025,2765514,I2S1C11J1V2,6270493.0,2,199601,25 a 29 años,2023,1,2023,1,Universidades,Universidades Privadas,Universidades Privadas,2,UNIVERSIDAD FINIS TERRAE,1,CASA CENTRAL (SANTIAGO),11,PEDAGOGIA EN EDUCACION PARVULARIA,Presencial,Diurna,2,Plan Regular,10,0,10,Metropolitana,SANTIAGO,PROVIDENCIA,Pregrado,Profesional Con Licenciatura,Carreras Profesionales,Educación Media,VIGENTE CON ALUMNOS NUEVOS,Monto en Pesos,232000,4400000,40051.0,Educación,Educación,Formación de Personal Docente y Ciencias de la Educación,Pedagogía en Educación de Párvulos,Educación,Educación,ACREDITADA,ACREDITADA,29/02/2024 - 01/03/2029,5.0,312000,34000,1
2025,2759549,I2S1C4J1V1,10514451.0,2,200405,20 a 24 años,2023,1,2023,1,Universidades,Universidades Privadas,Universidades Privadas,2,UNIVERSIDAD FINIS TERRAE,1,CASA CENTRAL (SANTIAGO),4,DISEÑO,Presencial,Diurna,1,Plan Regular,9,0,9,Metropolitana,SANTIAGO,PROVIDENCIA,Pregrado,Profesional Con Licenciatura,Carreras Profesionales,Educación Media,VIGENTE CON ALUMNOS NUEVOS,Monto en Pesos,656000,6930000,40002.0,Arte y Arquitectura,Humanidades y Artes,Artes,Diseño,Artes y Humanidades,Artes,NO ACREDITADA,ACREDITADA,29/02/2024 - 01/03/2029,5.0,312000,34000,1
2025,2760506,I2S1C12J1V1,5930141.0,2,199911,25 a 29 años,2019,1,2019,1,Universidades,Universidades Privadas,Universidades Privadas,2,UNIVERSIDAD FINIS TERRAE,1,CASA CENTRAL (SANTIAGO),12,MEDICINA,Presencial,Diurna,1,Plan Regular,14,0,14,Metropolitana,SANTIAGO,PROVIDENCIA,Pregrado,Profesional Con Licenciatura,Carreras Profesionales,Educación Media,VIGENTE CON ALUMNOS NUEVOS,Monto en Pesos,988000,11000000,40070.0,Salud,Salud y Servicios Sociales,Medicina,Medicina,Salud y Bienestar,Salud,ACREDITADA,ACREDITADA,29/02/2024 - 01/03/2029,5.0,312000,34000,1
2025,3046746,I90S1C92J1V1,2590359.0,1,200109,20 a 24 años,2020,1,2020,1,Universidades,Universidades CRUCH,Universidades Privadas CRUCH,90,UNIVERSIDAD AUSTRAL DE CHILE,1,CASA CENTRAL,92,MEDICINA,Presencial,Diurna,1,Plan Regular,14,0,14,Los Ríos,VALDIVIA,VALDIVIA,Pregrado,Profesional Con Licenciatura,Carreras Profesionales,Educación Media,VIGENTE CON ALUMNOS NUEVOS,Monto en Pesos,254000,8113000,17013.0,Salud,Salud y Servicios Sociales,Medicina,Medicina,Salud y Bienestar,Salud,ACREDITADA,ACREDITADA,14/09/2022 - 14/09/2028,6.0,240000,29000,1
2025,3053598,I90S1C35J1V1,3299088.0,1,200206,20 a 24 años,2022,1,2022,1,Universidades,Universidades CRUCH,Universidades Privadas CRUCH,90,UNIVERSIDAD AUSTRAL DE CHILE,1,CASA CENTRAL,35,INGENIERIA COMERCIAL,Presencial,Diurna,1,Plan Regular,10,0,10,Los Ríos,VALDIVIA,VALDIVIA,Pregrado,Profesional Con Licenciatura,Carreras Profesionales,Educación Media,VIGENTE CON ALUMNOS NUEVOS,Monto en Pesos,254000,5588000,17009.0,Administración y Comercio,"Ciencias Sociales, Enseñanza Comercial y Derecho",Enseñanza Comercial y Administración,Ingeniería Comercial,Administración de Empresas y Derecho,Educación Comercial y Administración,NO ACREDITADA,ACREDITADA,14/09/2022 - 14/09/2028,6.0,240000,29000,1
2025,3966166,I87S1C229J1V1,12370864.0,2,200212,20 a 24 años,2021,1,2021,1,Universidades,Universidades CRUCH,Universidades Privadas CRUCH,87,UNIVERSIDAD DE CONCEPCION,1,CASA CENTRAL,229,BIOINGENIERIA,Presencial,Diurna,1,Plan Regular,10,0,10,Biobío,CONCEPCION,CONCEPCION,Pregrado,Profesional Con Licenciatura,Carreras Profesionales,Educación Media,VIGENTE CON ALUMNOS NUEVOS,Monto en Pesos,167200,7362153,13012.0,Tecnología,"Ingeniería, Industria y Construcción",Ingeniería y Profesiones Afines,Ingeniería en Biotecnología y Bioingeniería,"Ingeniería, Industria y Construcción",Ingeniería y Profesiones Afines,NO ACREDITADA,ACREDITADA,22/11/2023 - 22/11/2030,7.0,31500,12500,1
2025,2970230,I94S1C52J1V1,9642588.0,1,200509,15 a 19 años,2024,1,2024,1,Universidades,Universidades CRUCH,Universidades Privadas CRUCH,94,UNIVERSIDAD CATOLICA DE TEMUCO,1,CASA CENTRAL (TEMUCO),52,INGENIERIA COMERCIAL,Presencial,Diurna,1,Plan Regular,10,0,10,La Araucanía,CAUTIN,TEMUCO,Pregrado,Profesional Con Licenciatura,Carreras Profesionales,Educación Media,VIGENTE CON ALUMNOS NUEVOS,Monto en Pesos,224000,4963000,37020.0,Administración y Comercio,"Ciencias Sociales, Enseñanza Comercial y Derecho",Enseñanza Comercial y Administración,Ingeniería Comercial,Administración de Empresas y Derecho,Educación Comercial y Administración,NO ACREDITADA,ACREDITADA,13/11/2024 - 13/11/2029,5.0,134090,0,1
2025,3498544,I896S1C4J1V1,7548808.0,1,200504,20 a 24 años,2023,1,2023,1,Universidades,Universidades CRUCH,Universidades Estatales CRUCH,896,UNIVERSIDAD DE AYSEN,1,CASA CENTRAL,4,ENFERMERIA,Presencial,Diurna,1,Plan Regular,10,0,10,Aysén,COYHAIQUE,COYHAIQUE,Pregrado,Profesional Con Licenciatura,Carreras Profesionales,Educación Media,VIGENTE CON ALUMNOS NUEVOS,Monto en Pesos,143000,3950000,48001.0,Salud,Salud y Servicios Sociales,Medicina,Enfermería,Salud y Bienestar,Salud,NO ACREDITADA,ACREDITADA,12/04/2023 - 12/04/2026,3.0,70000,0,1
2025,3305365,I1S1C12J1V1,13800428.0,2,200303,20 a 24 años,2023,1,2023,1,Universidades,Universidades Privadas,Universidades Privadas,1,UNIVERSIDAD GABRIELA MISTRAL,1,CASA CENTRAL,12,PSICOLOGIA,Presencial,Diurna,1,Plan Regular,10,1,10,Metropolitana,SANTIAGO,PROVIDENCIA,Pregrado,Profesional Con Licenciatura,Carreras Profesionales,Educación Media,VIGENTE CON ALUMNOS NUEVOS,Monto en Pesos,391000,5444000,54301.0,Ciencias Sociales,"Ciencias Sociales, Enseñanza Comercial y Derecho",Ciencias Sociales y del Comportamiento,Psicología,"Ciencias Sociales, Periodismo e Información",Ciencias Sociales y del Comportamiento,NO ACREDITADA,ACREDITADA,15/12/2021 - 15/12/2024,3.0,544000,0,1
2025,2949321,I34S1C42J1V1,13975490.0,2,200110,20 a 24 años,2021,1,2021,1,Universidades,Universidades CRUCH,Universidades Privadas CRUCH,34,UNIVERSIDAD DE LOS ANDES,1,CASA CENTRAL (SANTIAGO),42,INGENIERIA COMERCIAL,Presencial,Diurna,1,Plan Regular,10,1,10,Metropolitana,SANTIAGO,LAS CONDES,Pregrado,Profesional Con Licenciatura,Carreras Profesionales,Educación Media,VIGENTE CON ALUMNOS NUEVOS,Monto en UF,21,230,43010.0,Administración y Comercio,"Ciencias Sociales, Enseñanza Comercial y Derecho",Enseñanza Comercial y Administración,Ingeniería Comercial,Administración de Empresas y Derecho,Educación Comercial y Administración,NO ACREDITADA,ACREDITADA,14/12/2022 - 14/12/2028,6.0,5,0,1
2025,3968743,I910S3C8J2V1,2171276.0,2,198911,35 a 39 años,2025,1,2025,1,Centros de Formación Técnica,Centros de Formación Técnica,Centros de Formación Técnica Estatales,910,CFT DE LA REGION DE COQUIMBO,3,SEDE CANELA,8,TECNICO DE NIVEL SUPERIOR EN ADMINISTRACION,Presencial,Vespertina,1,Plan Regular,4,1,5,Coquimbo,CHOAPA,CANELA,Pregrado,Técnico de Nivel Superior,Carreras Técnicas,Educación Media,VIGENTE CON ALUMNOS NUEVOS,Monto en Pesos,0,1755128,,Administración y Comercio,"Ciencias Sociales, Enseñanza Comercial y Derecho",Enseñanza Comercial y Administración,Técnico en Administración de Empresas,Administración de Empresas y Derecho,Educación Comercial y Administración,NO ACREDITADA,BAJO TUTELA,,,63937,63937,1
2025,2928766,I910S1C4J2V1,9959564.0,1,197509,40 y más años,2024,1,2024,1,Centros de Formación Técnica,Centros de Formación Técnica,Centros de Formación Técnica Estatales,910,CFT DE LA REGION DE COQUIMBO,1,SEDE OVALLE,4,TECNICO DE NIVEL SUPERIOR EN ENERGIAS RENOVABLES Y EFICIENCIA ENERGETICA,Presencial,Vespertina,1,Plan Regular,4,1,5,Coquimbo,LIMARI,OVALLE,Pregrado,Técnico de Nivel Superior,Carreras Técnicas,Educación Media,VIGENTE CON ALUMNOS NUEVOS,Monto en Pesos,0,1902333,,Tecnología,"Ingeniería, Industria y Construcción",Ingeniería y Profesiones Afines,Técnico en Energía,"Ingeniería, Industria y Construcción",Ingeniería y Profesiones Afines,NO ACREDITADA,BAJO TUTELA,,,63937,63937,1
2025,2729000,I916S1C3J2V1,3988983.0,1,200412,20 a 24 años,2025,1,2025,1,Centros de Formación Técnica,Centros de Formación Técnica,Centros de Formación Técnica Estatales,916,CFT DE LA REGION DE LA ARAUCANIA,1,SEDE LAUTARO,3,TECNICO EN GESTION DE EMPRESAS,Presencial,Vespertina,1,Plan Regular,5,0,5,La Araucanía,CAUTIN,LAUTARO,Pregrado,Técnico de Nivel Superior,Carreras Técnicas,Educación Media,VIGENTE CON ALUMNOS NUEVOS,Monto en Pesos,0,1847923,,Administración y Comercio,"Ciencias Sociales, Enseñanza Comercial y Derecho",Enseñanza Comercial y Administración,Técnico en Administración de Empresas,Administración de Empresas y Derecho,Educación Comercial y Administración,NO ACREDITADA,BAJO TUTELA,,,28740,11500,1
2025,3450815,I916S2C15J2V1,15798124.0,2,198905,35 a 39 años,2023,1,2023,1,Centros de Formación Técnica,Centros de Formación Técnica,Centros de Formación Técnica Estatales,916,CFT DE LA REGION DE LA ARAUCANIA,2,SEDE ANGOL,15,TECNICO DE NIVEL SUPERIOR EN ENFERMERIA,Presencial,Vespertina,1,Plan Regular,5,0,5,La Araucanía,MALLECO,ANGOL,Pregrado,Técnico de Nivel Superior,Carreras Técnicas,Educación Media,VIGENTE CON ALUMNOS NUEVOS,Monto en Pesos,0,2193376,,Salud,Salud y Servicios Sociales,Medicina,Técnico en Enfermería,Salud y Bienestar,Salud,NO ACREDITADA,BAJO TUTELA,,,28740,11500,1
2025,2728626,I916S2C4J2V1,5644807.0,1,199101,30 a 34 años,2025,1,2025,1,Centros de Formación Técnica,Centros de Formación Técnica,Centros de Formación Técnica Estatales,916,CFT DE LA REGION DE LA ARAUCANIA,2,SEDE ANGOL,4,TECNICO EN LOGISTICA EMPRESARIAL,Presencial,Vespertina,1,Plan Regular,5,0,5,La Araucanía,MALLECO,ANGOL,Pregrado,Técnico de Nivel Superior,Carreras Técnicas,Educación Media,VIGENTE CON ALUMNOS NUEVOS,Monto en Pesos,0,1847923,,Administración y Comercio,"Ciencias Sociales, Enseñanza Comercial y Derecho",Enseñanza Comercial y Administración,Técnico en Logística,Administración de Empresas y Derecho,Educación Comercial y Administración,NO ACREDITADA,BAJO TUTELA,,,28740,11500,1
2025,3227699,I914S2C22J2V1,7024417.0,2,198708,35 a 39 años,2024,1,2024,1,Centros de Formación Técnica,Centros de Formación Técnica,Centros de Formación Técnica Estatales,914,CFT DE LA REGION DEL MAULE,2,CAMPUS PARRAL,22,TECNICO EN ENFERMERIA,Presencial,Vespertina,1,Plan Regular,5,1,6,Maule,LINARES,PARRAL,Pregrado,Técnico de Nivel Superior,Carreras Técnicas,Educación Media,VIGENTE CON ALUMNOS NUEVOS,Monto en Pesos,60000,2447000,,Salud,Salud y Servicios Sociales,Medicina,Técnico en Enfermería,Salud y Bienestar,Salud,NO ACREDITADA,BAJO TUTELA,,,52000,10500,1
2025,3913302,I152S10C22J2V1,14314564.0,2,198702,35 a 39 años,2022,2,2022,2,Institutos Profesionales,Institutos Profesionales,Institutos Profesionales,152,IP LATINOAMERICANO DE COMERCIO EXTERIOR - IPLACEX,10,SEDE SANTIAGO,22,TECNICO EN ENFERMERIA,Semipresencial,Vespertina,1,Plan Regular,5,0,5,Metropolitana,SANTIAGO,SANTIAGO,Pregrado,Técnico de Nivel Superior,Carreras Técnicas,Educación Media,VIGENTE CON ALUMNOS NUEVOS,Monto en Pesos,120000,2110000,,Salud,Salud y Servicios Sociales,Medicina,Técnico en Enfermería,Salud y Bienestar,Salud,NO ACREDITADA,ACREDITADA,06/10/2021 - 06/10/2025,4.0,210000,13600,1
2025,3028444,I152S10C50J4V3,12495524.0,1,197608,40 y más años,2024,2,2024,2,Institutos Profesionales,Institutos Profesionales,Institutos Profesionales,152,IP LATINOAMERICANO DE COMERCIO EXTERIOR - IPLACEX,10,SEDE SANTIAGO,50,TECNICO EN PREVENCION DE RIESGOS,No Presencial,A Distancia,3,Plan Regular,4,0,4,Metropolitana,SANTIAGO,SANTIAGO,Pregrado,Técnico de Nivel Superior,Carreras Técnicas,Educación Media,VIGENTE CON ALUMNOS NUEVOS,Monto en Pesos,120000,1960000,,Tecnología,Servicios,Servicios de Seguridad,Técnico en Prevención de Riesgos,Servicios,Servicios de Higiene y Salud Ocupacional,NO ACREDITADA,ACREDITADA,06/10/2021 - 06/10/2025,4.0,210000,13600,1
2025,3042302,I152S10C421J4V1,10396296.0,1,199905,25 a 29 años,2025,1,2025,1,Institutos Profesionales,Institutos Profesionales,Institutos Profesionales,152,IP LATINOAMERICANO DE COMERCIO EXTERIOR - IPLACEX,10,SEDE SANTIAGO,421,TECNICO INDUSTRIAL,No Presencial,A Distancia,1,Plan Regular,4,0,4,Metropolitana,SANTIAGO,SANTIAGO,Pregrado,Técnico de Nivel Superior,Carreras Técnicas,Educación Media,VIGENTE CON ALUMNOS NUEVOS,Monto en Pesos,120000,2037000,,Tecnología,"Ingeniería, Industria y Construcción",Ingeniería y Profesiones Afines,Técnico en Mantenimiento Industrial,"Ingeniería, Industria y Construcción",Ingeniería y Profesiones Afines,NO ACREDITADA,ACREDITADA,06/10/2021 - 06/10/2025,4.0,210000,13600,1
2025,3023990,I152S10C452J4V1,16687398.0,1,198211,40 y más años,2024,1,2024,1,Institutos Profesionales,Institutos Profesionales,Institutos Profesionales,152,IP LATINOAMERICANO DE COMERCIO EXTERIOR - IPLACEX,10,SEDE SANTIAGO,452,ANALISTA PROGRAMADOR,No Presencial,A Distancia,1,Plan Regular,4,0,4,Metropolitana,SANTIAGO,SANTIAGO,Pregrado,Técnico de Nivel Superior,Carreras Técnicas,Educación Media,VIGENTE CON ALUMNOS NUEVOS,Monto en Pesos,120000,2037000,,Tecnología,Ciencias,Informática,Técnico en Computación e Informática,Tecnología de la Información y la Comunicación (TIC),Tecnología de la Información y la Comunicación (TIC),NO ACREDITADA,ACREDITADA,06/10/2021 - 06/10/2025,4.0,210000,13600,1
2025,3651523,I152S10C431J4V1,14661962.0,1,198601,35 a 39 años,2025,1,2025,1,Institutos Profesionales,Institutos Profesionales,Institutos Profesionales,152,IP LATINOAMERICANO DE COMERCIO EXTERIOR - IPLACEX,10,SEDE SANTIAGO,431,TECNICO EN ELECTRICO,No Presencial,A Distancia,1,Plan Regular,4,0,4,Metropolitana,SANTIAGO,SANTIAGO,Pregrado,Técnico de Nivel Superior,Carreras Técnicas,Educación Media,VIGENTE CON ALUMNOS NUEVOS,Monto en Pesos,120000,2037000,,Tecnología,"Ingeniería, Industria y Construcción",Ingeniería y Profesiones Afines,Técnico en Electricidad y Electricidad Industrial,"Ingeniería, Industria y Construcción",Ingeniería y Profesiones Afines,NO ACREDITADA,ACREDITADA,06/10/2021 - 06/10/2025,4.0,210000,13600,1
2025,3025892,I152S10C318J4V2,12992887.0,1,198603,35 a 39 años,1900,0,2024,1,Institutos Profesionales,Institutos Profesionales,Institutos Profesionales,152,IP LATINOAMERICANO DE COMERCIO EXTERIOR - IPLACEX,10,SEDE SANTIAGO,318,INGENIERIA EN LOGISTICA,No Presencial,A Distancia,2,Plan Regular,8,0,8,Metropolitana,SANTIAGO,SANTIAGO,Pregrado,Profesional Sin Licenciatura,Carreras Profesionales,Educación Media,VIGENTE CON ALUMNOS NUEVOS,Monto en Pesos,135000,2067000,,Administración y Comercio,"Ciencias Sociales, Enseñanza Comercial y Derecho",Enseñanza Comercial y Administración,Ingeniería en Logística,Administración de Empresas y Derecho,Educación Comercial y Administración,NO ACREDITADA,ACREDITADA,06/10/2021 - 06/10/2025,4.0,210000,13600,11
2025,3028262,I152S10C274J4V5,12311791.0,2,199712,25 a 29 años,2024,2,2024,2,Institutos Profesionales,Institutos Profesionales,Institutos Profesionales,152,IP LATINOAMERICANO DE COMERCIO EXTERIOR - IPLACEX,10,SEDE SANTIAGO,274,ADMINISTRACION PUBLICA,No Presencial,A Distancia,5,Plan Regular,8,0,8,Metropolitana,SANTIAGO,SANTIAGO,Pregrado,Profesional Sin Licenciatura,Carreras Profesionales,Educación Media,VIGENTE CON ALUMNOS NUEVOS,Monto en Pesos,135000,2110000,,Ciencias Sociales,"Ciencias Sociales, Enseñanza Comercial y Derecho",Enseñanza Comercial y Administración,Administración Pública,Administración de Empresas y Derecho,Educación Comercial y Administración,NO ACREDITADA,ACREDITADA,06/10/2021 - 06/10/2025,4.0,210000,13600,1
2024,816554,I143S15C72J1V1,26379861.0,2,199803,25 a 29 años,2023,1,2023,1,Institutos Profesionales,Institutos Profesionales,Institutos Profesionales,143,IP AIEP,15,SEDE BARRIO UNIVERSITARIO,72,PELUQUERIA,Presencial,Diurna,1,Plan Regular,5,1,5,Metropolitana,SANTIAGO,SANTIAGO,Pregrado,Técnico de Nivel Superior,Carreras Técnicas,Educación Media,VIGENTE CON ALUMNOS NUEVOS,Monto en Pesos,220000,2910000,,Arte y Arquitectura,Servicios,Servicios Personales,Técnico en Peluquería y Estética,Servicios,Servicios personales,NO ACREDITADA,ACREDITADA,23/11/2022 - 23/11/2027,5.0,873000,0,6
2024,1292026,I143S5C28J2V1,,1,199908,20 a 24 años,2024,1,2024,1,Institutos Profesionales,Institutos Profesionales,Institutos Profesionales,143,IP AIEP,5,SEDE CALAMA,28,TRABAJO SOCIAL,Presencial,Vespertina,1,Plan Regular,8,1,8,Antofagasta,EL LOA,CALAMA,Pregrado,Profesional Sin Licenciatura,Carreras Profesionales,Educación Media,VIGENTE CON ALUMNOS NUEVOS,Monto en Pesos,220000,2060000,,Ciencias Sociales,Salud y Servicios Sociales,Servicios Sociales,Trabajo Social,Salud y Bienestar,Bienestar,NO ACREDITADA,ACREDITADA,23/11/2022 - 23/11/2027,5.0,240000,0,6
2025,3667193,I100S15C160J1V1,16479465.0,1,200503,20 a 24 años,2023,1,2023,1,Institutos Profesionales,Institutos Profesionales,Institutos Profesionales,100,IP INACAP,15,SEDE IQUIQUE,160,INGENIERIA EN MAQUINARIA PESADA Y VEHICULOS AUTOMOTRICES,Presencial,Diurna,1,Plan Regular,8,0,8,Tarapacá,IQUIQUE,IQUIQUE,Pregrado,Profesional Sin Licenciatura,Carreras Profesionales,Educación Media,VIGENTE CON ALUMNOS NUEVOS,Monto en Pesos,295000,3194000,,Tecnología,"Ingeniería, Industria y Construcción",Ingeniería y Profesiones Afines,Ingeniería en Mecánica Automotriz,"Ingeniería, Industria y Construcción",Ingeniería y Profesiones Afines,NO ACREDITADA,ACREDITADA,06/09/2023 - 06/09/2030,7.0,50000,0,1
2025,2966038,I139S3C222J1V1,7121388.0,1,200601,15 a 19 años,2024,1,2024,1,Institutos Profesionales,Institutos Profesionales,Institutos Profesionales,139,IP DR. VIRGINIO GOMEZ G.,3,CASA CENTRAL (CONCEPCION),222,TECNICO ENTRENADOR DEPORTIVO,Presencial,Diurna,1,Plan Regular,4,0,4,Biobío,CONCEPCION,CONCEPCION,Pregrado,Técnico de Nivel Superior,Carreras Técnicas,Educación Media,VIGENTE CON ALUMNOS NUEVOS,Monto en Pesos,188000,2152000,,Educación,Servicios,Servicios Personales,"Técnico en Deporte, Recreación y Preparación Física",Servicios,Servicios personales,NO ACREDITADA,ACREDITADA,17/03/2021 - 17/03/2025,4.0,63000,0,1
2025,3120292,I629S5C141J1V1,7613453.0,2,199403,30 a 34 años,2024,1,2024,1,Centros de Formación Técnica,Centros de Formación Técnica,Centros de Formación Técnica,629,CFT PUCV,5,CAMPUS LIMACHE,141,TECNICO DE NIVEL SUPERIOR EN ENFERMERIA,Presencial,Diurna,1,Plan Regular,5,1,6,Valparaíso,MARGA MARGA,LIMACHE,Pregrado,Técnico de Nivel Superior,Carreras Técnicas,Educación Media,VIGENTE CON ALUMNOS NUEVOS,Monto en Pesos,198543,2480699,,Salud,Salud y Servicios Sociales,Medicina,Técnico en Enfermería,Salud y Bienestar,Salud,NO ACREDITADA,ACREDITADA,12/01/2022 - 12/01/2027,5.0,1240350,0,1
2024,659329,I629S4C141J1V1,24607923.0,2,200104,20 a 24 años,2023,1,2023,1,Centros de Formación Técnica,Centros de Formación Técnica,Centros de Formación Técnica,629,CFT PUCV,4,CAMPUS QUILLOTA,141,TECNICO DE NIVEL SUPERIOR EN ENFERMERIA,Presencial,Diurna,1,Plan Regular,5,1,6,Valparaíso,QUILLOTA,QUILLOTA,Pregrado,Técnico de Nivel Superior,Carreras Técnicas,Educación Media,VIGENTE CON ALUMNOS NUEVOS,Monto en Pesos,188550,2355840,,Salud,Salud y Servicios Sociales,Medicina,Técnico en Enfermería,Salud y Bienestar,Salud,NO ACREDITADA,ACREDITADA,12/01/2022 - 12/01/2027,5.0,1177920,0,1
2025,3911181,I319S8C37J4V1,13115073.0,2,199504,30 a 34 años,2024,1,2024,1,Centros de Formación Técnica,Centros de Formación Técnica,Centros de Formación Técnica,319,CFT PRODATA,8,SEDE VIÑA DEL MAR,37,TECNICO EN ENFERMERIA,No Presencial,A Distancia,1,Plan Regular,5,1,5,Valparaíso,VALPARAISO,VIÑA DEL MAR,Pregrado,Técnico de Nivel Superior,Carreras Técnicas,Educación Media,VIGENTE CON ALUMNOS NUEVOS,Monto en Pesos,80000,980000,,Salud,Salud y Servicios Sociales,Medicina,Técnico en Enfermería,Salud y Bienestar,Salud,NO ACREDITADA,NO ACREDITADA,,,110000,0,1
2025,2966334,I139S1C28J1V1,5301600.0,2,200406,20 a 24 años,2023,1,2023,1,Institutos Profesionales,Institutos Profesionales,Institutos Profesionales,139,IP DR. VIRGINIO GOMEZ G.,1,SEDE LOS ANGELES,28,TECNICO EN ENFERMERIA,Presencial,Diurna,1,Plan Regular,5,0,5,Biobío,BIOBIO,LOS ANGELES,Pregrado,Técnico de Nivel Superior,Carreras Técnicas,Educación Media,VIGENTE CON ALUMNOS NUEVOS,Monto en Pesos,188000,2315000,,Salud,Salud y Servicios Sociales,Medicina,Técnico en Enfermería,Salud y Bienestar,Salud,NO ACREDITADA,ACREDITADA,17/03/2021 - 17/03/2025,4.0,63000,0,1
2025,3633018,I456S1C56J1V1,14858215.0,1,200301,20 a 24 años,2024,1,2024,1,Centros de Formación Técnica,Centros de Formación Técnica,Centros de Formación Técnica,456,CFT CEDUC - UCN,1,CASA CENTRAL (COQUIMBO),56,INTERVENCION Y REHABILITACION PSICOSOCIAL,Presencial,Diurna,1,Plan Regular,5,0,5,Coquimbo,ELQUI,COQUIMBO,Pregrado,Técnico de Nivel Superior,Carreras Técnicas,Educación Media,VIGENTE CON ALUMNOS NUEVOS,Monto en Pesos,173139,2260684,,Ciencias Sociales,Salud y Servicios Sociales,Servicios Sociales,Técnico en Prevención y Rehabilitación,Salud y Bienestar,Bienestar,NO ACREDITADA,ACREDITADA,04/11/2021 - 04/11/2026,5.0,153043,0,1
2025,3090391,I456S1C7J1V1,8643423.0,1,200407,20 a 24 años,2024,1,2024,1,Centros de Formación Técnica,Centros de Formación Técnica,Centros de Formación Técnica,456,CFT CEDUC - UCN,1,CASA CENTRAL (COQUIMBO),7,ELECTRICIDAD Y ELECTRONICA INDUSTRIAL,Presencial,Diurna,1,Plan Regular,5,0,5,Coquimbo,ELQUI,COQUIMBO,Pregrado,Técnico de Nivel Superior,Carreras Técnicas,Educación Media,VIGENTE CON ALUMNOS NUEVOS,Monto en Pesos,173139,2260684,,Tecnología,"Ingeniería, Industria y Construcción",Ingeniería y Profesiones Afines,Técnico en Electricidad y Electricidad Industrial,"Ingeniería, Industria y Construcción",Ingeniería y Profesiones Afines,NO ACREDITADA,ACREDITADA,04/11/2021 - 04/11/2026,5.0,153043,0,1
2025,3228967,I456S1C68J1V1,14995283.0,2,199706,25 a 29 años,2025,1,2025,1,Centros de Formación Técnica,Centros de Formación Técnica,Centros de Formación Técnica,456,CFT CEDUC - UCN,1,CASA CENTRAL (COQUIMBO),68,COMPUTACION E INFORMATICA MENCION CIBERSEGURIDAD,Presencial,Diurna,1,Plan Regular,5,0,5,Coquimbo,ELQUI,COQUIMBO,Pregrado,Técnico de Nivel Superior,Carreras Técnicas,Educación Media,VIGENTE CON ALUMNOS NUEVOS,Monto en Pesos,173139,2260684,,Tecnología,Ciencias,Informática,Técnico en Computación e Informática,Tecnología de la Información y la Comunicación (TIC),Tecnología de la Información y la Comunicación (TIC),NO ACREDITADA,ACREDITADA,04/11/2021 - 04/11/2026,5.0,153043,0,1
2025,3115853,I629S2C116J2V1,3705735.0,2,198111,40 y más años,2024,1,2024,1,Centros de Formación Técnica,Centros de Formación Técnica,Centros de Formación Técnica,629,CFT PUCV,2,SEDE LA CALERA,116,TECNICO DE NIVEL SUPERIOR EN EDUCACION PARVULARIA,Presencial,Vespertina,1,Plan Regular,4,1,5,Valparaíso,QUILLOTA,LA CALERA,Pregrado,Técnico de Nivel Superior,Carreras Técnicas,Educación Media,VIGENTE CON ALUMNOS NUEVOS,Monto en Pesos,198543,1998725,,Educación,Educación,Formación de Personal Docente y Ciencias de la Educación,Técnico Asistente del Educador de Párvulos,Educación,Educación,NO ACREDITADA,ACREDITADA,12/01/2022 - 12/01/2027,5.0,999362,0,1
2025,3118755,I629S0C116J1V1,9927931.0,2,198609,35 a 39 años,2023,1,2023,1,Centros de Formación Técnica,Centros de Formación Técnica,Centros de Formación Técnica,629,CFT PUCV,0,CASA CENTRAL (VALPARAISO),116,TECNICO DE NIVEL SUPERIOR EN EDUCACION PARVULARIA,Presencial,Diurna,1,Plan Regular,4,1,5,Valparaíso,VALPARAISO,VALPARAISO,Pregrado,Técnico de Nivel Superior,Carreras Técnicas,Educación Media,VIGENTE CON ALUMNOS NUEVOS,Monto en Pesos,198543,1998725,,Educación,Educación,Formación de Personal Docente y Ciencias de la Educación,Técnico Asistente del Educador de Párvulos,Educación,Educación,NO ACREDITADA,ACREDITADA,12/01/2022 - 12/01/2027,5.0,999362,0,1
2025,3218153,I104S1C1J2V1,6089149.0,1,199712,25 a 29 años,2017,1,2017,1,Institutos Profesionales,Institutos Profesionales,Institutos Profesionales,104,IP ESCUELA DE CONTADORES AUDITORES DE SANTIAGO,1,CASA CENTRAL (SANTIAGO),1,CONTADOR AUDITOR,Presencial,Vespertina,1,Plan Regular,9,1,10,Metropolitana,SANTIAGO,PROVIDENCIA,Pregrado,Profesional Sin Licenciatura,Carreras Profesionales,Educación Media,VIGENTE CON ALUMNOS NUEVOS,Monto en Pesos,229000,2904000,,Administración y Comercio,"Ciencias Sociales, Enseñanza Comercial y Derecho",Enseñanza Comercial y Administración,Contador Auditor,Administración de Empresas y Derecho,Educación Comercial y Administración,NO ACREDITADA,ACREDITADA,29/08/2023 - 29/08/2027,4.0,229000,0,1
2025,3221091,I701S0C2J3V1,11099271.0,2,199708,25 a 29 años,2024,2,2024,2,Centros de Formación Técnica,Centros de Formación Técnica,Centros de Formación Técnica,701,CFT MANPOWER,0,CASA CENTRAL (SANTIAGO),2,ASISTENTE EJECUTIVO BILINGÜE,Semipresencial,Semipresencial,1,Plan Regular,5,1,6,Metropolitana,SANTIAGO,SANTIAGO,Pregrado,Técnico de Nivel Superior,Carreras Técnicas,Educación Media,VIGENTE CON ALUMNOS NUEVOS,Monto en Pesos,129800,1880000,,Administración y Comercio,"Ciencias Sociales, Enseñanza Comercial y Derecho",Enseñanza Comercial y Administración,Secretariado Bilingüe,Administración de Empresas y Derecho,Educación Comercial y Administración,NO ACREDITADA,ACREDITADA,06/04/2022 - 06/04/2025,3.0,190000,0,1
2025,3368359,I155S2C23J2V1,15280415.0,2,199304,30 a 34 años,2023,1,2023,1,Institutos Profesionales,Institutos Profesionales,Institutos Profesionales,155,IP LOS LEONES,2,CASA CENTRAL (SANTIAGO),23,CONTADOR GENERAL,Presencial,Vespertina,1,Plan Regular,5,1,5,Metropolitana,SANTIAGO,SANTIAGO,Pregrado,Técnico de Nivel Superior,Carreras Técnicas,Educación Media,VIGENTE CON ALUMNOS NUEVOS,Monto en Pesos,150000,2125000,,Administración y Comercio,"Ciencias Sociales, Enseñanza Comercial y Derecho",Enseñanza Comercial y Administración,Técnico en Contabilidad General,Administración de Empresas y Derecho,Educación Comercial y Administración,NO ACREDITADA,ACREDITADA,20/11/2024 - 20/11/2027,3.0,150000,0,1
2024,1347598,I312S1C110J4V2,27270719.0,1,199201,30 a 34 años,2023,1,2023,1,Centros de Formación Técnica,Centros de Formación Técnica,Centros de Formación Técnica,312,CFT CENCO,1,CASA CENTRAL (SANTIAGO),110,TECNICO DE NIVEL SUPERIOR EN ADMINISTRACION LOGISTICA,No Presencial,A Distancia,2,Plan Especial,4,1,4,Metropolitana,SANTIAGO,SANTIAGO,Pregrado,Técnico de Nivel Superior,Carreras Técnicas,Educación Media,VIGENTE SIN ALUMNOS NUEVOS,Monto en Pesos,85615,1027380,,Administración y Comercio,"Ciencias Sociales, Enseñanza Comercial y Derecho",Enseñanza Comercial y Administración,Técnico en Logística,Administración de Empresas y Derecho,Educación Comercial y Administración,NO ACREDITADA,ACREDITADA,12/10/2022 - 12/10/2025,3.0,150000,0,1
2024,1347596,I312S1C25J4V2,27830229.0,1,197701,40 y más años,2024,1,2024,1,Centros de Formación Técnica,Centros de Formación Técnica,Centros de Formación Técnica,312,CFT CENCO,1,CASA CENTRAL (SANTIAGO),25,TECNICO DE NIVEL SUPERIOR EN PREVENCION DE RIESGOS,No Presencial,A Distancia,2,Plan Especial,4,1,4,Metropolitana,SANTIAGO,SANTIAGO,Pregrado,Técnico de Nivel Superior,Carreras Técnicas,Educación Media,VIGENTE SIN ALUMNOS NUEVOS,Monto en Pesos,85615,1027380,,Tecnología,Servicios,Servicios de Seguridad,Técnico en Prevención de Riesgos,Servicios,Servicios de Higiene y Salud Ocupacional,NO ACREDITADA,ACREDITADA,12/10/2022 - 12/10/2025,3.0,150000,0,1
2025,3998723,I312S1C102J4V1,10060444.0,2,197611,40 y más años,2025,1,2025,1,Centros de Formación Técnica,Centros de Formación Técnica,Centros de Formación Técnica,312,CFT CENCO,1,CASA CENTRAL (SANTIAGO),102,TECNICO DE NIVEL SUPERIOR EN ASISTENTE DE AULA,No Presencial,A Distancia,1,Plan Regular,4,1,5,Metropolitana,SANTIAGO,SANTIAGO,Pregrado,Técnico de Nivel Superior,Carreras Técnicas,Educación Media,VIGENTE CON ALUMNOS NUEVOS,Monto en Pesos,88942,1067304,,Educación,Educación,Formación de Personal Docente y Ciencias de la Educación,Otros Técnicos de Educación,Educación,Educación,NO ACREDITADA,ACREDITADA,12/10/2022 - 12/10/2025,3.0,150000,0,1
2025,3606328,I312S1C56J4V4,3970430.0,2,200208,20 a 24 años,2024,2,2024,2,Centros de Formación Técnica,Centros de Formación Técnica,Centros de Formación Técnica,312,CFT CENCO,1,CASA CENTRAL (SANTIAGO),56,TECNICO DE NIVEL SUPERIOR EN ADMINISTRACION DE EMPRESAS,No Presencial,A Distancia,4,Plan Especial,4,1,5,Metropolitana,SANTIAGO,SANTIAGO,Pregrado,Técnico de Nivel Superior,Carreras Técnicas,Educación Media,VIGENTE CON ALUMNOS NUEVOS,Monto en Pesos,88625,1063500,,Administración y Comercio,"Ciencias Sociales, Enseñanza Comercial y Derecho",Enseñanza Comercial y Administración,Técnico en Administración de Empresas,Administración de Empresas y Derecho,Educación Comercial y Administración,NO ACREDITADA,ACREDITADA,12/10/2022 - 12/10/2025,3.0,150000,0,1
2025,3602562,I312S1C82J4V3,9118831.0,1,199203,30 a 34 años,2024,1,2024,1,Centros de Formación Técnica,Centros de Formación Técnica,Centros de Formación Técnica,312,CFT CENCO,1,CASA CENTRAL (SANTIAGO),82,TECNICO DE NIVEL SUPERIOR EN ADMINISTRACION PUBLICA,No Presencial,A Distancia,3,Plan Especial,4,1,5,Metropolitana,SANTIAGO,SANTIAGO,Pregrado,Técnico de Nivel Superior,Carreras Técnicas,Educación Media,VIGENTE CON ALUMNOS NUEVOS,Monto en Pesos,88625,1063500,,Ciencias Sociales,"Ciencias Sociales, Enseñanza Comercial y Derecho",Enseñanza Comercial y Administración,Técnico en Administración Pública o Municipal,Administración de Empresas y Derecho,Educación Comercial y Administración,NO ACREDITADA,ACREDITADA,12/10/2022 - 12/10/2025,3.0,150000,0,1
2025,3994336,I171S1C26J4V1,9867145.0,2,199509,25 a 29 años,2024,1,2024,1,Institutos Profesionales,Institutos Profesionales,Institutos Profesionales,171,IP ESCUELA DE COMERCIO DE SANTIAGO,1,CASA CENTRAL (SANTIAGO),26,INGENIERIA EN COMERCIO INTERNACIONAL,No Presencial,A Distancia,1,Plan Regular,8,1,9,Metropolitana,SANTIAGO,SANTIAGO,Pregrado,Profesional Sin Licenciatura,Carreras Profesionales,Educación Media,VIGENTE CON ALUMNOS NUEVOS,Monto en Pesos,160000,1890000,,Administración y Comercio,"Ciencias Sociales, Enseñanza Comercial y Derecho",Enseñanza Comercial y Administración,Ingeniería en Comercio Exterior,Administración de Empresas y Derecho,Educación Comercial y Administración,NO ACREDITADA,ACREDITADA,05/07/2023 - 05/07/2026,3.0,475000,0,1
2024,653750,I218S1C63J1V2,25466760.0,2,200506,15 a 19 años,2023,1,2023,1,Centros de Formación Técnica,Centros de Formación Técnica,Centros de Formación Técnica,218,CFT DE ENAC,1,CASA CENTRAL (SANTIAGO),63,TECNICO EN MASOTERAPIA,Presencial,Diurna,2,Plan Regular,5,0,5,Metropolitana,SANTIAGO,SANTIAGO,Pregrado,Técnico de Nivel Superior,Carreras Técnicas,Educación Media,VIGENTE CON ALUMNOS NUEVOS,Monto en Pesos,0,2289000,,Salud,Salud y Servicios Sociales,Medicina,Técnico en Masoterapia,Salud y Bienestar,Salud,NO ACREDITADA,ACREDITADA,26/10/2022 - 26/10/2028,6.0,120000,0,1
2024,655295,I218S1C12J1V2,27830379.0,1,200604,15 a 19 años,2024,1,2024,1,Centros de Formación Técnica,Centros de Formación Técnica,Centros de Formación Técnica,218,CFT DE ENAC,1,CASA CENTRAL (SANTIAGO),12,TECNICO EN IMAGENOLOGIA Y RADIOTERAPIA,Presencial,Diurna,2,Plan Regular,5,0,5,Metropolitana,SANTIAGO,SANTIAGO,Pregrado,Técnico de Nivel Superior,Carreras Técnicas,Educación Media,VIGENTE CON ALUMNOS NUEVOS,Monto en Pesos,0,2289000,,Salud,Salud y Servicios Sociales,Medicina,Técnico en Radiología y Radioterapia,Salud y Bienestar,Salud,NO ACREDITADA,ACREDITADA,26/10/2022 - 26/10/2028,6.0,120000,0,1
2024,79915,I218S1C111J2V2,25606236.0,2,200509,15 a 19 años,2024,1,2024,1,Centros de Formación Técnica,Centros de Formación Técnica,Centros de Formación Técnica,218,CFT DE ENAC,1,CASA CENTRAL (SANTIAGO),111,TECNICO EN GASTRONOMIA,Presencial,Vespertina,2,Plan Regular,5,0,5,Metropolitana,SANTIAGO,SANTIAGO,Pregrado,Técnico de Nivel Superior,Carreras Técnicas,Educación Media,VIGENTE CON ALUMNOS NUEVOS,Monto en Pesos,0,2687000,,Administración y Comercio,Servicios,Servicios Personales,Técnico en Gastronomía y Cocina,Servicios,Servicios personales,NO ACREDITADA,ACREDITADA,26/10/2022 - 26/10/2028,6.0,120000,0,1
2024,1305044,I218S1C37J4V2,27123998.0,1,198902,35 a 39 años,2024,2,2024,2,Centros de Formación Técnica,Centros de Formación Técnica,Centros de Formación Técnica,218,CFT DE ENAC,1,CASA CENTRAL (SANTIAGO),37,TECNICO EN FARMACIA,No Presencial,A Distancia,2,Plan Regular,5,0,5,Metropolitana,SANTIAGO,SANTIAGO,Pregrado,Técnico de Nivel Superior,Carreras Técnicas,Educación Media,VIGENTE CON ALUMNOS NUEVOS,Monto en Pesos,30000,2289000,,Salud,Salud y Servicios Sociales,Medicina,Técnico en Farmacia,Salud y Bienestar,Salud,NO ACREDITADA,ACREDITADA,26/10/2022 - 26/10/2028,6.0,120000,0,1
2025,3372878,I218S1C152J2V2,1987403.0,2,200008,20 a 24 años,2022,1,2022,1,Centros de Formación Técnica,Centros de Formación Técnica,Centros de Formación Técnica,218,CFT DE ENAC,1,CASA CENTRAL (SANTIAGO),152,TECNICO EN COSMETOLOGIA Y ESTETICA INTEGRAL,Presencial,Vespertina,2,Plan Regular,5,0,5,Metropolitana,SANTIAGO,SANTIAGO,Pregrado,Técnico de Nivel Superior,Carreras Técnicas,Educación Media,VIGENTE CON ALUMNOS NUEVOS,Monto en Pesos,60000,2758000,,Arte y Arquitectura,Servicios,Servicios Personales,Técnico en Peluquería y Estética,Servicios,Servicios personales,NO ACREDITADA,ACREDITADA,26/10/2022 - 26/10/2028,6.0,120000,0,1
2025,3357629,I218S1C36J1V2,7431928.0,2,200503,20 a 24 años,2024,1,2024,1,Centros de Formación Técnica,Centros de Formación Técnica,Centros de Formación Técnica,218,CFT DE ENAC,1,CASA CENTRAL (SANTIAGO),36,TECNICO EN ODONTOLOGIA,Presencial,Diurna,2,Plan Regular,5,0,5,Metropolitana,SANTIAGO,SANTIAGO,Pregrado,Técnico de Nivel Superior,Carreras Técnicas,Educación Media,VIGENTE CON ALUMNOS NUEVOS,Monto en Pesos,60000,2435000,,Salud,Salud y Servicios Sociales,Medicina,Técnico Dental y Asistente de Odontología,Salud y Bienestar,Salud,NO ACREDITADA,ACREDITADA,26/10/2022 - 26/10/2028,6.0,120000,0,1
2025,3833168,I218S1C10J2V2,5683079.0,2,199310,30 a 34 años,2025,1,2025,1,Centros de Formación Técnica,Centros de Formación Técnica,Centros de Formación Técnica,218,CFT DE ENAC,1,CASA CENTRAL (SANTIAGO),10,TECNICO EN ENFERMERIA,Presencial,Vespertina,2,Plan Regular,5,0,5,Metropolitana,SANTIAGO,SANTIAGO,Pregrado,Técnico de Nivel Superior,Carreras Técnicas,Educación Media,VIGENTE CON ALUMNOS NUEVOS,Monto en Pesos,60000,2435000,,Salud,Salud y Servicios Sociales,Medicina,Técnico en Enfermería,Salud y Bienestar,Salud,NO ACREDITADA,ACREDITADA,26/10/2022 - 26/10/2028,6.0,120000,0,1
2025,3989467,I117S1C67J4V1,2693656.0,1,199208,30 a 34 años,2024,1,2024,1,Institutos Profesionales,Institutos Profesionales,Institutos Profesionales,117,IP IACC,1,CASA CENTRAL (SANTIAGO),67,INGENIERIA INDUSTRIAL,No Presencial,A Distancia,1,Plan Regular,8,1,8,Metropolitana,SANTIAGO,PROVIDENCIA,Pregrado,Profesional Sin Licenciatura,Carreras Profesionales,Educación Media,VIGENTE CON ALUMNOS NUEVOS,Monto en Pesos,100000,2210000,,Tecnología,"Ingeniería, Industria y Construcción",Ingeniería y Profesiones Afines,Ingeniería Industrial,"Ingeniería, Industria y Construcción",Ingeniería y Profesiones Afines,NO ACREDITADA,ACREDITADA,01/06/2022 - 01/06/2026,4.0,114000,0,5
2025,3912215,I117S1C108J4V1,7905040.0,2,199308,30 a 34 años,2023,1,2023,1,Institutos Profesionales,Institutos Profesionales,Institutos Profesionales,117,IP IACC,1,CASA CENTRAL (SANTIAGO),108,INGENIERIA EN LOGISTICA,No Presencial,A Distancia,1,Plan Regular,8,1,8,Metropolitana,SANTIAGO,PROVIDENCIA,Pregrado,Profesional Sin Licenciatura,Carreras Profesionales,Educación Media,VIGENTE CON ALUMNOS NUEVOS,Monto en Pesos,100000,2150000,,Administración y Comercio,"Ciencias Sociales, Enseñanza Comercial y Derecho",Enseñanza Comercial y Administración,Ingeniería en Logística,Administración de Empresas y Derecho,Educación Comercial y Administración,NO ACREDITADA,ACREDITADA,01/06/2022 - 01/06/2026,4.0,114000,0,1
2025,3920493,I117S1C63J4V1,5897566.0,1,199901,25 a 29 años,2025,1,2025,1,Institutos Profesionales,Institutos Profesionales,Institutos Profesionales,117,IP IACC,1,CASA CENTRAL (SANTIAGO),63,TECNICO DE NIVEL SUPERIOR JURIDICO,No Presencial,A Distancia,1,Plan Regular,5,1,5,Metropolitana,SANTIAGO,PROVIDENCIA,Pregrado,Técnico de Nivel Superior,Carreras Técnicas,Educación Media,VIGENTE CON ALUMNOS NUEVOS,Monto en Pesos,100000,1780000,,Derecho,"Ciencias Sociales, Enseñanza Comercial y Derecho",Derecho,Técnico Jurídico,Administración de Empresas y Derecho,Derecho,NO ACREDITADA,ACREDITADA,01/06/2022 - 01/06/2026,4.0,114000,0,1
2025,3393743,I117S1C63J4V1,16938175.0,2,196503,40 y más años,2025,1,2025,1,Institutos Profesionales,Institutos Profesionales,Institutos Profesionales,117,IP IACC,1,CASA CENTRAL (SANTIAGO),63,TECNICO DE NIVEL SUPERIOR JURIDICO,No Presencial,A Distancia,1,Plan Regular,5,1,5,Metropolitana,SANTIAGO,PROVIDENCIA,Pregrado,Técnico de Nivel Superior,Carreras Técnicas,Educación Media,VIGENTE CON ALUMNOS NUEVOS,Monto en Pesos,100000,1780000,,Derecho,"Ciencias Sociales, Enseñanza Comercial y Derecho",Derecho,Técnico Jurídico,Administración de Empresas y Derecho,Derecho,NO ACREDITADA,ACREDITADA,01/06/2022 - 01/06/2026,4.0,114000,0,1
2025,3917293,I117S1C17J4V1,13604910.0,1,199503,30 a 34 años,2023,1,2023,1,Institutos Profesionales,Institutos Profesionales,Institutos Profesionales,117,IP IACC,1,CASA CENTRAL (SANTIAGO),17,TECNICO DE NIVEL SUPERIOR EN INFORMATICA,No Presencial,A Distancia,1,Plan Regular,5,1,5,Metropolitana,SANTIAGO,PROVIDENCIA,Pregrado,Técnico de Nivel Superior,Carreras Técnicas,Educación Media,VIGENTE CON ALUMNOS NUEVOS,Monto en Pesos,100000,2070000,,Tecnología,Ciencias,Informática,Técnico en Computación e Informática,Tecnología de la Información y la Comunicación (TIC),Tecnología de la Información y la Comunicación (TIC),NO ACREDITADA,ACREDITADA,01/06/2022 - 01/06/2026,4.0,114000,0,1
2025,3954603,I117S1C61J4V1,14937034.0,2,197005,40 y más años,2024,1,2024,1,Institutos Profesionales,Institutos Profesionales,Institutos Profesionales,117,IP IACC,1,CASA CENTRAL (SANTIAGO),61,TECNICO DE NIVEL SUPERIOR EN RECURSOS HUMANOS,No Presencial,A Distancia,1,Plan Regular,5,1,5,Metropolitana,SANTIAGO,PROVIDENCIA,Pregrado,Técnico de Nivel Superior,Carreras Técnicas,Educación Media,VIGENTE CON ALUMNOS NUEVOS,Monto en Pesos,100000,1920000,,Administración y Comercio,"Ciencias Sociales, Enseñanza Comercial y Derecho",Enseñanza Comercial y Administración,Técnico en Administración de Recursos Humanos y Personal,Administración de Empresas y Derecho,Educación Comercial y Administración,NO ACREDITADA,ACREDITADA,01/06/2022 - 01/06/2026,4.0,114000,0,1
2025,3983028,I117S1C30J4V1,5287334.0,2,198909,35 a 39 años,2024,1,2024,1,Institutos Profesionales,Institutos Profesionales,Institutos Profesionales,117,IP IACC,1,CASA CENTRAL (SANTIAGO),30,CONTABILIDAD GENERAL,No Presencial,A Distancia,1,Plan Regular,5,1,5,Metropolitana,SANTIAGO,PROVIDENCIA,Pregrado,Técnico de Nivel Superior,Carreras Técnicas,Educación Media,VIGENTE CON ALUMNOS NUEVOS,Monto en Pesos,100000,1910000,,Administración y Comercio,"Ciencias Sociales, Enseñanza Comercial y Derecho",Enseñanza Comercial y Administración,Técnico en Contabilidad General,Administración de Empresas y Derecho,Educación Comercial y Administración,NO ACREDITADA,ACREDITADA,01/06/2022 - 01/06/2026,4.0,114000,0,1
2025,3986128,I117S1C30J4V1,12224517.0,2,197101,40 y más años,2023,1,2023,1,Institutos Profesionales,Institutos Profesionales,Institutos Profesionales,117,IP IACC,1,CASA CENTRAL (SANTIAGO),30,CONTABILIDAD GENERAL,No Presencial,A Distancia,1,Plan Regular,5,1,5,Metropolitana,SANTIAGO,PROVIDENCIA,Pregrado,Técnico de Nivel Superior,Carreras Técnicas,Educación Media,VIGENTE CON ALUMNOS NUEVOS,Monto en Pesos,100000,1910000,,Administración y Comercio,"Ciencias Sociales, Enseñanza Comercial y Derecho",Enseñanza Comercial y Administración,Técnico en Contabilidad General,Administración de Empresas y Derecho,Educación Comercial y Administración,NO ACREDITADA,ACREDITADA,01/06/2022 - 01/06/2026,4.0,114000,0,1
2025,3802612,I143S24C83J2V2,3199874.0,1,200102,20 a 24 años,2021,1,2021,1,Institutos Profesionales,Institutos Profesionales,Institutos Profesionales,143,IP AIEP,24,SEDE VALPARAISO,83,TECNICO EN TRABAJO SOCIAL,Presencial,Vespertina,2,Plan Regular,5,1,5,Valparaíso,VALPARAISO,VALPARAISO,Pregrado,Técnico de Nivel Superior,Carreras Técnicas,Educación Media,VIGENTE CON ALUMNOS NUEVOS,Monto en Pesos,230000,2400000,,Ciencias Sociales,Salud y Servicios Sociales,Servicios Sociales,Técnico en Servicio Social,Salud y Bienestar,Bienestar,NO ACREDITADA,ACREDITADA,23/11/2022 - 23/11/2027,5.0,672000,0,1
2025,3940544,I143S22C9J1V1,2909074.0,1,200409,20 a 24 años,2023,1,2023,1,Institutos Profesionales,Institutos Profesionales,Institutos Profesionales,143,IP AIEP,22,SEDE TALCA,9,CONTABILIDAD GENERAL,Presencial,Diurna,1,Plan Regular,5,1,5,Maule,TALCA,TALCA,Pregrado,Técnico de Nivel Superior,Carreras Técnicas,Educación Media,VIGENTE CON ALUMNOS NUEVOS,Monto en Pesos,230000,2110000,,Administración y Comercio,"Ciencias Sociales, Enseñanza Comercial y Derecho",Enseñanza Comercial y Administración,Técnico en Contabilidad General,Administración de Empresas y Derecho,Educación Comercial y Administración,NO ACREDITADA,ACREDITADA,23/11/2022 - 23/11/2027,5.0,591000,0,1
2025,3800404,I143S13C92J1V1,3987620.0,2,200211,20 a 24 años,2022,1,2022,1,Institutos Profesionales,Institutos Profesionales,Institutos Profesionales,143,IP AIEP,13,SEDE CONCEPCION,92,TECNICO EN ODONTOLOGIA,Presencial,Diurna,1,Plan Regular,5,1,5,Biobío,CONCEPCION,CONCEPCION,Pregrado,Técnico de Nivel Superior,Carreras Técnicas,Educación Media,VIGENTE CON ALUMNOS NUEVOS,Monto en Pesos,230000,2610000,,Salud,Salud y Servicios Sociales,Medicina,Técnico Dental y Asistente de Odontología,Salud y Bienestar,Salud,NO ACREDITADA,ACREDITADA,23/11/2022 - 23/11/2027,5.0,731000,0,1
2025,3790381,I143S22C27J1V1,15066625.0,2,199811,25 a 29 años,2025,1,2025,1,Institutos Profesionales,Institutos Profesionales,Institutos Profesionales,143,IP AIEP,22,SEDE TALCA,27,PREVENCION DE RIESGOS,Presencial,Diurna,1,Plan Regular,5,1,5,Maule,TALCA,TALCA,Pregrado,Técnico de Nivel Superior,Carreras Técnicas,Educación Media,VIGENTE CON ALUMNOS NUEVOS,Monto en Pesos,230000,2200000,,Tecnología,Servicios,Servicios de Seguridad,Técnico en Prevención de Riesgos,Servicios,Servicios de Higiene y Salud Ocupacional,NO ACREDITADA,ACREDITADA,23/11/2022 - 23/11/2027,5.0,616000,0,1
2025,2757818,I143S5C742J2V1,14752672.0,2,200402,20 a 24 años,2025,1,2025,1,Institutos Profesionales,Institutos Profesionales,Institutos Profesionales,143,IP AIEP,5,SEDE CALAMA,742,TECNICO EN EDUCACION PARVULARIA 1 Y 2 BASICO,Presencial,Vespertina,1,Plan Regular,5,1,5,Antofagasta,EL LOA,CALAMA,Pregrado,Técnico de Nivel Superior,Carreras Técnicas,Educación Media,VIGENTE CON ALUMNOS NUEVOS,Monto en Pesos,230000,2270000,,Educación,Educación,Formación de Personal Docente y Ciencias de la Educación,Técnico Asistente del Educador de Párvulos,Educación,Educación,NO ACREDITADA,ACREDITADA,23/11/2022 - 23/11/2027,5.0,636000,0,1
2025,3900003,I143S28C118J4V1,7805700.0,2,199612,25 a 29 años,2024,1,2024,1,Institutos Profesionales,Institutos Profesionales,Institutos Profesionales,143,IP AIEP,28,SEDE ONLINE,118,TECNICO EN ADMINISTRACION DE EMPRESAS MENCION RECURSOS HUMANOS,No Presencial,A Distancia,1,Plan Regular,5,1,5,Metropolitana,SANTIAGO,CONCHALI,Pregrado,Técnico de Nivel Superior,Carreras Técnicas,Educación Media,VIGENTE CON ALUMNOS NUEVOS,Monto en Pesos,230000,2410000,,Administración y Comercio,"Ciencias Sociales, Enseñanza Comercial y Derecho",Enseñanza Comercial y Administración,Técnico en Administración de Empresas,Administración de Empresas y Derecho,Educación Comercial y Administración,NO ACREDITADA,ACREDITADA,23/11/2022 - 23/11/2027,5.0,675000,0,1
2025,2754766,I143S2C609J1V2,12275921.0,1,200107,20 a 24 años,2025,1,2025,1,Institutos Profesionales,Institutos Profesionales,Institutos Profesionales,143,IP AIEP,2,SEDE ANTOFAGASTA,609,GASTRONOMIA INTERNACIONAL,Presencial,Diurna,2,Plan Regular,4,1,4,Antofagasta,ANTOFAGASTA,ANTOFAGASTA,Pregrado,Técnico de Nivel Superior,Carreras Técnicas,Educación Media,VIGENTE CON ALUMNOS NUEVOS,Monto en Pesos,230000,2320000,,Administración y Comercio,Servicios,Servicios Personales,Técnico en Gastronomía y Cocina,Servicios,Servicios personales,NO ACREDITADA,ACREDITADA,23/11/2022 - 23/11/2027,5.0,250000,0,6
2025,3787929,I143S10C664J2V1,8133767.0,1,199811,25 a 29 años,2022,1,2024,1,Institutos Profesionales,Institutos Profesionales,Institutos Profesionales,143,IP AIEP,10,SEDE CURICO,664,INGENIERIA EN ELECTRICIDAD Y ENERGIAS RENOVABLES,Presencial,Vespertina,1,Plan Regular,8,1,8,Maule,CURICO,CURICO,Pregrado,Profesional Sin Licenciatura,Carreras Profesionales,Educación Media,VIGENTE CON ALUMNOS NUEVOS,Monto en Pesos,230000,2530000,,Tecnología,"Ingeniería, Industria y Construcción",Ingeniería y Profesiones Afines,Ingeniería en Electricidad,"Ingeniería, Industria y Construcción",Ingeniería y Profesiones Afines,NO ACREDITADA,ACREDITADA,23/11/2022 - 23/11/2027,5.0,250000,0,3
2025,3900407,I143S2C113J2V2,8023871.0,2,199512,25 a 29 años,2024,1,2024,1,Institutos Profesionales,Institutos Profesionales,Institutos Profesionales,143,IP AIEP,2,SEDE ANTOFAGASTA,113,INGENIERIA DE EJECUCION EN ADMINISTRACION DE EMPRESAS MENCION RECURSOS HUMANOS,Presencial,Vespertina,2,Plan Regular,8,1,8,Antofagasta,ANTOFAGASTA,ANTOFAGASTA,Pregrado,Profesional Sin Licenciatura,Carreras Profesionales,Educación Media,VIGENTE SIN ALUMNOS NUEVOS,Monto en Pesos,230000,2380000,,Administración y Comercio,"Ciencias Sociales, Enseñanza Comercial y Derecho",Enseñanza Comercial y Administración,Administración de Empresas e Ing. Asociadas,Administración de Empresas y Derecho,Educación Comercial y Administración,NO ACREDITADA,ACREDITADA,23/11/2022 - 23/11/2027,5.0,250000,0,1
2025,3218979,I143S20C95J2V1,6885891.0,1,200011,20 a 24 años,2024,1,2024,1,Institutos Profesionales,Institutos Profesionales,Institutos Profesionales,143,IP AIEP,20,SEDE TEMUCO,95,INGENIERIA EN ADMINISTRACION DE EMPRESAS,Presencial,Vespertina,1,Plan Regular,8,1,8,La Araucanía,CAUTIN,TEMUCO,Pregrado,Profesional Sin Licenciatura,Carreras Profesionales,Educación Media,VIGENTE CON ALUMNOS NUEVOS,Monto en Pesos,230000,2310000,,Administración y Comercio,"Ciencias Sociales, Enseñanza Comercial y Derecho",Enseñanza Comercial y Administración,Administración de Empresas e Ing. Asociadas,Administración de Empresas y Derecho,Educación Comercial y Administración,NO ACREDITADA,ACREDITADA,23/11/2022 - 23/11/2027,5.0,250000,0,1
2025,2697146,I430S29C326J2V1,14134690.0,1,200508,15 a 19 años,2025,1,2025,1,Centros de Formación Técnica,Centros de Formación Técnica,Centros de Formación Técnica,430,CFT INACAP,29,SEDE LOS ANGELES,326,TECNICO EN MECANICA Y ELECTROMOVILIDAD AUTOMOTRIZ,Presencial,Vespertina,1,Plan Regular,4,0,4,Biobío,BIOBIO,LOS ANGELES,Pregrado,Técnico de Nivel Superior,Carreras Técnicas,Educación Media,VIGENTE CON ALUMNOS NUEVOS,Monto en Pesos,295000,2908000,,Tecnología,"Ingeniería, Industria y Construcción",Ingeniería y Profesiones Afines,Técnico en Mecánica Automotriz,"Ingeniería, Industria y Construcción",Ingeniería y Profesiones Afines,NO ACREDITADA,ACREDITADA,05/01/2018 - 05/01/2025,7.0,36000,0,5
2025,3446904,I430S15C351J1V1,5598114.0,2,198705,35 a 39 años,2024,1,2024,1,Centros de Formación Técnica,Centros de Formación Técnica,Centros de Formación Técnica,430,CFT INACAP,15,SEDE SANTIAGO CENTRO,351,TECNICO EN ADMINISTRACION PUBLICA,Presencial,Diurna,1,Plan Regular,4,0,4,Metropolitana,SANTIAGO,SANTIAGO,Pregrado,Técnico de Nivel Superior,Carreras Técnicas,Educación Media,VIGENTE SIN ALUMNOS NUEVOS,Monto en Pesos,295000,2596000,,Ciencias Sociales,"Ciencias Sociales, Enseñanza Comercial y Derecho",Enseñanza Comercial y Administración,Técnico en Administración Pública o Municipal,Administración de Empresas y Derecho,Educación Comercial y Administración,NO ACREDITADA,ACREDITADA,05/01/2018 - 05/01/2025,7.0,36000,0,1
2025,3469984,I430S27C349J2V1,11806528.0,1,200312,20 a 24 años,2024,1,2024,1,Centros de Formación Técnica,Centros de Formación Técnica,Centros de Formación Técnica,430,CFT INACAP,27,SEDE LA SERENA,349,DISEÑO DIGITAL Y WEB,Presencial,Vespertina,1,Plan Regular,4,0,4,Coquimbo,ELQUI,LA SERENA,Pregrado,Técnico de Nivel Superior,Carreras Técnicas,Educación Media,VIGENTE CON ALUMNOS NUEVOS,Monto en Pesos,295000,2809000,,Arte y Arquitectura,Humanidades y Artes,Artes,Técnico en Diseño Gráfico,Artes y Humanidades,Artes,NO ACREDITADA,ACREDITADA,05/01/2018 - 05/01/2025,7.0,36000,0,1
2025,3442485,I430S5C201J1V1,7842287.0,1,200211,20 a 24 años,2024,1,2024,1,Centros de Formación Técnica,Centros de Formación Técnica,Centros de Formación Técnica,430,CFT INACAP,5,SEDE COPIAPO,201,ADMINISTRACION DE EMPRESAS,Presencial,Diurna,1,Plan Regular,4,0,4,Atacama,COPIAPO,COPIAPO,Pregrado,Técnico de Nivel Superior,Carreras Técnicas,Educación Media,VIGENTE CON ALUMNOS NUEVOS,Monto en Pesos,295000,2728000,,Administración y Comercio,"Ciencias Sociales, Enseñanza Comercial y Derecho",Enseñanza Comercial y Administración,Técnico en Administración de Empresas,Administración de Empresas y Derecho,Educación Comercial y Administración,NO ACREDITADA,ACREDITADA,05/01/2018 - 05/01/2025,7.0,36000,0,1
2025,3466726,I430S22C326J1V1,2693542.0,1,200506,20 a 24 años,2024,1,2024,1,Centros de Formación Técnica,Centros de Formación Técnica,Centros de Formación Técnica,430,CFT INACAP,22,SEDE CHILLAN,326,TECNICO EN MECANICA Y ELECTROMOVILIDAD AUTOMOTRIZ,Presencial,Diurna,1,Plan Regular,4,0,4,Ñuble,DIGUILLIN,CHILLAN,Pregrado,Técnico de Nivel Superior,Carreras Técnicas,Educación Media,VIGENTE CON ALUMNOS NUEVOS,Monto en Pesos,295000,2902000,,Tecnología,"Ingeniería, Industria y Construcción",Ingeniería y Profesiones Afines,Técnico en Mecánica Automotriz,"Ingeniería, Industria y Construcción",Ingeniería y Profesiones Afines,NO ACREDITADA,ACREDITADA,05/01/2018 - 05/01/2025,7.0,36000,0,1
2025,2710767,I430S27C186J1V2,2012566.0,1,200411,20 a 24 años,2025,1,2025,1,Centros de Formación Técnica,Centros de Formación Técnica,Centros de Formación Técnica,430,CFT INACAP,27,SEDE LA SERENA,186,TECNICO EN ELECTRICIDAD INDUSTRIAL,Presencial,Diurna,2,Plan Regular,4,0,4,Coquimbo,ELQUI,LA SERENA,Pregrado,Técnico de Nivel Superior,Carreras Técnicas,Educación Media,VIGENTE CON ALUMNOS NUEVOS,Monto en Pesos,295000,2938000,,Tecnología,"Ingeniería, Industria y Construcción",Ingeniería y Profesiones Afines,Técnico en Electricidad y Electricidad Industrial,"Ingeniería, Industria y Construcción",Ingeniería y Profesiones Afines,NO ACREDITADA,ACREDITADA,05/01/2018 - 05/01/2025,7.0,36000,0,1
2025,3465563,I430S38C135J1V1,1303131.0,1,200303,20 a 24 años,2025,1,2025,1,Centros de Formación Técnica,Centros de Formación Técnica,Centros de Formación Técnica,430,CFT INACAP,38,SEDE SAN PEDRO DE LA PAZ,135,MECANICA AUTOMOTRIZ EN MAQUINARIA PESADA,Presencial,Diurna,1,Plan Regular,4,0,4,Biobío,CONCEPCION,SAN PEDRO DE LA PAZ,Pregrado,Técnico de Nivel Superior,Carreras Técnicas,Educación Media,VIGENTE CON ALUMNOS NUEVOS,Monto en Pesos,295000,2804000,,Tecnología,"Ingeniería, Industria y Construcción",Ingeniería y Profesiones Afines,Técnico en Mecánica Automotriz,"Ingeniería, Industria y Construcción",Ingeniería y Profesiones Afines,NO ACREDITADA,ACREDITADA,05/01/2018 - 05/01/2025,7.0,36000,0,1
2025,2698942,I430S10C34J2V1,4209666.0,1,200410,20 a 24 años,2025,1,2025,1,Centros de Formación Técnica,Centros de Formación Técnica,Centros de Formación Técnica,430,CFT INACAP,10,SEDE RENCA,34,TECNICO EN MANTENIMIENTO INDUSTRIAL,Presencial,Vespertina,1,Plan Regular,4,0,4,Metropolitana,SANTIAGO,RENCA,Pregrado,Técnico de Nivel Superior,Carreras Técnicas,Educación Media,VIGENTE CON ALUMNOS NUEVOS,Monto en Pesos,295000,3027000,,Tecnología,"Ingeniería, Industria y Construcción",Ingeniería y Profesiones Afines,Técnico en Mantenimiento Industrial,"Ingeniería, Industria y Construcción",Ingeniería y Profesiones Afines,NO ACREDITADA,ACREDITADA,05/01/2018 - 05/01/2025,7.0,36000,0,1
2025,2703759,I430S12C34J1V1,16595027.0,1,200307,20 a 24 años,2025,1,2025,1,Centros de Formación Técnica,Centros de Formación Técnica,Centros de Formación Técnica,430,CFT INACAP,12,SEDE MAIPU,34,TECNICO EN MANTENIMIENTO INDUSTRIAL,Presencial,Diurna,1,Plan Regular,4,0,4,Metropolitana,SANTIAGO,MAIPU,Pregrado,Técnico de Nivel Superior,Carreras Técnicas,Educación Media,VIGENTE CON ALUMNOS NUEVOS,Monto en Pesos,295000,3027000,,Tecnología,"Ingeniería, Industria y Construcción",Ingeniería y Profesiones Afines,Técnico en Mantenimiento Industrial,"Ingeniería, Industria y Construcción",Ingeniería y Profesiones Afines,NO ACREDITADA,ACREDITADA,05/01/2018 - 05/01/2025,7.0,36000,0,1
2025,2710939,I430S23C326J1V1,4863112.0,1,200504,20 a 24 años,2025,1,2025,1,Centros de Formación Técnica,Centros de Formación Técnica,Centros de Formación Técnica,430,CFT INACAP,23,SEDE PUERTO MONTT,326,TECNICO EN MECANICA Y ELECTROMOVILIDAD AUTOMOTRIZ,Presencial,Diurna,1,Plan Regular,4,0,4,Los Lagos,LLANQUIHUE,PUERTO MONTT,Pregrado,Técnico de Nivel Superior,Carreras Técnicas,Educación Media,VIGENTE CON ALUMNOS NUEVOS,Monto en Pesos,295000,2908000,,Tecnología,"Ingeniería, Industria y Construcción",Ingeniería y Profesiones Afines,Técnico en Mecánica Automotriz,"Ingeniería, Industria y Construcción",Ingeniería y Profesiones Afines,NO ACREDITADA,ACREDITADA,05/01/2018 - 05/01/2025,7.0,36000,0,1
2025,2700363,I430S12C326J1V1,10071865.0,1,200512,15 a 19 años,2025,1,2025,1,Centros de Formación Técnica,Centros de Formación Técnica,Centros de Formación Técnica,430,CFT INACAP,12,SEDE MAIPU,326,TECNICO EN MECANICA Y ELECTROMOVILIDAD AUTOMOTRIZ,Presencial,Diurna,1,Plan Regular,4,0,4,Metropolitana,SANTIAGO,MAIPU,Pregrado,Técnico de Nivel Superior,Carreras Técnicas,Educación Media,VIGENTE CON ALUMNOS NUEVOS,Monto en Pesos,295000,2908000,,Tecnología,"Ingeniería, Industria y Construcción",Ingeniería y Profesiones Afines,Técnico en Mecánica Automotriz,"Ingeniería, Industria y Construcción",Ingeniería y Profesiones Afines,NO ACREDITADA,ACREDITADA,05/01/2018 - 05/01/2025,7.0,36000,0,1
2025,2710592,I430S37C330J1V1,16740018.0,1,200510,15 a 19 años,2025,1,2025,1,Centros de Formación Técnica,Centros de Formación Técnica,Centros de Formación Técnica,430,CFT INACAP,37,SEDE PUENTE ALTO,330,GASTRONOMIA,Presencial,Diurna,1,Plan Regular,4,0,4,Metropolitana,CORDILLERA,PUENTE ALTO,Pregrado,Técnico de Nivel Superior,Carreras Técnicas,Educación Media,VIGENTE CON ALUMNOS NUEVOS,Monto en Pesos,295000,3905000,,Administración y Comercio,Servicios,Servicios Personales,Técnico en Gastronomía y Cocina,Servicios,Servicios personales,NO ACREDITADA,ACREDITADA,05/01/2018 - 05/01/2025,7.0,36000,0,1
2025,3449263,I430S14C330J1V1,6391243.0,1,200610,15 a 19 años,2025,1,2025,1,Centros de Formación Técnica,Centros de Formación Técnica,Centros de Formación Técnica,430,CFT INACAP,14,SEDE APOQUINDO,330,GASTRONOMIA,Presencial,Diurna,1,Plan Regular,4,0,4,Metropolitana,SANTIAGO,LAS CONDES,Pregrado,Técnico de Nivel Superior,Carreras Técnicas,Educación Media,VIGENTE CON ALUMNOS NUEVOS,Monto en Pesos,295000,4105000,,Administración y Comercio,Servicios,Servicios Personales,Técnico en Gastronomía y Cocina,Servicios,Servicios personales,NO ACREDITADA,ACREDITADA,05/01/2018 - 05/01/2025,7.0,36000,0,1
2025,3467182,I430S1C330J1V1,2708856.0,1,200405,20 a 24 años,2025,1,2025,1,Centros de Formación Técnica,Centros de Formación Técnica,Centros de Formación Técnica,430,CFT INACAP,1,SEDE ANTOFAGASTA,330,GASTRONOMIA,Presencial,Diurna,1,Plan Regular,4,0,4,Antofagasta,ANTOFAGASTA,ANTOFAGASTA,Pregrado,Técnico de Nivel Superior,Carreras Técnicas,Educación Media,VIGENTE CON ALUMNOS NUEVOS,Monto en Pesos,295000,3663000,,Administración y Comercio,Servicios,Servicios Personales,Técnico en Gastronomía y Cocina,Servicios,Servicios personales,NO ACREDITADA,ACREDITADA,05/01/2018 - 05/01/2025,7.0,36000,0,1
2025,3511185,I100S23C169J1V1,7777738.0,2,200103,20 a 24 años,2020,1,2020,1,Institutos Profesionales,Institutos Profesionales,Institutos Profesionales,100,IP INACAP,23,SEDE RANCAGUA,169,INGENIERIA AGRICOLA,Presencial,Diurna,1,Plan Regular,8,0,8,Lib. Gral. B. O'Higgins,CACHAPOAL,RANCAGUA,Pregrado,Profesional Sin Licenciatura,Carreras Profesionales,Educación Media,VIGENTE CON ALUMNOS NUEVOS,Monto en Pesos,295000,2899000,,Agropecuaria,Agricultura,"Agricultura, Silvicultura y Pesca",Ingeniería Agrícola,"Agricultura, Silvicultura, Pesca y Veterinaria",Agricultura,NO ACREDITADA,ACREDITADA,06/09/2023 - 06/09/2030,7.0,36000,0,1
2025,3571528,I100S4C126J1V1,2425106.0,1,200611,15 a 19 años,2025,1,2025,1,Institutos Profesionales,Institutos Profesionales,Institutos Profesionales,100,IP INACAP,4,SEDE ANTOFAGASTA,126,INGENIERIA EN MINAS,Presencial,Diurna,1,Plan Regular,8,0,8,Antofagasta,ANTOFAGASTA,ANTOFAGASTA,Pregrado,Profesional Sin Licenciatura,Carreras Profesionales,Educación Media,VIGENTE CON ALUMNOS NUEVOS,Monto en Pesos,295000,3117000,,Tecnología,"Ingeniería, Industria y Construcción",Industria y Producción,Ingeniería en Minas,"Ingeniería, Industria y Construcción",Industria y Producción,NO ACREDITADA,ACREDITADA,06/09/2023 - 06/09/2030,7.0,36000,0,1
2025,2713014,I100S20C301J1V1,2440213.0,1,200604,15 a 19 años,2025,1,2025,1,Institutos Profesionales,Institutos Profesionales,Institutos Profesionales,100,IP INACAP,20,SEDE RENCA,301,INGENIERIA EN AUTOMATIZACION Y ROBOTICA,Presencial,Diurna,1,Plan Regular,8,0,8,Metropolitana,SANTIAGO,RENCA,Pregrado,Profesional Sin Licenciatura,Carreras Profesionales,Educación Media,VIGENTE CON ALUMNOS NUEVOS,Monto en Pesos,295000,3491000,,Tecnología,"Ingeniería, Industria y Construcción",Ingeniería y Profesiones Afines,"Ingeniería en Automatización, Instrumentación y Control","Ingeniería, Industria y Construcción",Ingeniería y Profesiones Afines,NO ACREDITADA,ACREDITADA,06/09/2023 - 06/09/2030,7.0,36000,0,1
2025,2723256,I100S42C304J2V1,12964312.0,1,200210,20 a 24 años,2025,1,2025,1,Institutos Profesionales,Institutos Profesionales,Institutos Profesionales,100,IP INACAP,42,SEDE LA GRANJA,304,INGENIERIA EN MECANICA Y ELECTROMOVILIDAD AUTOMOTRIZ,Presencial,Vespertina,1,Plan Regular,8,0,8,Metropolitana,SANTIAGO,LA GRANJA,Pregrado,Profesional Sin Licenciatura,Carreras Profesionales,Educación Media,VIGENTE CON ALUMNOS NUEVOS,Monto en Pesos,295000,3174000,,Tecnología,"Ingeniería, Industria y Construcción",Ingeniería y Profesiones Afines,Ingeniería en Mecánica Automotriz,"Ingeniería, Industria y Construcción",Ingeniería y Profesiones Afines,NO ACREDITADA,ACREDITADA,06/09/2023 - 06/09/2030,7.0,36000,0,1
2024,616467,I100S23C21J2V1,24984318.0,1,200108,20 a 24 años,2023,1,2023,1,Institutos Profesionales,Institutos Profesionales,Institutos Profesionales,100,IP INACAP,23,SEDE RANCAGUA,21,INGENIERIA EN MANTENIMIENTO INDUSTRIAL,Presencial,Vespertina,1,Plan Regular,8,0,8,Lib. Gral. B. O'Higgins,CACHAPOAL,RANCAGUA,Pregrado,Profesional Sin Licenciatura,Carreras Profesionales,Educación Media,VIGENTE CON ALUMNOS NUEVOS,Monto en Pesos,277000,3048000,,Tecnología,"Ingeniería, Industria y Construcción",Ingeniería y Profesiones Afines,Ingeniería Industrial,"Ingeniería, Industria y Construcción",Ingeniería y Profesiones Afines,NO ACREDITADA,ACREDITADA,06/09/2023 - 06/09/2030,7.0,36000,0,1
2024,496564,I430S34C42J1V2,26099883.0,1,199803,25 a 29 años,2023,1,2023,1,Centros de Formación Técnica,Centros de Formación Técnica,Centros de Formación Técnica,430,CFT INACAP,34,SEDE ÑUÑOA,42,ANALISTA PROGRAMADOR,Presencial,Diurna,2,Plan Regular,4,0,4,Metropolitana,SANTIAGO,ÑUÑOA,Pregrado,Técnico de Nivel Superior,Carreras Técnicas,Educación Media,VIGENTE CON ALUMNOS NUEVOS,Monto en Pesos,277000,2801000,,Tecnología,Ciencias,Informática,Técnico en Computación e Informática,Tecnología de la Información y la Comunicación (TIC),Tecnología de la Información y la Comunicación (TIC),NO ACREDITADA,ACREDITADA,05/01/2018 - 05/01/2025,7.0,36000,0,1
2024,62101,I430S10C186J2V2,24097757.0,1,198905,35 a 39 años,2024,1,2024,1,Centros de Formación Técnica,Centros de Formación Técnica,Centros de Formación Técnica,430,CFT INACAP,10,SEDE RENCA,186,TECNICO EN ELECTRICIDAD INDUSTRIAL,Presencial,Vespertina,2,Plan Regular,4,0,4,Metropolitana,SANTIAGO,RENCA,Pregrado,Técnico de Nivel Superior,Carreras Técnicas,Educación Media,VIGENTE CON ALUMNOS NUEVOS,Monto en Pesos,277000,2819000,,Tecnología,"Ingeniería, Industria y Construcción",Ingeniería y Profesiones Afines,Técnico en Electricidad y Electricidad Industrial,"Ingeniería, Industria y Construcción",Ingeniería y Profesiones Afines,NO ACREDITADA,ACREDITADA,05/01/2018 - 05/01/2025,7.0,36000,0,1
2025,3821614,I111S5C50J1V1,17542533.0,2,200110,20 a 24 años,2020,1,2020,1,Institutos Profesionales,Institutos Profesionales,Institutos Profesionales,111,IP DUOC UC,5,SEDE ANTONIO VARAS,50,INGENIERIA EN CONECTIVIDAD Y REDES,Presencial,Diurna,1,Plan Regular,8,1,8,Metropolitana,SANTIAGO,PROVIDENCIA,Pregrado,Profesional Sin Licenciatura,Carreras Profesionales,Educación Media,VIGENTE SIN ALUMNOS NUEVOS,Monto en Pesos,334000,3260000,,Tecnología,Ciencias,Informática,Ingeniería en Conectividad y Redes,Tecnología de la Información y la Comunicación (TIC),Tecnología de la Información y la Comunicación (TIC),NO ACREDITADA,ACREDITADA,16/10/2024 - 16/10/2031,7.0,0,0,1
2025,3841941,I111S15C48J1V1,20504945.0,1,200506,20 a 24 años,2024,1,2024,1,Institutos Profesionales,Institutos Profesionales,Institutos Profesionales,111,IP DUOC UC,15,SEDE MAIPU,48,INGENIERIA EN INFORMATICA,Presencial,Diurna,1,Plan Regular,8,1,8,Metropolitana,SANTIAGO,MAIPU,Pregrado,Profesional Sin Licenciatura,Carreras Profesionales,Educación Media,VIGENTE CON ALUMNOS NUEVOS,Monto en Pesos,334000,3260000,,Tecnología,Ciencias,Informática,Ingeniería en Computación e Informática,Tecnología de la Información y la Comunicación (TIC),Tecnología de la Información y la Comunicación (TIC),NO ACREDITADA,ACREDITADA,16/10/2024 - 16/10/2031,7.0,0,0,1
2025,2735457,I111S5C100J2V2,19835803.0,1,200306,20 a 24 años,2025,1,2025,1,Institutos Profesionales,Institutos Profesionales,Institutos Profesionales,111,IP DUOC UC,5,SEDE ANTONIO VARAS,100,GASTRONOMIA INTERNACIONAL,Presencial,Vespertina,2,Plan Regular,8,1,8,Metropolitana,SANTIAGO,PROVIDENCIA,Pregrado,Profesional Sin Licenciatura,Carreras Profesionales,Educación Media,VIGENTE CON ALUMNOS NUEVOS,Monto en Pesos,334000,4140000,,Administración y Comercio,Servicios,Servicios Personales,Administración Gastronómica,Servicios,Servicios personales,NO ACREDITADA,ACREDITADA,16/10/2024 - 16/10/2031,7.0,0,0,1
2025,3340732,I111S15C104J2V2,25787553.0,1,200210,20 a 24 años,2022,1,2022,1,Institutos Profesionales,Institutos Profesionales,Institutos Profesionales,111,IP DUOC UC,15,SEDE MAIPU,104,INGENIERIA EN CONSTRUCCION,Presencial,Vespertina,2,Plan Regular,8,1,8,Metropolitana,SANTIAGO,MAIPU,Pregrado,Profesional Sin Licenciatura,Carreras Profesionales,Educación Media,VIGENTE CON ALUMNOS NUEVOS,Monto en Pesos,334000,3320000,,Tecnología,"Ingeniería, Industria y Construcción",Arquitectura y Construcción,Ingeniería en Construcción,"Ingeniería, Industria y Construcción",Arquitectura y Construcción,NO ACREDITADA,ACREDITADA,16/10/2024 - 16/10/2031,7.0,0,0,1
2025,3276558,I111S15C6J1V1,19704430.0,2,197310,40 y más años,2024,1,2024,1,Institutos Profesionales,Institutos Profesionales,Institutos Profesionales,111,IP DUOC UC,15,SEDE MAIPU,6,AUDITORIA,Presencial,Diurna,1,Plan Regular,8,1,8,Metropolitana,SANTIAGO,MAIPU,Pregrado,Profesional Sin Licenciatura,Carreras Profesionales,Educación Media,VIGENTE CON ALUMNOS NUEVOS,Monto en Pesos,334000,2890000,,Administración y Comercio,"Ciencias Sociales, Enseñanza Comercial y Derecho",Enseñanza Comercial y Administración,Contador Auditor,Administración de Empresas y Derecho,Educación Comercial y Administración,NO ACREDITADA,ACREDITADA,16/10/2024 - 16/10/2031,7.0,0,0,1
2025,3280056,I111S12C485J2V1,20214662.0,1,200210,20 a 24 años,2025,1,2025,1,Institutos Profesionales,Institutos Profesionales,Institutos Profesionales,111,IP DUOC UC,12,SEDE PUENTE ALTO,485,INGENIERIA EN ADMINISTRACION MENCION GESTION DE PERSONAS,Presencial,Vespertina,1,Plan Regular,8,1,8,Metropolitana,CORDILLERA,PUENTE ALTO,Pregrado,Profesional Sin Licenciatura,Carreras Profesionales,Educación Media,VIGENTE CON ALUMNOS NUEVOS,Monto en Pesos,334000,3130000,,Administración y Comercio,"Ciencias Sociales, Enseñanza Comercial y Derecho",Enseñanza Comercial y Administración,Ingeniería en Recursos Humanos,Administración de Empresas y Derecho,Educación Comercial y Administración,NO ACREDITADA,ACREDITADA,16/10/2024 - 16/10/2031,7.0,0,0,1
2025,3816959,I111S9C505J2V1,17871214.0,1,200011,20 a 24 años,2025,1,2025,1,Institutos Profesionales,Institutos Profesionales,Institutos Profesionales,111,IP DUOC UC,9,SEDE PLAZA VESPUCIO,505,TECNICO EN REDES Y TELECOMUNICACIONES,Presencial,Vespertina,1,Plan Regular,5,1,5,Metropolitana,SANTIAGO,LA FLORIDA,Pregrado,Técnico de Nivel Superior,Carreras Técnicas,Educación Media,VIGENTE CON ALUMNOS NUEVOS,Monto en Pesos,254000,2960000,,Tecnología,"Ingeniería, Industria y Construcción",Ingeniería y Profesiones Afines,Técnico en Telecomunicaciones,"Ingeniería, Industria y Construcción",Ingeniería y Profesiones Afines,NO ACREDITADA,ACREDITADA,16/10/2024 - 16/10/2031,7.0,0,0,1
2025,3319783,I111S3C38J1V1,17994134.0,1,200506,20 a 24 años,2023,1,2023,1,Institutos Profesionales,Institutos Profesionales,Institutos Profesionales,111,IP DUOC UC,3,SEDE CONCEPCION,38,COMUNICACION AUDIOVISUAL,Presencial,Diurna,1,Plan Regular,8,1,8,Biobío,CONCEPCION,CONCEPCION,Pregrado,Profesional Sin Licenciatura,Carreras Profesionales,Educación Media,VIGENTE CON ALUMNOS NUEVOS,Monto en Pesos,284000,3390000,,Arte y Arquitectura,Humanidades y Artes,Artes,Comunicación Audiovisual y/o Multimedia,Artes y Humanidades,Artes,NO ACREDITADA,ACREDITADA,16/10/2024 - 16/10/2031,7.0,0,0,1
2025,3962239,I633S2C41J2V1,22425543.0,1,200401,20 a 24 años,2022,1,2022,1,Centros de Formación Técnica,Centros de Formación Técnica,Centros de Formación Técnica,633,CFT TEODORO WICKEL KLUWEN,2,SEDE ANGOL,41,TECNICO DE NIVEL SUPERIOR EN ENFERMERIA,Presencial,Vespertina,1,Plan Regular,5,1,6,La Araucanía,MALLECO,ANGOL,Pregrado,Técnico de Nivel Superior,Carreras Técnicas,Educación Media,VIGENTE SIN ALUMNOS NUEVOS,Monto en Pesos,0,1500000,,Salud,Salud y Servicios Sociales,Medicina,Técnico en Enfermería,Salud y Bienestar,Salud,NO ACREDITADA,NO ACREDITADA,,,0,0,1
2025,3494202,I911S2C4J2V1,27127818.0,2,200008,20 a 24 años,2023,1,2023,1,Centros de Formación Técnica,Centros de Formación Técnica,Centros de Formación Técnica Estatales,911,CFT DE LA REGION DE VALPARAISO,2,SEDE SAN ANTONIO,4,GESTION DE EMPRESAS,Presencial,Vespertina,1,Plan Regular,5,1,5,Valparaíso,SAN ANTONIO,SAN ANTONIO,Pregrado,Técnico de Nivel Superior,Carreras Técnicas,Educación Media,VIGENTE CON ALUMNOS NUEVOS,Monto en Pesos,0,1880000,,Administración y Comercio,"Ciencias Sociales, Enseñanza Comercial y Derecho",Enseñanza Comercial y Administración,Técnico en Administración de Empresas,Administración de Empresas y Derecho,Educación Comercial y Administración,NO ACREDITADA,BAJO TUTELA,,,0,0,1
2025,2759427,I919S2C19J2V1,22411576.0,2,198610,35 a 39 años,2025,1,2025,1,Centros de Formación Técnica,Centros de Formación Técnica,Centros de Formación Técnica Estatales,919,CFT DE LA REGION DE AYSEN DEL GENERAL CARLOS IBAÑEZ DEL CAMPO,2,SEDE COYHAIQUE,19,TECNICO DE NIVEL SUPERIOR EN TURISMO,Presencial,Vespertina,1,Plan Regular,5,1,5,Aysén,COYHAIQUE,COYHAIQUE,Pregrado,Técnico de Nivel Superior,Carreras Técnicas,Educación Media,VIGENTE CON ALUMNOS NUEVOS,Monto en Pesos,0,1725000,,Administración y Comercio,Servicios,Servicios Personales,Técnico en Turismo y Hotelería,Servicios,Servicios personales,NO ACREDITADA,BAJO TUTELA,,,0,0,1
2025,2715183,I913S1C2J1V1,20020901.0,2,198307,40 y más años,2025,1,2025,1,Centros de Formación Técnica,Centros de Formación Técnica,Centros de Formación Técnica Estatales,913,CFT DE LA REGION DEL LIBERTADOR GENERAL BERNARDO O'HIGGINS,1,SEDE SAN VICENTE,2,TECNICO DE NIVEL SUPERIOR EN EDUCACION PARVULARIA,Presencial,Diurna,1,Plan Regular,5,1,5,Lib. Gral. B. O'Higgins,CACHAPOAL,SAN VICENTE,Pregrado,Técnico de Nivel Superior,Carreras Técnicas,Educación Media,VIGENTE CON ALUMNOS NUEVOS,Monto en Pesos,0,1104076,,Educación,Educación,Formación de Personal Docente y Ciencias de la Educación,Técnico Asistente del Educador de Párvulos,Educación,Educación,NO ACREDITADA,BAJO TUTELA,,,0,0,1
2025,3500097,I911S2C4J1V1,19690015.0,1,200704,15 a 19 años,2025,1,2025,1,Centros de Formación Técnica,Centros de Formación Técnica,Centros de Formación Técnica Estatales,911,CFT DE LA REGION DE VALPARAISO,2,SEDE SAN ANTONIO,4,GESTION DE EMPRESAS,Presencial,Diurna,1,Plan Regular,5,1,5,Valparaíso,SAN ANTONIO,SAN ANTONIO,Pregrado,Técnico de Nivel Superior,Carreras Técnicas,Educación Media,VIGENTE CON ALUMNOS NUEVOS,Monto en Pesos,0,1880000,,Administración y Comercio,"Ciencias Sociales, Enseñanza Comercial y Derecho",Enseñanza Comercial y Administración,Técnico en Administración de Empresas,Administración de Empresas y Derecho,Educación Comercial y Administración,NO ACREDITADA,BAJO TUTELA,,,0,0,1
2025,2697635,I430S16C39J1V2,20548374.0,2,200504,20 a 24 años,2025,1,2025,1,Centros de Formación Técnica,Centros de Formación Técnica,Centros de Formación Técnica,430,CFT INACAP,16,SEDE RANCAGUA,39,TECNICO EN ENFERMERIA,Presencial,Diurna,2,Plan Regular,5,0,5,Lib. Gral. B. O'Higgins,CACHAPOAL,RANCAGUA,Pregrado,Técnico de Nivel Superior,Carreras Técnicas,Educación Media,VIGENTE CON ALUMNOS NUEVOS,Monto en Pesos,295000,2719000,,Salud,Salud y Servicios Sociales,Medicina,Técnico en Enfermería,Salud y Bienestar,Salud,NO ACREDITADA,ACREDITADA,05/01/2018 - 05/01/2025,7.0,0,0,1
2025,3467279,I430S9C39J1V2,21180811.0,2,200410,20 a 24 años,2023,1,2023,1,Centros de Formación Técnica,Centros de Formación Técnica,Centros de Formación Técnica,430,CFT INACAP,9,SEDE VALPARAISO,39,TECNICO EN ENFERMERIA,Presencial,Diurna,2,Plan Regular,5,0,5,Valparaíso,VALPARAISO,VALPARAISO,Pregrado,Técnico de Nivel Superior,Carreras Técnicas,Educación Media,VIGENTE CON ALUMNOS NUEVOS,Monto en Pesos,295000,2842000,,Salud,Salud y Servicios Sociales,Medicina,Técnico en Enfermería,Salud y Bienestar,Salud,NO ACREDITADA,ACREDITADA,05/01/2018 - 05/01/2025,7.0,0,0,1
2025,3397449,I367S4C181J1V1,17273055.0,2,200507,15 a 19 años,2024,1,2024,1,Centros de Formación Técnica,Centros de Formación Técnica,Centros de Formación Técnica,367,CFT SAN AGUSTIN,4,SEDE CURICO,181,TECNICO EN TRABAJO SOCIAL,Presencial,Diurna,1,Plan Regular,5,0,5,Maule,CURICO,CURICO,Pregrado,Técnico de Nivel Superior,Carreras Técnicas,Educación Media,VIGENTE CON ALUMNOS NUEVOS,Monto en Pesos,63000,2270000,,Ciencias Sociales,Salud y Servicios Sociales,Servicios Sociales,Técnico en Servicio Social,Salud y Bienestar,Bienestar,NO ACREDITADA,ACREDITADA,09/10/2024 - 09/10/2029,5.0,0,0,1
2025,2733159,I367S3C114J1V1,17321586.0,2,199803,25 a 29 años,2025,1,2025,1,Centros de Formación Técnica,Centros de Formación Técnica,Centros de Formación Técnica,367,CFT SAN AGUSTIN,3,SEDE LINARES,114,TECNICO EN ENFERMERIA,Presencial,Diurna,1,Plan Regular,5,0,5,Maule,LINARES,LINARES,Pregrado,Técnico de Nivel Superior,Carreras Técnicas,Educación Media,VIGENTE CON ALUMNOS NUEVOS,Monto en Pesos,63000,2800000,,Salud,Salud y Servicios Sociales,Medicina,Técnico en Enfermería,Salud y Bienestar,Salud,NO ACREDITADA,ACREDITADA,09/10/2024 - 09/10/2029,5.0,0,0,1
2025,3520817,I116S34C8J1V1,24608665.0,1,200104,20 a 24 años,2023,1,2023,1,Institutos Profesionales,Institutos Profesionales,Institutos Profesionales,116,IP SANTO TOMAS,34,SEDE CONCEPCION,8,INGENIERIA EN INFORMATICA,Presencial,Diurna,1,Plan Regular,8,0,8,Biobío,CONCEPCION,CONCEPCION,Pregrado,Profesional Sin Licenciatura,Carreras Profesionales,Educación Media,VIGENTE CON ALUMNOS NUEVOS,Monto en Pesos,125000,2522000,,Tecnología,Ciencias,Informática,Ingeniería en Computación e Informática,Tecnología de la Información y la Comunicación (TIC),Tecnología de la Información y la Comunicación (TIC),NO ACREDITADA,ACREDITADA,20/01/2021 - 20/01/2026,5.0,0,0,1
2025,3627520,I260S38C100J1V1,21211177.0,1,200308,20 a 24 años,2023,1,2023,1,Centros de Formación Técnica,Centros de Formación Técnica,Centros de Formación Técnica,260,CFT SANTO TOMAS,38,SEDE VIÑA DEL MAR,100,TECNICO JURIDICO,Presencial,Diurna,1,Plan Regular,5,0,5,Valparaíso,VALPARAISO,VIÑA DEL MAR,Pregrado,Técnico de Nivel Superior,Carreras Técnicas,Educación Media,VIGENTE CON ALUMNOS NUEVOS,Monto en Pesos,89000,2187000,,Derecho,"Ciencias Sociales, Enseñanza Comercial y Derecho",Derecho,Técnico Jurídico,Administración de Empresas y Derecho,Derecho,NO ACREDITADA,ACREDITADA,21/12/2024 - 21/12/2030,6.0,0,0,1
2025,2877440,I260S34C47J1V1,22502125.0,2,200505,20 a 24 años,2023,1,2023,1,Centros de Formación Técnica,Centros de Formación Técnica,Centros de Formación Técnica,260,CFT SANTO TOMAS,34,SEDE LOS ANGELES,47,TECNICO EN ENFERMERIA,Presencial,Diurna,1,Plan Regular,5,0,5,Biobío,BIOBIO,LOS ANGELES,Pregrado,Técnico de Nivel Superior,Carreras Técnicas,Educación Media,VIGENTE CON ALUMNOS NUEVOS,Monto en Pesos,89000,2473000,,Salud,Salud y Servicios Sociales,Medicina,Técnico en Enfermería,Salud y Bienestar,Salud,NO ACREDITADA,ACREDITADA,21/12/2024 - 21/12/2030,6.0,0,0,1
2025,2874826,I260S47C263J2V1,22546421.0,2,198807,35 a 39 años,2024,1,2024,1,Centros de Formación Técnica,Centros de Formación Técnica,Centros de Formación Técnica,260,CFT SANTO TOMAS,47,SEDE PUENTE ALTO,263,TECNICO EN ADMINISTRACION DE RECURSOS HUMANOS,Presencial,Vespertina,1,Plan Regular,5,0,5,Metropolitana,CORDILLERA,PUENTE ALTO,Pregrado,Técnico de Nivel Superior,Carreras Técnicas,Educación Media,VIGENTE CON ALUMNOS NUEVOS,Monto en Pesos,89000,2179000,,Administración y Comercio,"Ciencias Sociales, Enseñanza Comercial y Derecho",Enseñanza Comercial y Administración,Técnico en Administración de Recursos Humanos y Personal,Administración de Empresas y Derecho,Educación Comercial y Administración,NO ACREDITADA,ACREDITADA,21/12/2024 - 21/12/2030,6.0,0,0,1
2025,2877063,I260S22C29J1V1,22334256.0,2,200511,15 a 19 años,2024,1,2024,1,Centros de Formación Técnica,Centros de Formación Técnica,Centros de Formación Técnica,260,CFT SANTO TOMAS,22,SEDE LA SERENA,29,LABORATORISTA DENTAL,Presencial,Diurna,1,Plan Regular,5,0,5,Coquimbo,ELQUI,LA SERENA,Pregrado,Técnico de Nivel Superior,Carreras Técnicas,Educación Media,VIGENTE CON ALUMNOS NUEVOS,Monto en Pesos,89000,2869000,,Salud,Salud y Servicios Sociales,Medicina,Técnico Laboratorista Dental,Salud y Bienestar,Salud,NO ACREDITADA,ACREDITADA,21/12/2024 - 21/12/2030,6.0,0,0,1
2025,2876357,I260S5C285J1V1,18696038.0,2,200310,20 a 24 años,2024,1,2024,1,Centros de Formación Técnica,Centros de Formación Técnica,Centros de Formación Técnica,260,CFT SANTO TOMAS,5,SEDE OVALLE,285,TECNICO EN VETERINARIA Y PRODUCCION PECUARIA,Presencial,Diurna,1,Plan Regular,5,0,5,Coquimbo,LIMARI,OVALLE,Pregrado,Técnico de Nivel Superior,Carreras Técnicas,Educación Media,VIGENTE CON ALUMNOS NUEVOS,Monto en Pesos,89000,2309000,,Agropecuaria,Agricultura,Veterinaria,Técnico Veterinario,"Agricultura, Silvicultura, Pesca y Veterinaria",Veterinaria,NO ACREDITADA,ACREDITADA,21/12/2024 - 21/12/2030,6.0,0,0,1
2025,2876537,I260S3C108J1V1,19784062.0,1,198708,35 a 39 años,2024,1,2024,1,Centros de Formación Técnica,Centros de Formación Técnica,Centros de Formación Técnica,260,CFT SANTO TOMAS,3,SEDE ANTOFAGASTA,108,PREPARADOR FISICO,Presencial,Diurna,1,Plan Regular,5,0,5,Antofagasta,ANTOFAGASTA,ANTOFAGASTA,Pregrado,Técnico de Nivel Superior,Carreras Técnicas,Educación Media,VIGENTE CON ALUMNOS NUEVOS,Monto en Pesos,89000,2377000,,Educación,Servicios,Servicios Personales,"Técnico en Deporte, Recreación y Preparación Física",Servicios,Servicios personales,NO ACREDITADA,ACREDITADA,21/12/2024 - 21/12/2030,6.0,0,0,1
2025,3626296,I260S25C47J1V1,22094882.0,2,200408,20 a 24 años,2024,1,2024,1,Centros de Formación Técnica,Centros de Formación Técnica,Centros de Formación Técnica,260,CFT SANTO TOMAS,25,SEDE TALCA,47,TECNICO EN ENFERMERIA,Presencial,Diurna,1,Plan Regular,5,0,5,Maule,TALCA,TALCA,Pregrado,Técnico de Nivel Superior,Carreras Técnicas,Educación Media,VIGENTE CON ALUMNOS NUEVOS,Monto en Pesos,89000,2695000,,Salud,Salud y Servicios Sociales,Medicina,Técnico en Enfermería,Salud y Bienestar,Salud,NO ACREDITADA,ACREDITADA,21/12/2024 - 21/12/2030,6.0,0,0,1
2025,2876618,I260S21C47J1V1,23441181.0,2,200503,20 a 24 años,2024,1,2024,1,Centros de Formación Técnica,Centros de Formación Técnica,Centros de Formación Técnica,260,CFT SANTO TOMAS,21,SEDE SANTIAGO,47,TECNICO EN ENFERMERIA,Presencial,Diurna,1,Plan Regular,5,0,5,Metropolitana,SANTIAGO,SANTIAGO,Pregrado,Técnico de Nivel Superior,Carreras Técnicas,Educación Media,VIGENTE CON ALUMNOS NUEVOS,Monto en Pesos,89000,2585000,,Salud,Salud y Servicios Sociales,Medicina,Técnico en Enfermería,Salud y Bienestar,Salud,NO ACREDITADA,ACREDITADA,21/12/2024 - 21/12/2030,6.0,0,0,1
2025,2667834,I260S25C280J1V1,18390632.0,2,200501,20 a 24 años,2025,1,2025,1,Centros de Formación Técnica,Centros de Formación Técnica,Centros de Formación Técnica,260,CFT SANTO TOMAS,25,SEDE TALCA,280,GASTRONOMIA INTERNACIONAL Y TRADICIONAL CHILENA,Presencial,Diurna,1,Plan Regular,5,0,5,Maule,TALCA,TALCA,Pregrado,Técnico de Nivel Superior,Carreras Técnicas,Educación Media,VIGENTE CON ALUMNOS NUEVOS,Monto en Pesos,89000,3118000,,Administración y Comercio,Servicios,Servicios Personales,Técnico en Gastronomía y Cocina,Servicios,Servicios personales,NO ACREDITADA,ACREDITADA,21/12/2024 - 21/12/2030,6.0,0,0,1
2025,2672650,I260S41C108J1V1,21151792.0,1,200503,20 a 24 años,2025,1,2025,1,Centros de Formación Técnica,Centros de Formación Técnica,Centros de Formación Técnica,260,CFT SANTO TOMAS,41,SEDE RANCAGUA,108,PREPARADOR FISICO,Presencial,Diurna,1,Plan Regular,5,0,5,Lib. Gral. B. O'Higgins,CACHAPOAL,RANCAGUA,Pregrado,Técnico de Nivel Superior,Carreras Técnicas,Educación Media,VIGENTE CON ALUMNOS NUEVOS,Monto en Pesos,89000,2395000,,Educación,Servicios,Servicios Personales,"Técnico en Deporte, Recreación y Preparación Física",Servicios,Servicios personales,NO ACREDITADA,ACREDITADA,21/12/2024 - 21/12/2030,6.0,0,0,1
2025,2882712,I116S30C4J2V1,17817448.0,2,199311,30 a 34 años,2021,1,2024,1,Institutos Profesionales,Institutos Profesionales,Institutos Profesionales,116,IP SANTO TOMAS,30,SEDE COPIAPO,4,SERVICIO SOCIAL,Presencial,Vespertina,1,Plan Regular de Continuidad,4,0,4,Atacama,COPIAPO,COPIAPO,Pregrado,Profesional Sin Licenciatura,Carreras Profesionales,Técnico de Nivel Superior,VIGENTE CON ALUMNOS NUEVOS,Monto en Pesos,125000,2343000,,Ciencias Sociales,Salud y Servicios Sociales,Servicios Sociales,Trabajo Social,Salud y Bienestar,Bienestar,NO ACREDITADA,ACREDITADA,20/01/2021 - 20/01/2026,5.0,0,0,11
2025,5357631,I39S6C217J4V2,19607671.0,1,199109,30 a 34 años,2024,2,2024,2,Universidades,Universidades Privadas,Universidades Privadas,39,UNIVERSIDAD SAN SEBASTIAN,6,SEDE SANTIAGO,217,DIPLOMADO EN MARKETING DIGITAL,No Presencial,A Distancia,2,Plan Regular,1,0,1,Metropolitana,SANTIAGO,SANTIAGO,Postítulo,Diplomado (desde un semestre),Postítulo,Título Profesional,VIGENTE CON ALUMNOS NUEVOS,Monto en Pesos,104700,1256400,0.0,Administración y Comercio,"Ciencias Sociales, Enseñanza Comercial y Derecho",Enseñanza Comercial y Administración,Postítulo en Administración y Comercio,Administración de Empresas y Derecho,Educación Comercial y Administración,NO ACREDITADA,ACREDITADA,28/10/2021 - 28/10/2026,5.0,0,0,1
2025,3383344,I39S6C584J4V1,21343712.0,1,197412,40 y más años,1900,0,2025,1,Universidades,Universidades Privadas,Universidades Privadas,39,UNIVERSIDAD SAN SEBASTIAN,6,SEDE SANTIAGO,584,INGENIERIA EN TECNOLOGIAS DE LA INFORMACION,No Presencial,A Distancia,1,Plan Regular de Continuidad,6,0,6,Metropolitana,SANTIAGO,SANTIAGO,Pregrado,Profesional Con Licenciatura,Carreras Profesionales,Bachillerato,VIGENTE CON ALUMNOS NUEVOS,Monto en Pesos,252900,4100300,0.0,Tecnología,Ciencias,Informática,Ingeniería en Computación e Informática,Tecnología de la Información y la Comunicación (TIC),Tecnología de la Información y la Comunicación (TIC),NO ACREDITADA,ACREDITADA,28/10/2021 - 28/10/2026,5.0,0,0,5
2025,5354041,I70S1C1212J4V1,21062825.0,1,199808,25 a 29 años,2024,1,2024,1,Universidades,Universidades CRUCH,Universidades Estatales CRUCH,70,UNIVERSIDAD DE CHILE,1,SANTIAGO,1212,DIPLOMA DE POSTITULO EN INCLUSION LABORAL PARA PERSONAS EN SITUACION DE DISCAPACIDAD,No Presencial,A Distancia,1,Plan Regular,1,0,1,Metropolitana,SANTIAGO,SANTIAGO,Postítulo,Diplomado (desde un semestre),Postítulo,Licenciatura,VIGENTE CON ALUMNOS NUEVOS,Monto en Pesos,0,1200000,0.0,Ciencias Sociales,"Ciencias Sociales, Enseñanza Comercial y Derecho",Ciencias Sociales y del Comportamiento,Postítulo en Ciencias Sociales,"Ciencias Sociales, Periodismo e Información",Ciencias Sociales y del Comportamiento,NO ACREDITADA,ACREDITADA,22/12/2018 - 22/12/2025,7.0,0,0,1
2025,5374485,I88S4C435J1V1,24980138.0,1,200702,15 a 19 años,2025,1,2025,1,Universidades,Universidades CRUCH,Universidades Privadas CRUCH,88,UNIVERSIDAD TECNICA FEDERICO SANTA MARIA,4,CAMPUS SANTIAGO VITACURA,435,PROGRAMA DE FORMACION DE PILOTO COMERCIAL,Presencial,Diurna,1,Plan Regular,2,0,2,Metropolitana,SANTIAGO,VITACURA,Postítulo,Diplomado (desde un semestre),Postítulo,Educación Media,VIGENTE CON ALUMNOS NUEVOS,Monto en UF,0,454,0.0,Tecnología,Servicios,Servicios de Transporte,Postítulo en Tecnología,Servicios,Servicios de Transportes,NO ACREDITADA,ACREDITADA,30/12/2022 - 30/12/2028,6.0,0,0,1
2025,5394208,I86S5C1153J4V1,18996340.0,1,197410,40 y más años,2025,1,2025,1,Universidades,Universidades CRUCH,Universidades Privadas CRUCH,86,PONTIFICIA UNIVERSIDAD CATOLICA DE CHILE,5,CAMPUS SAN JOAQUIN,1153,DIPLOMADO EN ADMINISTRACION DE NEGOCIOS,No Presencial,A Distancia,1,Plan Regular,2,0,2,Metropolitana,SANTIAGO,MACUL,Postítulo,Diplomado (desde un semestre),Postítulo,Título Profesional,VIGENTE SIN ALUMNOS NUEVOS,Monto en Pesos,0,0,0.0,Administración y Comercio,"Ciencias Sociales, Enseñanza Comercial y Derecho",Enseñanza Comercial y Administración,Postítulo en Administración y Comercio,Administración de Empresas y Derecho,Educación Comercial y Administración,NO ACREDITADA,ACREDITADA,01/12/2018 - 01/12/2025,7.0,0,0,1
2025,5382198,I86S1C746J1V1,19765976.0,2,200012,20 a 24 años,2025,1,2025,1,Universidades,Universidades CRUCH,Universidades Privadas CRUCH,86,PONTIFICIA UNIVERSIDAD CATOLICA DE CHILE,1,CASA CENTRAL,746,DIPLOMADO EN DERECHO ADMINISTRATIVO,Presencial,Diurna,1,Plan Regular,2,0,2,Metropolitana,SANTIAGO,SANTIAGO,Postítulo,Diplomado (desde un semestre),Postítulo,Título Profesional,VIGENTE CON ALUMNOS NUEVOS,Monto en Pesos,0,2820000,0.0,Derecho,"Ciencias Sociales, Enseñanza Comercial y Derecho",Derecho,Postítulo en Derecho,Administración de Empresas y Derecho,Derecho,NO ACREDITADA,ACREDITADA,01/12/2018 - 01/12/2025,7.0,0,0,1
2025,5384822,I86S1C1350J4V1,20716015.0,2,199810,25 a 29 años,2025,1,2025,1,Universidades,Universidades CRUCH,Universidades Privadas CRUCH,86,PONTIFICIA UNIVERSIDAD CATOLICA DE CHILE,1,CASA CENTRAL,1350,DIPLOMADO EN CUIDADOS DE ENFERMERIA DE LA PERSONA ADULTA CON CANCER,No Presencial,A Distancia,1,Plan Regular,2,0,2,Metropolitana,SANTIAGO,SANTIAGO,Postítulo,Diplomado (desde un semestre),Postítulo,Título Profesional,VIGENTE CON ALUMNOS NUEVOS,Monto en Pesos,0,1050000,0.0,Salud,Salud y Servicios Sociales,Medicina,Postítulo en Salud,Salud y Bienestar,Salud,NO ACREDITADA,ACREDITADA,01/12/2018 - 01/12/2025,7.0,0,0,1
2025,2952560,I86S5C299J1V1,21022683.0,2,200509,15 a 19 años,2025,1,2025,1,Universidades,Universidades CRUCH,Universidades Privadas CRUCH,86,PONTIFICIA UNIVERSIDAD CATOLICA DE CHILE,5,CAMPUS SAN JOAQUIN,299,COLLEGE ARTES Y HUMANIDADES (LICENCIATURA),Presencial,Diurna,1,Plan Regular,8,0,8,Metropolitana,SANTIAGO,MACUL,Pregrado,"Bachillerato, Ciclo Inicial o Plan Común",Carreras Profesionales,Educación Media,VIGENTE CON ALUMNOS NUEVOS,Monto en Pesos,185700,7752000,12026.0,Arte y Arquitectura,Humanidades y Artes,Artes,Artes y Licenciatura en Artes,Artes y Humanidades,Artes y Humanidades sin mayor definición,NO ACREDITADA,ACREDITADA,01/12/2018 - 01/12/2025,7.0,0,0,1
2025,3867278,I38S1C1J1V1,20588859.0,1,200202,20 a 24 años,2022,1,2022,1,Universidades,Universidades Privadas,Universidades Privadas,38,UNIVERSIDAD ADVENTISTA DE CHILE,1,CASA CENTRAL (CHILLAN),1,AGRONOMIA,Presencial,Diurna,1,Plan Regular,10,1,10,Ñuble,DIGUILLIN,CHILLAN,Pregrado,Profesional Con Licenciatura,Carreras Profesionales,Educación Media,VIGENTE CON ALUMNOS NUEVOS,Monto en Pesos,275000,4376000,58001.0,Agropecuaria,Agricultura,"Agricultura, Silvicultura y Pesca",Agronomía,"Agricultura, Silvicultura, Pesca y Veterinaria",Agricultura,NO ACREDITADA,ACREDITADA,11/04/2023 - 11/04/2026,3.0,0,0,1
2025,3550914,I20S4C37J1V1,18137900.0,2,200403,20 a 24 años,2022,1,2022,1,Universidades,Universidades Privadas,Universidades Privadas,20,UNIVERSIDAD ANDRES BELLO,4,SEDE CONCEPCION,37,ODONTOLOGIA,Presencial,Diurna,1,Plan Regular,12,0,12,Biobío,CONCEPCION,CONCEPCION,Pregrado,Profesional Con Licenciatura,Carreras Profesionales,Educación Media,VIGENTE CON ALUMNOS NUEVOS,Monto en Pesos,855000,9730000,41127.0,Salud,Salud y Servicios Sociales,Medicina,Odontología,Salud y Bienestar,Salud,ACREDITADA,ACREDITADA,25/12/2022 - 25/12/2028,6.0,0,0,1
2025,3227593,I39S2C56J1V1,17712956.0,2,200403,20 a 24 años,2024,1,2024,1,Universidades,Universidades Privadas,Universidades Privadas,39,UNIVERSIDAD SAN SEBASTIAN,2,SEDE CONCEPCION,56,TERAPIA OCUPACIONAL,Presencial,Diurna,1,Plan Regular,10,1,10,Biobío,CONCEPCION,CONCEPCION,Pregrado,Profesional Con Licenciatura,Carreras Profesionales,Educación Media,VIGENTE CON ALUMNOS NUEVOS,Monto en Pesos,253400,5014100,50131.0,Salud,Salud y Servicios Sociales,Medicina,Terapia Ocupacional,Salud y Bienestar,Salud,NO ACREDITADA,ACREDITADA,28/10/2021 - 28/10/2026,5.0,0,0,1
2025,3778155,I123S2C18J2V1,19818955.0,2,199412,30 a 34 años,2022,1,2025,1,Institutos Profesionales,Institutos Profesionales,Institutos Profesionales,123,IP DE CHILE,2,CASA CENTRAL (SANTIAGO),18,TRABAJO SOCIAL,Presencial,Vespertina,1,Plan Regular,8,1,8,Metropolitana,SANTIAGO,SANTIAGO,Pregrado,Profesional Sin Licenciatura,Carreras Profesionales,Educación Media,VIGENTE CON ALUMNOS NUEVOS,Monto en Pesos,151000,1815000,,Ciencias Sociales,Salud y Servicios Sociales,Servicios Sociales,Trabajo Social,Salud y Bienestar,Bienestar,NO ACREDITADA,ACREDITADA,18/03/2025 - 18/03/2029,4.0,0,11000,11
2025,3404021,I123S2C94J2V3,19588029.0,2,198509,35 a 39 años,2023,1,2023,1,Institutos Profesionales,Institutos Profesionales,Institutos Profesionales,123,IP DE CHILE,2,CASA CENTRAL (SANTIAGO),94,TECNICO EN ENFERMERIA MENCION INSTRUMENTACION QUIRURGICA,Presencial,Vespertina,3,Plan Regular,5,1,5,Metropolitana,SANTIAGO,SANTIAGO,Pregrado,Técnico de Nivel Superior,Carreras Técnicas,Educación Media,VIGENTE CON ALUMNOS NUEVOS,Monto en Pesos,151000,2330000,,Salud,Salud y Servicios Sociales,Medicina,Técnico en Enfermería,Salud y Bienestar,Salud,NO ACREDITADA,ACREDITADA,18/03/2025 - 18/03/2029,4.0,0,11000,1
2025,2688000,I123S2C51J4V1,22255223.0,1,200202,20 a 24 años,2025,1,2025,1,Institutos Profesionales,Institutos Profesionales,Institutos Profesionales,123,IP DE CHILE,2,CASA CENTRAL (SANTIAGO),51,ANALISTA PROGRAMADOR COMPUTACIONAL,No Presencial,A Distancia,1,Plan Regular,5,1,5,Metropolitana,SANTIAGO,SANTIAGO,Pregrado,Técnico de Nivel Superior,Carreras Técnicas,Educación Media,VIGENTE CON ALUMNOS NUEVOS,Monto en Pesos,151000,1760000,,Tecnología,Ciencias,Informática,Técnico en Computación e Informática,Tecnología de la Información y la Comunicación (TIC),Tecnología de la Información y la Comunicación (TIC),NO ACREDITADA,ACREDITADA,18/03/2025 - 18/03/2029,4.0,0,11000,1
2025,2906844,I13S16C14J1V1,23174070.0,1,200108,20 a 24 años,2021,1,2021,1,Universidades,Universidades Privadas,Universidades Privadas,13,UNIVERSIDAD SANTO TOMAS,16,SEDE CONCEPCION,14,TRABAJO SOCIAL,Presencial,Diurna,1,Plan Regular,9,0,9,Biobío,CONCEPCION,CONCEPCION,Pregrado,Profesional Con Licenciatura,Carreras Profesionales,Educación Media,VIGENTE SIN ALUMNOS NUEVOS,Monto en Pesos,185000,3324000,0.0,Ciencias Sociales,Salud y Servicios Sociales,Servicios Sociales,Trabajo Social,Salud y Bienestar,Bienestar,NO ACREDITADA,ACREDITADA,31/03/2021 - 31/03/2025,4.0,0,110000,1
2025,3615701,I10S4C182J1V2,18518005.0,1,200404,20 a 24 años,2024,1,2024,1,Universidades,Universidades Privadas,Universidades Privadas,10,UNIVERSIDAD MAYOR,4,SEDE TEMUCO,182,MEDICINA VETERINARIA,Presencial,Diurna,2,Plan Regular,10,1,10,La Araucanía,CAUTIN,TEMUCO,Pregrado,Profesional Con Licenciatura,Carreras Profesionales,Educación Media,VIGENTE CON ALUMNOS NUEVOS,Monto en Pesos,407100,5921906,39412.0,Agropecuaria,Agricultura,Veterinaria,Medicina Veterinaria,"Agricultura, Silvicultura, Pesca y Veterinaria",Veterinaria,NO ACREDITADA,ACREDITADA,27/10/2021 - 27/10/2026,5.0,0,240000,1
2025,5310403,I23S3C83J3V1,21573382.0,2,198411,40 y más años,2023,2,2023,2,Universidades,Universidades Privadas,Universidades Privadas,23,UNIVERSIDAD ADOLFO IBAÑEZ,3,SEDE PRESIDENTE ERRAZURIZ,83,MAGISTER EN HISTORIA DEL ARTE,Semipresencial,Semipresencial,1,Plan Regular,4,2,6,Metropolitana,SANTIAGO,LAS CONDES,Postgrado,Magister,Magister,Licenciatura,VIGENTE CON ALUMNOS NUEVOS,Monto en UF,5,99,0.0,Arte y Arquitectura,Humanidades y Artes,Artes,Magister en Arte y Arquitectura,Artes y Humanidades,Artes,ACREDITADA,ACREDITADA,14/10/2021 - 14/10/2027,6.0,0,2,1
2025,3494293,I13S1C479J3V1,22804641.0,1,199801,25 a 29 años,1900,0,2025,1,Universidades,Universidades Privadas,Universidades Privadas,13,UNIVERSIDAD SANTO TOMAS,1,CASA CENTRAL (SANTIAGO),479,"AGRONOMIA, PLAN CONTINUIDAD DE ESTUDIOS",Semipresencial,Semipresencial,1,Plan Regular de Continuidad,4,0,4,Metropolitana,SANTIAGO,SANTIAGO,Pregrado,Profesional Con Licenciatura,Carreras Profesionales,Título Profesional,VIGENTE CON ALUMNOS NUEVOS,Monto en Pesos,146000,3690000,0.0,Agropecuaria,Agricultura,"Agricultura, Silvicultura y Pesca",Agronomía,"Agricultura, Silvicultura, Pesca y Veterinaria",Agricultura,NO ACREDITADA,ACREDITADA,31/03/2021 - 31/03/2025,4.0,0,110000,11
2025,3421486,I123S1C18J1V1,23535416.0,1,199910,25 a 29 años,2023,2,2023,2,Institutos Profesionales,Institutos Profesionales,Institutos Profesionales,123,IP DE CHILE,1,SEDE LA SERENA,18,TRABAJO SOCIAL,Presencial,Diurna,1,Plan Regular,8,1,8,Coquimbo,ELQUI,LA SERENA,Pregrado,Profesional Sin Licenciatura,Carreras Profesionales,Educación Media,VIGENTE CON ALUMNOS NUEVOS,Monto en Pesos,151000,1815000,,Ciencias Sociales,Salud y Servicios Sociales,Servicios Sociales,Trabajo Social,Salud y Bienestar,Bienestar,NO ACREDITADA,ACREDITADA,18/03/2025 - 18/03/2029,4.0,0,11000,1
2025,3686286,I72S1C75J1V1,23517952.0,2,200212,20 a 24 años,2021,1,2022,1,Universidades,Universidades CRUCH,Universidades Estatales CRUCH,72,UNIVERSIDAD DE VALPARAISO,1,CASA CENTRAL (VALPARAISO),75,PSICOLOGIA,Presencial,Diurna,1,Plan Regular,10,2,10,Valparaíso,VALPARAISO,VALPARAISO,Pregrado,Profesional Con Licenciatura,Carreras Profesionales,Educación Media,VIGENTE CON ALUMNOS NUEVOS,Monto en Pesos,214000,4820000,19045.0,Ciencias Sociales,"Ciencias Sociales, Enseñanza Comercial y Derecho",Ciencias Sociales y del Comportamiento,Psicología,"Ciencias Sociales, Periodismo e Información",Ciencias Sociales y del Comportamiento,NO ACREDITADA,ACREDITADA,08/03/2023 - 08/03/2029,6.0,0,173000,4
2025,3474437,I80S1C49J1V1,17784508.0,1,200502,20 a 24 años,2025,1,2025,1,Universidades,Universidades CRUCH,Universidades Estatales CRUCH,80,UNIVERSIDAD DE TARAPACA,1,CASA CENTRAL (ARICA),49,INGENIERIA QUIMICA AMBIENTAL,Presencial,Diurna,1,Plan Regular,10,1,10,Arica y Parinacota,ARICA,ARICA,Pregrado,Profesional Con Licenciatura,Carreras Profesionales,Educación Media,VIGENTE CON ALUMNOS NUEVOS,Monto en Pesos,0,5650000,22028.0,Tecnología,"Ingeniería, Industria y Construcción",Ingeniería y Profesiones Afines,Ingeniería en Química,"Ingeniería, Industria y Construcción",Ingeniería y Profesiones Afines,NO ACREDITADA,ACREDITADA,22/06/2023 - 22/06/2029,6.0,0,195000,1
2025,3683460,I74S1C47J1V2,25497914.0,2,200109,20 a 24 años,2020,1,2020,1,Universidades,Universidades CRUCH,Universidades Estatales CRUCH,74,UNIVERSIDAD DE LA SERENA,1,LA SERENA,47,PEDAGOGIA EN EDUCACION GENERAL BASICA,Presencial,Diurna,2,Plan Regular,10,0,10,Coquimbo,ELQUI,LA SERENA,Pregrado,Profesional Con Licenciatura,Carreras Profesionales,Educación Media,VIGENTE CON ALUMNOS NUEVOS,Monto en Pesos,218500,3160000,25051.0,Educación,Educación,Formación de Personal Docente y Ciencias de la Educación,Pedagogía en Educación Básica,Educación,Educación,ACREDITADA,ACREDITADA,03/11/2021 - 03/11/2026,5.0,0,240400,1
2025,3672814,I74S1C22J1V1,21683399.0,2,199506,30 a 34 años,2022,1,2022,1,Universidades,Universidades CRUCH,Universidades Estatales CRUCH,74,UNIVERSIDAD DE LA SERENA,1,LA SERENA,22,INGENIERIA COMERCIAL,Presencial,Diurna,1,Plan Regular,10,0,10,Coquimbo,ELQUI,LA SERENA,Pregrado,Profesional Con Licenciatura,Carreras Profesionales,Educación Media,VIGENTE CON ALUMNOS NUEVOS,Monto en Pesos,218500,4104000,25067.0,Administración y Comercio,"Ciencias Sociales, Enseñanza Comercial y Derecho",Enseñanza Comercial y Administración,Ingeniería Comercial,Administración de Empresas y Derecho,Educación Comercial y Administración,NO ACREDITADA,ACREDITADA,03/11/2021 - 03/11/2026,5.0,0,240400,1
2025,3681953,I74S1C6J1V1,22619808.0,1,200401,20 a 24 años,2024,1,2024,1,Universidades,Universidades CRUCH,Universidades Estatales CRUCH,74,UNIVERSIDAD DE LA SERENA,1,LA SERENA,6,INGENIERIA EN CONSTRUCCION,Presencial,Diurna,1,Plan Regular,10,0,10,Coquimbo,ELQUI,LA SERENA,Pregrado,Profesional Con Licenciatura,Carreras Profesionales,Educación Media,VIGENTE CON ALUMNOS NUEVOS,Monto en Pesos,218500,4105000,25010.0,Tecnología,"Ingeniería, Industria y Construcción",Arquitectura y Construcción,Ingeniería en Construcción,"Ingeniería, Industria y Construcción",Arquitectura y Construcción,NO ACREDITADA,ACREDITADA,03/11/2021 - 03/11/2026,5.0,0,240400,1
2025,3124950,I87S2C54J1V1,24997241.0,1,200304,20 a 24 años,2021,1,2021,1,Universidades,Universidades CRUCH,Universidades Privadas CRUCH,87,UNIVERSIDAD DE CONCEPCION,2,SEDE CHILLAN,54,INGENIERIA COMERCIAL,Presencial,Diurna,1,Plan Regular,10,0,10,Ñuble,DIGUILLIN,CHILLAN,Pregrado,Profesional Con Licenciatura,Carreras Profesionales,Educación Media,VIGENTE CON ALUMNOS NUEVOS,Monto en Pesos,167200,6195108,13030.0,Administración y Comercio,"Ciencias Sociales, Enseñanza Comercial y Derecho",Enseñanza Comercial y Administración,Ingeniería Comercial,Administración de Empresas y Derecho,Educación Comercial y Administración,NO ACREDITADA,ACREDITADA,22/11/2023 - 22/11/2030,7.0,31500,12500,1
2025,3739406,I91S2C104J1V1,21925183.0,2,200208,20 a 24 años,2022,1,2022,1,Universidades,Universidades CRUCH,Universidades Privadas CRUCH,91,UNIVERSIDAD CATOLICA DEL NORTE,2,SEDE COQUIMBO,104,ENFERMERIA,Presencial,Diurna,1,Plan Regular,10,2,10,Coquimbo,ELQUI,COQUIMBO,Pregrado,Profesional Con Licenciatura,Carreras Profesionales,Educación Media,VIGENTE CON ALUMNOS NUEVOS,Monto en Pesos,190000,5276000,18089.0,Salud,Salud y Servicios Sociales,Medicina,Enfermería,Salud y Bienestar,Salud,NO ACREDITADA,ACREDITADA,26/11/2022 - 26/11/2028,6.0,236800,59100,1
2025,3583198,I19S2C37J1V1,18946495.0,1,200109,20 a 24 años,2020,1,2020,1,Universidades,Universidades Privadas,Universidades Privadas,19,UNIVERSIDAD DE LAS AMERICAS,2,CAMPUS LA FLORIDA,37,MEDICINA VETERINARIA,Presencial,Diurna,1,Plan Regular,10,0,10,Metropolitana,SANTIAGO,LA FLORIDA,Pregrado,Profesional Con Licenciatura,Carreras Profesionales,Educación Media,VIGENTE CON ALUMNOS NUEVOS,Monto en Pesos,220000,6200000,56318.0,Agropecuaria,Agricultura,Veterinaria,Medicina Veterinaria,"Agricultura, Silvicultura, Pesca y Veterinaria",Veterinaria,NO ACREDITADA,ACREDITADA,18/03/2023 - 18/03/2028,5.0,191557,0,1
2025,3598490,I19S4C37J3V1,23611984.0,2,199210,30 a 34 años,1900,0,2025,1,Universidades,Universidades Privadas,Universidades Privadas,19,UNIVERSIDAD DE LAS AMERICAS,4,CAMPUS SANTIAGO CENTRO,37,MEDICINA VETERINARIA,Semipresencial,Semipresencial,1,Plan Regular,10,0,10,Metropolitana,SANTIAGO,SANTIAGO,Pregrado,Profesional Con Licenciatura,Carreras Profesionales,Educación Media,VIGENTE CON ALUMNOS NUEVOS,Monto en Pesos,220000,6600000,0.0,Agropecuaria,Agricultura,Veterinaria,Medicina Veterinaria,"Agricultura, Silvicultura, Pesca y Veterinaria",Veterinaria,NO ACREDITADA,ACREDITADA,18/03/2023 - 18/03/2028,5.0,191557,0,4
2025,3248209,I88S6C13J1V2,19885869.0,2,200410,20 a 24 años,2024,1,2024,1,Universidades,Universidades CRUCH,Universidades Privadas CRUCH,88,UNIVERSIDAD TECNICA FEDERICO SANTA MARIA,6,CAMPUS SANTIAGO SAN JOAQUIN,13,INGENIERIA CIVIL INFORMATICA,Presencial,Diurna,2,Plan Regular,11,0,11,Metropolitana,SANTIAGO,SAN JOAQUIN,Pregrado,Profesional Con Licenciatura,Carreras Profesionales,Educación Media,VIGENTE SIN ALUMNOS NUEVOS,Monto en Pesos,260000,6580000,0.0,Tecnología,Ciencias,Informática,Ingeniería Civil en Computación e Informática,Tecnología de la Información y la Comunicación (TIC),Tecnología de la Información y la Comunicación (TIC),NO ACREDITADA,ACREDITADA,30/12/2022 - 30/12/2028,6.0,120000,3800,1
2025,3618492,I9S2C32J1V1,21961703.0,1,200512,15 a 19 años,2024,1,2024,1,Universidades,Universidades Privadas,Universidades Privadas,9,UNIVERSIDAD DEL ALBA,2,SEDE LA SERENA,32,KINESIOLOGIA,Presencial,Diurna,1,Plan Regular,10,2,10,Coquimbo,ELQUI,LA SERENA,Pregrado,Profesional Con Licenciatura,Carreras Profesionales,Educación Media,VIGENTE CON ALUMNOS NUEVOS,Monto en Pesos,217000,4485000,0.0,Salud,Salud y Servicios Sociales,Medicina,Kinesiología,Salud y Bienestar,Salud,NO ACREDITADA,ACREDITADA,22/03/2023 - 22/03/2026,3.0,344488,50000,1
2025,3247713,I88S3C23J2V4,21699462.0,2,200106,20 a 24 años,2022,1,2024,1,Universidades,Universidades CRUCH,Universidades Privadas CRUCH,88,UNIVERSIDAD TECNICA FEDERICO SANTA MARIA,3,SEDE CONCEPCION - REY BALDUINO DE BELGICA,23,INGENIERIA DE EJECUCION EN GESTION INDUSTRIAL,Presencial,Vespertina,4,Plan Regular de Continuidad,6,0,6,Biobío,CONCEPCION,HUALPEN,Pregrado,Profesional Sin Licenciatura,Carreras Profesionales,Técnico de Nivel Superior,VIGENTE CON ALUMNOS NUEVOS,Monto en Pesos,260000,3590000,0.0,Tecnología,"Ingeniería, Industria y Construcción",Ingeniería y Profesiones Afines,Ingeniería Industrial,"Ingeniería, Industria y Construcción",Ingeniería y Profesiones Afines,NO ACREDITADA,ACREDITADA,30/12/2022 - 30/12/2028,6.0,120000,3800,11
2025,5310476,I91S1C536J1V1,21267639.0,2,199503,30 a 34 años,2023,1,2023,1,Universidades,Universidades CRUCH,Universidades Privadas CRUCH,91,UNIVERSIDAD CATOLICA DEL NORTE,1,CASA CENTRAL,536,DOCTORADO EN MINERIA,Presencial,Diurna,1,Plan Regular,8,4,8,Antofagasta,ANTOFAGASTA,ANTOFAGASTA,Postgrado,Doctorado,Doctorado,Licenciatura,VIGENTE CON ALUMNOS NUEVOS,Monto en Pesos,375000,3700000,0.0,Ciencias Básicas,Ciencias,Ciencias Físicas,Doctorado en Ciencias Básicas,"Ciencias naturales, matemáticas y estadística",Ciencias Físicas,NO ACREDITADA,ACREDITADA,26/11/2022 - 26/11/2028,6.0,118400,59100,1
2025,3728880,I79S1C54J1V1,23796264.0,2,200503,20 a 24 años,2023,1,2023,1,Universidades,Universidades CRUCH,Universidades Estatales CRUCH,79,UNIVERSIDAD DE ATACAMA,1,CASA CENTRAL (COPIAPO),54,TRABAJO SOCIAL,Presencial,Diurna,1,Plan Regular,10,0,10,Atacama,COPIAPO,COPIAPO,Pregrado,Profesional Con Licenciatura,Carreras Profesionales,Educación Media,VIGENTE CON ALUMNOS NUEVOS,Monto en Pesos,194000,3032000,27043.0,Ciencias Sociales,Salud y Servicios Sociales,Servicios Sociales,Trabajo Social,Salud y Bienestar,Bienestar,NO ACREDITADA,ACREDITADA,25/08/2021 - 25/08/2025,4.0,60000,17000,1
2025,3741261,I81S1C12J1V2,22637193.0,1,199908,25 a 29 años,2024,1,2024,1,Universidades,Universidades CRUCH,Universidades Estatales CRUCH,81,UNIVERSIDAD ARTURO PRAT,1,CASA CENTRAL (IQUIQUE),12,INGENIERIA CIVIL INDUSTRIAL,Presencial,Diurna,2,Plan Regular,10,0,10,Tarapacá,IQUIQUE,IQUIQUE,Pregrado,Profesional Con Licenciatura,Carreras Profesionales,Educación Media,VIGENTE CON ALUMNOS NUEVOS,Monto en Pesos,209000,4209000,23012.0,Tecnología,"Ingeniería, Industria y Construcción",Ingeniería y Profesiones Afines,Ingeniería Civil Industrial,"Ingeniería, Industria y Construcción",Ingeniería y Profesiones Afines,NO ACREDITADA,ACREDITADA,06/07/2022 - 06/07/2027,5.0,209000,400000,1
2025,3197470,I50S1C284J1V1,24381844.0,2,200502,20 a 24 años,2024,1,2024,1,Universidades,Universidades Privadas,Universidades Privadas,50,UNIVERSIDAD BERNARDO O'HIGGINS,1,CASA CENTRAL (SANTIAGO),284,QUIMICA Y FARMACIA,Presencial,Diurna,1,Plan Regular,10,1,10,Metropolitana,SANTIAGO,SANTIAGO,Pregrado,Profesional Con Licenciatura,Carreras Profesionales,Educación Media,VIGENTE CON ALUMNOS NUEVOS,Monto en Pesos,300000,6200000,53107.0,Salud,Salud y Servicios Sociales,Medicina,Química y Farmacia,Salud y Bienestar,Salud,NO ACREDITADA,ACREDITADA,09/11/2022 - 09/11/2027,5.0,403764,33647,1
2025,2860781,I93S1C10J1V1,20336406.0,1,200108,20 a 24 años,2021,1,2021,1,Universidades,Universidades CRUCH,Universidades Privadas CRUCH,93,UNIVERSIDAD CATOLICA DE LA SANTISIMA CONCEPCION,1,CASA CENTRAL (CONCEPCION),10,INGENIERIA COMERCIAL,Presencial,Diurna,1,Plan Regular,10,1,10,Biobío,CONCEPCION,CONCEPCION,Pregrado,Profesional Con Licenciatura,Carreras Profesionales,Educación Media,VIGENTE CON ALUMNOS NUEVOS,Monto en Pesos,124000,5700000,36012.0,Administración y Comercio,"Ciencias Sociales, Enseñanza Comercial y Derecho",Enseñanza Comercial y Administración,Ingeniería Comercial,Administración de Empresas y Derecho,Educación Comercial y Administración,NO ACREDITADA,ACREDITADA,03/03/2021 - 03/03/2026,5.0,124000,0,1
2025,2971962,I94S1C3J1V1,21921235.0,2,200601,15 a 19 años,2024,1,2024,1,Universidades,Universidades CRUCH,Universidades Privadas CRUCH,94,UNIVERSIDAD CATOLICA DE TEMUCO,1,CASA CENTRAL (TEMUCO),3,DERECHO,Presencial,Diurna,1,Plan Regular,10,0,10,La Araucanía,CAUTIN,TEMUCO,Pregrado,Profesional Con Licenciatura,Carreras Profesionales,Educación Media,VIGENTE CON ALUMNOS NUEVOS,Monto en Pesos,224000,5912000,37040.0,Derecho,"Ciencias Sociales, Enseñanza Comercial y Derecho",Derecho,Derecho,Administración de Empresas y Derecho,Derecho,NO ACREDITADA,ACREDITADA,13/11/2024 - 13/11/2029,5.0,134090,0,1
2025,3397586,I20S1C351J1V1,20725423.0,2,200511,15 a 19 años,2025,1,2025,1,Universidades,Universidades Privadas,Universidades Privadas,20,UNIVERSIDAD ANDRES BELLO,1,CASA CENTRAL (SANTIAGO),351,OBSTETRICIA,Presencial,Diurna,1,Plan Regular,10,0,10,Metropolitana,SANTIAGO,SANTIAGO,Pregrado,Profesional Con Licenciatura,Carreras Profesionales,Educación Media,VIGENTE CON ALUMNOS NUEVOS,Monto en Pesos,601000,6291000,41168.0,Salud,Salud y Servicios Sociales,Medicina,Obstetricia y Puericultura,Salud y Bienestar,Salud,NO ACREDITADA,ACREDITADA,25/12/2022 - 25/12/2028,6.0,268268,0,1
2025,3517691,I113S13C593J4V1,18812531.0,1,198707,35 a 39 años,2025,1,2025,1,Institutos Profesionales,Institutos Profesionales,Institutos Profesionales,113,IP IPG,13,SEDE SANTIAGO,593,TECNICO DE NIVEL SUPERIOR EN PROGRAMACION,No Presencial,A Distancia,1,Plan Regular,5,1,5,Metropolitana,SANTIAGO,SANTIAGO,Pregrado,Técnico de Nivel Superior,Carreras Técnicas,Educación Media,VIGENTE CON ALUMNOS NUEVOS,Monto en Pesos,50000,1840000,,Tecnología,Ciencias,Informática,Técnico en Computación e Informática,Tecnología de la Información y la Comunicación (TIC),Tecnología de la Información y la Comunicación (TIC),NO ACREDITADA,ACREDITADA,22/09/2021 - 22/09/2025,4.0,920000,2500,1
2025,3687019,I152S10C319J4V3,21677645.0,1,198603,35 a 39 años,2022,1,2022,1,Institutos Profesionales,Institutos Profesionales,Institutos Profesionales,152,IP LATINOAMERICANO DE COMERCIO EXTERIOR - IPLACEX,10,SEDE SANTIAGO,319,"INGENIERIA EN PREVENCION DE RIESGOS, CALIDAD Y MEDIO AMBIENTE",No Presencial,A Distancia,3,Plan Regular,8,0,8,Metropolitana,SANTIAGO,SANTIAGO,Pregrado,Profesional Sin Licenciatura,Carreras Profesionales,Educación Media,VIGENTE SIN ALUMNOS NUEVOS,Monto en Pesos,145000,2282000,,Tecnología,Servicios,Servicios de Seguridad,Ingeniería en Prevención de Riesgos,Servicios,Servicios de Higiene y Salud Ocupacional,NO ACREDITADA,ACREDITADA,06/10/2021 - 06/10/2025,4.0,210000,15000,1
2025,3067042,I152S10C326J4V6,23185317.0,1,200004,25 a 29 años,2022,2,2022,2,Institutos Profesionales,Institutos Profesionales,Institutos Profesionales,152,IP LATINOAMERICANO DE COMERCIO EXTERIOR - IPLACEX,10,SEDE SANTIAGO,326,TECNICO EN ADMINISTRACION DE EMPRESAS,No Presencial,A Distancia,6,Plan Regular,4,0,4,Metropolitana,SANTIAGO,SANTIAGO,Pregrado,Técnico de Nivel Superior,Carreras Técnicas,Educación Media,VIGENTE CON ALUMNOS NUEVOS,Monto en Pesos,120000,1960000,,Administración y Comercio,"Ciencias Sociales, Enseñanza Comercial y Derecho",Enseñanza Comercial y Administración,Técnico en Administración de Empresas,Administración de Empresas y Derecho,Educación Comercial y Administración,NO ACREDITADA,ACREDITADA,06/10/2021 - 06/10/2025,4.0,210000,13600,1
2025,3749180,I152S10C370J2V1,21759544.0,2,197911,40 y más años,2025,1,2025,1,Institutos Profesionales,Institutos Profesionales,Institutos Profesionales,152,IP LATINOAMERICANO DE COMERCIO EXTERIOR - IPLACEX,10,SEDE SANTIAGO,370,TECNICO EN ALIMENTACION Y NUTRICION,Semipresencial,Vespertina,1,Plan Regular,4,0,4,Metropolitana,SANTIAGO,SANTIAGO,Pregrado,Técnico de Nivel Superior,Carreras Técnicas,Educación Media,VIGENTE CON ALUMNOS NUEVOS,Monto en Pesos,120000,2070000,,Salud,Salud y Servicios Sociales,Medicina,Técnico en Nutrición y Dietética,Salud y Bienestar,Salud,NO ACREDITADA,ACREDITADA,06/10/2021 - 06/10/2025,4.0,210000,13600,1
2025,3770794,I257S1C96J1V1,21992444.0,2,200207,20 a 24 años,2022,1,2022,1,Centros de Formación Técnica,Centros de Formación Técnica,Centros de Formación Técnica,257,CFT JUAN BOHON,1,CASA CENTRAL (LA SERENA),96,ESTETICA INTEGRAL,Presencial,Diurna,1,Plan Regular,5,1,5,Coquimbo,ELQUI,LA SERENA,Pregrado,Técnico de Nivel Superior,Carreras Técnicas,Educación Media,VIGENTE CON ALUMNOS NUEVOS,Monto en Pesos,75000,2076800,,Arte y Arquitectura,Servicios,Servicios Personales,Técnico en Peluquería y Estética,Servicios,Servicios personales,NO ACREDITADA,ACREDITADA,05/04/2023 - 05/04/2027,4.0,985700,0,1
2025,2691225,I456S6C13J1V1,21281678.0,1,200611,15 a 19 años,2025,1,2025,1,Centros de Formación Técnica,Centros de Formación Técnica,Centros de Formación Técnica,456,CFT CEDUC - UCN,6,SEDE CHILOE,13,ENFERMERIA Y TELEMEDICINA,Presencial,Diurna,1,Plan Regular,5,0,5,Los Lagos,CHILOE,CASTRO,Pregrado,Técnico de Nivel Superior,Carreras Técnicas,Educación Media,VIGENTE CON ALUMNOS NUEVOS,Monto en Pesos,173139,2260684,,Salud,Salud y Servicios Sociales,Medicina,Técnico en Enfermería,Salud y Bienestar,Salud,NO ACREDITADA,ACREDITADA,04/11/2021 - 04/11/2026,5.0,153043,0,1
2025,2686089,I629S4C157J1V1,24951894.0,2,199807,25 a 29 años,2025,1,2025,1,Centros de Formación Técnica,Centros de Formación Técnica,Centros de Formación Técnica,629,CFT PUCV,4,CAMPUS QUILLOTA,157,TECNICO DE NIVEL SUPERIOR EN QUIMICA Y FARMACIA,Presencial,Diurna,1,Plan Regular,4,1,5,Valparaíso,QUILLOTA,QUILLOTA,Pregrado,Técnico de Nivel Superior,Carreras Técnicas,Educación Media,VIGENTE CON ALUMNOS NUEVOS,Monto en Pesos,198543,2168886,,Salud,Salud y Servicios Sociales,Medicina,Técnico en Farmacia,Salud y Bienestar,Salud,NO ACREDITADA,ACREDITADA,12/01/2022 - 12/01/2027,5.0,1084444,0,1
2025,3202194,I629S3C151J2V1,22620490.0,2,198403,40 y más años,2024,1,2024,1,Centros de Formación Técnica,Centros de Formación Técnica,Centros de Formación Técnica,629,CFT PUCV,3,SEDE VIÑA DEL MAR,151,TECNICO DE NIVEL SUPERIOR EN TRABAJO SOCIAL,Presencial,Vespertina,1,Plan Regular,4,1,5,Valparaíso,VALPARAISO,VIÑA DEL MAR,Pregrado,Técnico de Nivel Superior,Carreras Técnicas,Educación Media,VIGENTE CON ALUMNOS NUEVOS,Monto en Pesos,198543,1998725,,Ciencias Sociales,Salud y Servicios Sociales,Servicios Sociales,Técnico en Servicio Social,Salud y Bienestar,Bienestar,NO ACREDITADA,ACREDITADA,12/01/2022 - 12/01/2027,5.0,999362,0,1
2025,3897289,I129S1C5J1V2,21388780.0,2,200209,20 a 24 años,2025,1,2025,1,Institutos Profesionales,Institutos Profesionales,Institutos Profesionales,129,IP ESCUELA MODERNA DE MUSICA,1,CASA CENTRAL (SANTIAGO),5,INTERPRETE EN CANTO POPULAR,Presencial,Diurna,2,Plan Regular,8,2,8,Metropolitana,SANTIAGO,VITACURA,Pregrado,Profesional Sin Licenciatura,Carreras Profesionales,Educación Media,VIGENTE CON ALUMNOS NUEVOS,Monto en Pesos,260000,5259657,,Arte y Arquitectura,Humanidades y Artes,Artes,"Música, Canto o Danza",Artes y Humanidades,Artes,NO ACREDITADA,ACREDITADA,21/10/2021 - 21/10/2026,5.0,488201,0,1
2025,3996753,I312S1C86J4V3,20818227.0,2,198307,40 y más años,2025,1,2025,1,Centros de Formación Técnica,Centros de Formación Técnica,Centros de Formación Técnica,312,CFT CENCO,1,CASA CENTRAL (SANTIAGO),86,TECNICO DE NIVEL SUPERIOR EN GESTION DE INSTITUCIONES DE SALUD,No Presencial,A Distancia,3,Plan Especial,4,1,5,Metropolitana,SANTIAGO,SANTIAGO,Pregrado,Técnico de Nivel Superior,Carreras Técnicas,Educación Media,VIGENTE CON ALUMNOS NUEVOS,Monto en Pesos,88625,1063500,,Administración y Comercio,"Ciencias Sociales, Enseñanza Comercial y Derecho",Enseñanza Comercial y Administración,Técnico en Administración de Empresas,Administración de Empresas y Derecho,Educación Comercial y Administración,NO ACREDITADA,ACREDITADA,12/10/2022 - 12/10/2025,3.0,150000,0,1
2025,3375819,I218S1C158J1V2,19072739.0,1,200002,25 a 29 años,2024,1,2024,1,Centros de Formación Técnica,Centros de Formación Técnica,Centros de Formación Técnica,218,CFT DE ENAC,1,CASA CENTRAL (SANTIAGO),158,TECNICO EN INFORMATICA MENCION CIBERSEGURIDAD,Presencial,Diurna,2,Plan Regular,5,0,5,Metropolitana,SANTIAGO,SANTIAGO,Pregrado,Técnico de Nivel Superior,Carreras Técnicas,Educación Media,VIGENTE CON ALUMNOS NUEVOS,Monto en Pesos,60000,2372000,,Tecnología,Ciencias,Informática,Técnico en Computación e Informática,Tecnología de la Información y la Comunicación (TIC),Tecnología de la Información y la Comunicación (TIC),NO ACREDITADA,ACREDITADA,26/10/2022 - 26/10/2028,6.0,120000,0,1
2025,3368451,I218S1C58J2V2,23671306.0,2,198207,40 y más años,2024,1,2024,1,Centros de Formación Técnica,Centros de Formación Técnica,Centros de Formación Técnica,218,CFT DE ENAC,1,CASA CENTRAL (SANTIAGO),58,TECNICO EN EDUCACION ESPECIAL,Presencial,Vespertina,2,Plan Regular,5,0,5,Metropolitana,SANTIAGO,SANTIAGO,Pregrado,Técnico de Nivel Superior,Carreras Técnicas,Educación Media,VIGENTE CON ALUMNOS NUEVOS,Monto en Pesos,60000,1886000,,Educación,Educación,Formación de Personal Docente y Ciencias de la Educación,Técnico Asistente del Educador Diferencial,Educación,Educación,NO ACREDITADA,ACREDITADA,26/10/2022 - 26/10/2028,6.0,120000,0,1
2025,3352368,I171S1C28J4V1,26065289.0,1,199604,25 a 29 años,2025,1,2025,1,Institutos Profesionales,Institutos Profesionales,Institutos Profesionales,171,IP ESCUELA DE COMERCIO DE SANTIAGO,1,CASA CENTRAL (SANTIAGO),28,INGENIERIA EN LOGISTICA,No Presencial,A Distancia,1,Plan Regular,8,1,9,Metropolitana,SANTIAGO,SANTIAGO,Pregrado,Profesional Sin Licenciatura,Carreras Profesionales,Educación Media,VIGENTE CON ALUMNOS NUEVOS,Monto en Pesos,160000,1890000,,Administración y Comercio,"Ciencias Sociales, Enseñanza Comercial y Derecho",Enseñanza Comercial y Administración,Ingeniería en Logística,Administración de Empresas y Derecho,Educación Comercial y Administración,NO ACREDITADA,ACREDITADA,05/07/2023 - 05/07/2026,3.0,475000,0,1
2025,3993845,I171S1C39J4V1,17533675.0,1,197712,40 y más años,2024,2,2024,2,Institutos Profesionales,Institutos Profesionales,Institutos Profesionales,171,IP ESCUELA DE COMERCIO DE SANTIAGO,1,CASA CENTRAL (SANTIAGO),39,INGENIERIA EN ADMINISTRACION DE EMPRESAS,No Presencial,A Distancia,1,Plan Regular,8,1,9,Metropolitana,SANTIAGO,SANTIAGO,Pregrado,Profesional Sin Licenciatura,Carreras Profesionales,Educación Media,VIGENTE CON ALUMNOS NUEVOS,Monto en Pesos,160000,1890000,,Administración y Comercio,"Ciencias Sociales, Enseñanza Comercial y Derecho",Enseñanza Comercial y Administración,Administración de Empresas e Ing. Asociadas,Administración de Empresas y Derecho,Educación Comercial y Administración,NO ACREDITADA,ACREDITADA,05/07/2023 - 05/07/2026,3.0,475000,0,1
2025,3392394,I117S1C67J4V1,23441970.0,1,199605,25 a 29 años,2025,1,2025,1,Institutos Profesionales,Institutos Profesionales,Institutos Profesionales,117,IP IACC,1,CASA CENTRAL (SANTIAGO),67,INGENIERIA INDUSTRIAL,No Presencial,A Distancia,1,Plan Regular,8,1,8,Metropolitana,SANTIAGO,PROVIDENCIA,Pregrado,Profesional Sin Licenciatura,Carreras Profesionales,Educación Media,VIGENTE CON ALUMNOS NUEVOS,Monto en Pesos,100000,2210000,,Tecnología,"Ingeniería, Industria y Construcción",Ingeniería y Profesiones Afines,Ingeniería Industrial,"Ingeniería, Industria y Construcción",Ingeniería y Profesiones Afines,NO ACREDITADA,ACREDITADA,01/06/2022 - 01/06/2026,4.0,114000,0,5
2025,3985112,I117S1C101J4V1,22927617.0,2,198309,40 y más años,2021,1,2021,1,Institutos Profesionales,Institutos Profesionales,Institutos Profesionales,117,IP IACC,1,CASA CENTRAL (SANTIAGO),101,INGENIERIA EN GESTION DE CALIDAD Y AMBIENTE,No Presencial,A Distancia,1,Plan Regular,8,1,8,Metropolitana,SANTIAGO,PROVIDENCIA,Pregrado,Profesional Sin Licenciatura,Carreras Profesionales,Educación Media,VIGENTE CON ALUMNOS NUEVOS,Monto en Pesos,100000,2090000,,Administración y Comercio,"Ciencias Sociales, Enseñanza Comercial y Derecho",Enseñanza Comercial y Administración,Ingeniería en Gestión y Control de Calidad,Administración de Empresas y Derecho,Educación Comercial y Administración,NO ACREDITADA,ACREDITADA,01/06/2022 - 01/06/2026,4.0,114000,0,1
2025,3949260,I117S1C67J4V1,17986280.0,1,198711,35 a 39 años,2025,1,2025,1,Institutos Profesionales,Institutos Profesionales,Institutos Profesionales,117,IP IACC,1,CASA CENTRAL (SANTIAGO),67,INGENIERIA INDUSTRIAL,No Presencial,A Distancia,1,Plan Regular,8,1,8,Metropolitana,SANTIAGO,PROVIDENCIA,Pregrado,Profesional Sin Licenciatura,Carreras Profesionales,Educación Media,VIGENTE CON ALUMNOS NUEVOS,Monto en Pesos,100000,2210000,,Tecnología,"Ingeniería, Industria y Construcción",Ingeniería y Profesiones Afines,Ingeniería Industrial,"Ingeniería, Industria y Construcción",Ingeniería y Profesiones Afines,NO ACREDITADA,ACREDITADA,01/06/2022 - 01/06/2026,4.0,114000,0,1
2025,3942219,I143S6C26J2V2,17942088.0,1,198705,35 a 39 años,2022,1,2022,1,Institutos Profesionales,Institutos Profesionales,Institutos Profesionales,143,IP AIEP,6,SEDE VIÑA DEL MAR,26,TECNICO EN CONSTRUCCION,Presencial,Vespertina,2,Plan Regular,5,1,5,Valparaíso,VALPARAISO,VIÑA DEL MAR,Pregrado,Técnico de Nivel Superior,Carreras Técnicas,Educación Media,VIGENTE CON ALUMNOS NUEVOS,Monto en Pesos,230000,2420000,,Tecnología,"Ingeniería, Industria y Construcción",Arquitectura y Construcción,Técnico en Construcción y Obras Civiles,"Ingeniería, Industria y Construcción",Arquitectura y Construcción,NO ACREDITADA,ACREDITADA,23/11/2022 - 23/11/2027,5.0,678000,0,1
2025,3783044,I143S21C636J1V2,19373211.0,1,200511,15 a 19 años,2024,1,2024,1,Institutos Profesionales,Institutos Profesionales,Institutos Profesionales,143,IP AIEP,21,SEDE SAN FELIPE,636,TECNICO EN MECANICA AUTOMOTRIZ EN MAQUINARIA PESADA,Presencial,Diurna,2,Plan Regular,5,1,5,Valparaíso,SAN FELIPE DE ACONCAGUA,SAN FELIPE,Pregrado,Técnico de Nivel Superior,Carreras Técnicas,Educación Media,VIGENTE CON ALUMNOS NUEVOS,Monto en Pesos,230000,2630000,,Tecnología,"Ingeniería, Industria y Construcción",Ingeniería y Profesiones Afines,Técnico en Mecánica Automotriz,"Ingeniería, Industria y Construcción",Ingeniería y Profesiones Afines,NO ACREDITADA,ACREDITADA,23/11/2022 - 23/11/2027,5.0,736000,0,1
2025,3887764,I143S23C9J2V2,19415647.0,1,199712,25 a 29 años,2024,1,2024,1,Institutos Profesionales,Institutos Profesionales,Institutos Profesionales,143,IP AIEP,23,SEDE SAN JOAQUIN,9,CONTABILIDAD GENERAL,Presencial,Vespertina,2,Plan Regular,5,1,5,Metropolitana,SANTIAGO,SAN JOAQUIN,Pregrado,Técnico de Nivel Superior,Carreras Técnicas,Educación Media,VIGENTE CON ALUMNOS NUEVOS,Monto en Pesos,230000,2480000,,Administración y Comercio,"Ciencias Sociales, Enseñanza Comercial y Derecho",Enseñanza Comercial y Administración,Técnico en Contabilidad General,Administración de Empresas y Derecho,Educación Comercial y Administración,NO ACREDITADA,ACREDITADA,23/11/2022 - 23/11/2027,5.0,694000,0,1
2025,3766907,I143S2C34J2V1,17266932.0,1,198107,40 y más años,2024,1,2024,1,Institutos Profesionales,Institutos Profesionales,Institutos Profesionales,143,IP AIEP,2,SEDE ANTOFAGASTA,34,TECNICO EN ENFERMERIA,Presencial,Vespertina,1,Plan Regular,5,1,5,Antofagasta,ANTOFAGASTA,ANTOFAGASTA,Pregrado,Técnico de Nivel Superior,Carreras Técnicas,Educación Media,VIGENTE CON ALUMNOS NUEVOS,Monto en Pesos,230000,2790000,,Salud,Salud y Servicios Sociales,Medicina,Técnico en Enfermería,Salud y Bienestar,Salud,NO ACREDITADA,ACREDITADA,23/11/2022 - 23/11/2027,5.0,781000,0,1
2025,3757491,I143S22C95J1V1,23132605.0,1,198709,35 a 39 años,2022,1,2022,1,Institutos Profesionales,Institutos Profesionales,Institutos Profesionales,143,IP AIEP,22,SEDE TALCA,95,INGENIERIA EN ADMINISTRACION DE EMPRESAS,Presencial,Diurna,1,Plan Regular,8,1,8,Maule,TALCA,TALCA,Pregrado,Profesional Sin Licenciatura,Carreras Profesionales,Educación Media,VIGENTE CON ALUMNOS NUEVOS,Monto en Pesos,230000,2180000,,Administración y Comercio,"Ciencias Sociales, Enseñanza Comercial y Derecho",Enseñanza Comercial y Administración,Administración de Empresas e Ing. Asociadas,Administración de Empresas y Derecho,Educación Comercial y Administración,NO ACREDITADA,ACREDITADA,23/11/2022 - 23/11/2027,5.0,250000,0,1
2025,3762265,I143S17C690J1V1,18111395.0,2,200408,20 a 24 años,2025,1,2025,1,Institutos Profesionales,Institutos Profesionales,Institutos Profesionales,143,IP AIEP,17,SEDE LA SERENA,690,INGENIERIA EN MINAS,Presencial,Diurna,1,Plan Regular,8,1,8,Coquimbo,ELQUI,LA SERENA,Pregrado,Profesional Sin Licenciatura,Carreras Profesionales,Educación Media,VIGENTE CON ALUMNOS NUEVOS,Monto en Pesos,230000,2440000,,Tecnología,"Ingeniería, Industria y Construcción",Industria y Producción,Ingeniería en Minas,"Ingeniería, Industria y Construcción",Industria y Producción,NO ACREDITADA,ACREDITADA,23/11/2022 - 23/11/2027,5.0,250000,0,1
2025,3756226,I143S9C378J1V1,22126117.0,2,200212,20 a 24 años,2023,1,2023,1,Institutos Profesionales,Institutos Profesionales,Institutos Profesionales,143,IP AIEP,9,SEDE RANCAGUA,378,INGENIERIA EN MECANICA AUTOMOTRIZ Y AUTOTRONICA,Presencial,Diurna,1,Plan Regular,8,1,8,Lib. Gral. B. O'Higgins,CACHAPOAL,RANCAGUA,Pregrado,Profesional Sin Licenciatura,Carreras Profesionales,Educación Media,VIGENTE CON ALUMNOS NUEVOS,Monto en Pesos,230000,2450000,,Tecnología,"Ingeniería, Industria y Construcción",Ingeniería y Profesiones Afines,Ingeniería en Mecánica Automotriz,"Ingeniería, Industria y Construcción",Ingeniería y Profesiones Afines,NO ACREDITADA,ACREDITADA,23/11/2022 - 23/11/2027,5.0,250000,0,1
2025,2753570,I143S2C664J2V1,28345904.0,1,200211,20 a 24 años,2025,1,2025,1,Institutos Profesionales,Institutos Profesionales,Institutos Profesionales,143,IP AIEP,2,SEDE ANTOFAGASTA,664,INGENIERIA EN ELECTRICIDAD Y ENERGIAS RENOVABLES,Presencial,Vespertina,1,Plan Regular,8,1,8,Antofagasta,ANTOFAGASTA,ANTOFAGASTA,Pregrado,Profesional Sin Licenciatura,Carreras Profesionales,Educación Media,VIGENTE CON ALUMNOS NUEVOS,Monto en Pesos,230000,2380000,,Tecnología,"Ingeniería, Industria y Construcción",Ingeniería y Profesiones Afines,Ingeniería en Electricidad,"Ingeniería, Industria y Construcción",Ingeniería y Profesiones Afines,NO ACREDITADA,ACREDITADA,23/11/2022 - 23/11/2027,5.0,250000,0,6
2025,3470337,I430S36C42J1V2,22354186.0,1,200506,20 a 24 años,2025,1,2025,1,Centros de Formación Técnica,Centros de Formación Técnica,Centros de Formación Técnica,430,CFT INACAP,36,SEDE SANTIAGO SUR (MACUL),42,ANALISTA PROGRAMADOR,Presencial,Diurna,2,Plan Regular,4,0,4,Metropolitana,SANTIAGO,MACUL,Pregrado,Técnico de Nivel Superior,Carreras Técnicas,Educación Media,VIGENTE CON ALUMNOS NUEVOS,Monto en Pesos,295000,2882000,,Tecnología,Ciencias,Informática,Técnico en Computación e Informática,Tecnología de la Información y la Comunicación (TIC),Tecnología de la Información y la Comunicación (TIC),NO ACREDITADA,ACREDITADA,05/01/2018 - 05/01/2025,7.0,36000,0,5
2025,3445439,I430S12C42J1V2,24940494.0,2,198311,40 y más años,2025,1,2025,1,Centros de Formación Técnica,Centros de Formación Técnica,Centros de Formación Técnica,430,CFT INACAP,12,SEDE MAIPU,42,ANALISTA PROGRAMADOR,Presencial,Diurna,2,Plan Regular,4,0,4,Metropolitana,SANTIAGO,MAIPU,Pregrado,Técnico de Nivel Superior,Carreras Técnicas,Educación Media,VIGENTE CON ALUMNOS NUEVOS,Monto en Pesos,295000,2882000,,Tecnología,Ciencias,Informática,Técnico en Computación e Informática,Tecnología de la Información y la Comunicación (TIC),Tecnología de la Información y la Comunicación (TIC),NO ACREDITADA,ACREDITADA,05/01/2018 - 05/01/2025,7.0,36000,0,1
2025,2710717,I430S16C42J1V2,23959931.0,2,200602,15 a 19 años,2025,1,2025,1,Centros de Formación Técnica,Centros de Formación Técnica,Centros de Formación Técnica,430,CFT INACAP,16,SEDE RANCAGUA,42,ANALISTA PROGRAMADOR,Presencial,Diurna,2,Plan Regular,4,0,4,Lib. Gral. B. O'Higgins,CACHAPOAL,RANCAGUA,Pregrado,Técnico de Nivel Superior,Carreras Técnicas,Educación Media,VIGENTE CON ALUMNOS NUEVOS,Monto en Pesos,295000,2738000,,Tecnología,Ciencias,Informática,Técnico en Computación e Informática,Tecnología de la Información y la Comunicación (TIC),Tecnología de la Información y la Comunicación (TIC),NO ACREDITADA,ACREDITADA,05/01/2018 - 05/01/2025,7.0,36000,0,1
2025,3519902,I430S15C358J1V1,25496132.0,2,200012,20 a 24 años,2025,1,2025,1,Centros de Formación Técnica,Centros de Formación Técnica,Centros de Formación Técnica,430,CFT INACAP,15,SEDE SANTIAGO CENTRO,358,GESTION TURISTICA,Presencial,Diurna,1,Plan Regular,4,0,4,Metropolitana,SANTIAGO,SANTIAGO,Pregrado,Técnico de Nivel Superior,Carreras Técnicas,Educación Media,VIGENTE CON ALUMNOS NUEVOS,Monto en Pesos,295000,2705000,,Administración y Comercio,Servicios,Servicios Personales,Técnico en Turismo y Hotelería,Servicios,Servicios personales,NO ACREDITADA,ACREDITADA,05/01/2018 - 05/01/2025,7.0,36000,0,1
2025,2711589,I430S16C330J2V1,20845340.0,2,200602,15 a 19 años,2025,1,2025,1,Centros de Formación Técnica,Centros de Formación Técnica,Centros de Formación Técnica,430,CFT INACAP,16,SEDE RANCAGUA,330,GASTRONOMIA,Presencial,Vespertina,1,Plan Regular,4,0,4,Lib. Gral. B. O'Higgins,CACHAPOAL,RANCAGUA,Pregrado,Técnico de Nivel Superior,Carreras Técnicas,Educación Media,VIGENTE CON ALUMNOS NUEVOS,Monto en Pesos,295000,3663000,,Administración y Comercio,Servicios,Servicios Personales,Técnico en Gastronomía y Cocina,Servicios,Servicios personales,NO ACREDITADA,ACREDITADA,05/01/2018 - 05/01/2025,7.0,36000,0,1
2025,3494576,I100S31C176J2V1,22772871.0,1,199704,25 a 29 años,2023,1,2025,1,Institutos Profesionales,Institutos Profesionales,Institutos Profesionales,100,IP INACAP,31,SEDE CHILLAN,176,CONSTRUCCION CIVIL,Presencial,Vespertina,1,Plan Regular,8,0,8,Ñuble,DIGUILLIN,CHILLAN,Pregrado,Profesional Sin Licenciatura,Carreras Profesionales,Educación Media,VIGENTE CON ALUMNOS NUEVOS,Monto en Pesos,295000,3013000,,Tecnología,"Ingeniería, Industria y Construcción",Arquitectura y Construcción,Construcción Civil,"Ingeniería, Industria y Construcción",Arquitectura y Construcción,NO ACREDITADA,ACREDITADA,06/09/2023 - 06/09/2030,7.0,36000,0,11
2025,3488489,I100S35C304J1V1,17994845.0,1,200502,20 a 24 años,2023,1,2025,1,Institutos Profesionales,Institutos Profesionales,Institutos Profesionales,100,IP INACAP,35,SEDE CURICO,304,INGENIERIA EN MECANICA Y ELECTROMOVILIDAD AUTOMOTRIZ,Presencial,Diurna,1,Plan Regular,8,0,8,Maule,CURICO,CURICO,Pregrado,Profesional Sin Licenciatura,Carreras Profesionales,Educación Media,VIGENTE CON ALUMNOS NUEVOS,Monto en Pesos,295000,3174000,,Tecnología,"Ingeniería, Industria y Construcción",Ingeniería y Profesiones Afines,Ingeniería en Mecánica Automotriz,"Ingeniería, Industria y Construcción",Ingeniería y Profesiones Afines,NO ACREDITADA,ACREDITADA,06/09/2023 - 06/09/2030,7.0,36000,0,4
2025,3572226,I100S33C304J1V1,20299747.0,2,200604,15 a 19 años,2024,1,2024,1,Institutos Profesionales,Institutos Profesionales,Institutos Profesionales,100,IP INACAP,33,SEDE CONCEPCION - TALCAHUANO,304,INGENIERIA EN MECANICA Y ELECTROMOVILIDAD AUTOMOTRIZ,Presencial,Diurna,1,Plan Regular,8,0,8,Biobío,CONCEPCION,TALCAHUANO,Pregrado,Profesional Sin Licenciatura,Carreras Profesionales,Educación Media,VIGENTE CON ALUMNOS NUEVOS,Monto en Pesos,295000,3174000,,Tecnología,"Ingeniería, Industria y Construcción",Ingeniería y Profesiones Afines,Ingeniería en Mecánica Automotriz,"Ingeniería, Industria y Construcción",Ingeniería y Profesiones Afines,NO ACREDITADA,ACREDITADA,06/09/2023 - 06/09/2030,7.0,36000,0,1
2025,3523234,I100S24C304J1V1,23645605.0,1,198110,40 y más años,2024,1,2024,1,Institutos Profesionales,Institutos Profesionales,Institutos Profesionales,100,IP INACAP,24,SEDE VALPARAISO,304,INGENIERIA EN MECANICA Y ELECTROMOVILIDAD AUTOMOTRIZ,Presencial,Diurna,1,Plan Regular,8,0,8,Valparaíso,VALPARAISO,VALPARAISO,Pregrado,Profesional Sin Licenciatura,Carreras Profesionales,Educación Media,VIGENTE CON ALUMNOS NUEVOS,Monto en Pesos,295000,3174000,,Tecnología,"Ingeniería, Industria y Construcción",Ingeniería y Profesiones Afines,Ingeniería en Mecánica Automotriz,"Ingeniería, Industria y Construcción",Ingeniería y Profesiones Afines,NO ACREDITADA,ACREDITADA,06/09/2023 - 06/09/2030,7.0,36000,0,1
